ResponseId,Q8_1Fa_1,Q8_2Kn_1,Q9_1Ge,Q9_2Age,Q9_3Em,Q9_4Ch,Q9_6Ed,Q9_7In,Q9_8He,Q9_9Po,region
R_2SDANhBDtuou3OJ,7,4,Kvinde,2005,Deltidsarbejde,0,Gymnasial uddannelse,1.000.000 - 1.499.999 DKK om året,Godt,4171,Region Sjælland
R_8fB6Gib4iIR7zR8,1,1,Kvinde,1998,Studerende,0,Gymnasial uddannelse,Foretrækker ikke at sige  ,Godt,6000,Region Syddanmark
R_24udw4nO1F1VNwi,3,3,Mand,1967,Fuldtidsarbejde,0,Erhvervsuddannelse eller lignende,1.000.000 - 1.499.999 DKK om året,Godt,3650,Region Hovedstaden
R_2qeWmXNGw34rnoB,3,3,Kvinde,1967,Andet ,0,Kandidatgrad,Mere end 1.500.000 DKK om året,Moderat ,8000,Region Midtjylland
R_2nHVxzybAu5DemJ,3,1,Kvinde,1989,Deltidsarbejde,2,Bachelorgrad,375.000 - 564.999 DKK om året,Godt,,
R_8jv6JUC9PyMZJCD,4,3,Mand,1966,Fuldtidsarbejde,0,Folkeskole ,Foretrækker ikke at sige  ,Moderat ,4736,Region Sjælland
R_81H0P23MXzR1mzF,4,4,Kvinde,2003,Fuldtidsarbejde,0,Gymnasial uddannelse,Mindre end 185.000 DKK om året,Godt,2200,Region Hovedstaden
R_2UeVYdULGWF9X4i,5,4,Kvinde,1967,Deltidsarbejde,0,Erhvervsuddannelse eller lignende,185.000 - 374.999 DKK om året,Moderat ,2100,Region Hovedstaden
R_8eCR2vE0LpJGoZQ,3,3,Mand,1953,Pensioneret,0,Bachelorgrad,185.000 - 374.999 DKK om året,Godt,2100,Region Hovedstaden
R_2GvOL5W160ovAcv,2,2,Kvinde,1968,Deltidsarbejde,0,Bachelorgrad,185.000 - 374.999 DKK om året,Godt,3460,Region Hovedstaden
R_8gIWDx7SUPgXYu2,4,4,Kvinde,1964,Hjemmegående,0,Kandidatgrad,Foretrækker ikke at sige  ,Dårligt,4700,Region Sjælland
R_2uCdEKKHHadYzx8,5,5,Mand,1966,Deltidsarbejde,0,Erhvervsuddannelse eller lignende,375.000 - 564.999 DKK om året,Moderat ,8940,Region Midtjylland
R_2X095LwYSW6nONK,5,4,Kvinde,1981,Fuldtidsarbejde,0,Bachelorgrad,375.000 - 564.999 DKK om året,Moderat ,2400,Region Hovedstaden
R_8dlLzs08H0K8wnv,7,5,Kvinde,1967,Fuldtidsarbejde,0,Gymnasial uddannelse,375.000 - 564.999 DKK om året,Meget godt,5500,Region Syddanmark
R_2fK37fJsUPdL2Jo,6,5,Mand,1967,Fuldtidsarbejde,0,Kandidatgrad,1.000.000 - 1.499.999 DKK om året,Moderat ,3450,Region Hovedstaden
R_8Pz2LRztR5QI9Qo,5,3,Kvinde,2003,Studerende,0,Gymnasial uddannelse,Foretrækker ikke at sige  ,Moderat ,2620,Region Hovedstaden
R_2MVIPyp1o3saifn,5,5,Mand,1954,Pensioneret,0,Folkeskole ,375.000 - 564.999 DKK om året,Meget godt,2720,Region Hovedstaden
R_83hTgucldhNOWHv,5,4,Mand,1965,Fuldtidsarbejde,0,Folkeskole ,750.000 - 999.999 DKK om året,Godt,6920,Region Midtjylland
R_8EKiOst39bAVMMo,2,2,Mand,1968,Fuldtidsarbejde,0,Erhvervsuddannelse eller lignende,1.000.000 - 1.499.999 DKK om året,Godt,4300,Region Sjælland
R_8qyiBJBVielvuOJ,3,3,Mand,1988,Fuldtidsarbejde,3,Kandidatgrad,1.000.000 - 1.499.999 DKK om året,Godt,8382,Region Midtjylland
R_2kU9q2rNXfyl0Mp,6,6,Mand,1982,Fuldtidsarbejde,2,Bachelorgrad,750.000 - 999.999 DKK om året,Meget godt,5500,Region Syddanmark
R_8O24ULnTTTFqT6x,5,3,Kvinde,1957,Pensioneret,0,Bachelorgrad,565.000 - 749.999 DKK om året,Meget godt,8420,Region Midtjylland
R_880xDPaUwDvWxbz,7,6,Kvinde,1953,Pensioneret,0,Erhvervsuddannelse eller lignende,Foretrækker ikke at sige  ,Godt,2620,Region Hovedstaden
R_8eQI5JBnfGsogwD,5,5,Mand,1967,Fuldtidsarbejde,2,Kandidatgrad,1.000.000 - 1.499.999 DKK om året,Meget godt,2730,Region Hovedstaden
R_2pGVadWriW5Ollb,4,4,Kvinde,1988,Fuldtidsarbejde,3,PhD,1.000.000 - 1.499.999 DKK om året,Meget godt,4000,Region Sjælland
R_2PyVA8NiseC7opf,3,3,Mand,1992,Studerende,0,Erhvervsuddannelse eller lignende,Foretrækker ikke at sige  ,Godt,6880,Region Midtjylland
R_2G0CbsqSEhLF3cl,3,3,Mand,1988,Fuldtidsarbejde,1,Erhvervsuddannelse eller lignende,750.000 - 999.999 DKK om året,Meget godt,2000,Region Hovedstaden
R_8YCQxOTUs7KU59f,4,3,Kvinde,1962,Fuldtidsarbejde,0,Bachelorgrad,Foretrækker ikke at sige  ,Godt,4100,Region Sjælland
R_80HL4IlsYL2TZIs,5,5,Kvinde,1966,Fuldtidsarbejde,0,Bachelorgrad,Foretrækker ikke at sige  ,Godt,5330,Region Syddanmark
R_27gtJMUcdx3CBxa,6,6,Mand,1965,Fuldtidsarbejde,1,Kandidatgrad,Mere end 1.500.000 DKK om året,Meget godt,9510,Region Nordjylland
R_2Pv3K5vKJvuCzO4,2,3,Mand,1950,Pensioneret,0,Erhvervsuddannelse eller lignende,185.000 - 374.999 DKK om året,Moderat ,6880,Region Midtjylland
R_2dN0QOjFJOhZFC2,3,2,Kvinde,1967,Fuldtidsarbejde,0,Gymnasial uddannelse,375.000 - 564.999 DKK om året,Godt,4850,Region Sjælland
R_8EOH7avLINr8iel,7,4,Mand,1986,Fuldtidsarbejde,1,Erhvervsuddannelse eller lignende,375.000 - 564.999 DKK om året,Moderat ,5600,Region Syddanmark
R_2YSsevCtZfXZm4e,2,2,Mand,1949,Pensioneret,0,Kandidatgrad,Foretrækker ikke at sige  ,Meget godt,8310,Region Midtjylland
R_2ZCCiuqZ8zOLCBj,3,1,Kvinde,1980,Pensioneret,1,Erhvervsuddannelse eller lignende,565.000 - 749.999 DKK om året,Dårligt,4990,Region Sjælland
R_8hAXlYvQGiZMkKz,3,3,Mand,1983,Fuldtidsarbejde,0,Erhvervsuddannelse eller lignende,Foretrækker ikke at sige  ,Godt,7100,Region Syddanmark
R_2byCkLFPoUyc45b,5,5,Kvinde,1968,Fuldtidsarbejde,0,Kandidatgrad,Mere end 1.500.000 DKK om året,Meget godt,2830,Region Hovedstaden
R_8j8wSDH4PBAMwxQ,6,5,Mand,1968,Andet ,0,Bachelorgrad,Mindre end 185.000 DKK om året,Godt,9400,Region Nordjylland
R_2RRrUYjvWncausl,4,4,Kvinde,1950,Pensioneret,0,Bachelorgrad,185.000 - 374.999 DKK om året,Moderat ,2100,Region Hovedstaden
R_2QKQyYgU9qUyaw1,3,1,Mand,1957,Pensioneret,0,Erhvervsuddannelse eller lignende,185.000 - 374.999 DKK om året,Godt,5600,Region Syddanmark
R_21BsPg8aIAbgtUg,6,4,Kvinde,1967,Fuldtidsarbejde,0,Bachelorgrad,750.000 - 999.999 DKK om året,Godt,5260,Region Syddanmark
R_8qsuZ0ac2kFuyL7,2,1,Kvinde,1993,Studerende,2,Bachelorgrad,375.000 - 564.999 DKK om året,Moderat ,1429,Region Hovedstaden
R_2M9UxjfG5o45tv2,4,2,Mand,1968,Fuldtidsarbejde,0,Bachelorgrad,750.000 - 999.999 DKK om året,Moderat ,7000,Region Syddanmark
R_2qUrHq6UrWlWUct,7,5,Kvinde,1952,Pensioneret,0,Erhvervsuddannelse eller lignende,185.000 - 374.999 DKK om året,Meget godt,8700,Region Midtjylland
R_2D7Av2wTh298Pp9,3,3,Mand,1985,Fuldtidsarbejde,2,Bachelorgrad,1.000.000 - 1.499.999 DKK om året,Godt,2200,Region Hovedstaden
R_2QDK0Sv6Nx6QYgs,4,2,Mand,1950,Pensioneret,0,Erhvervsuddannelse eller lignende,Foretrækker ikke at sige  ,Moderat ,4230,Region Sjælland
R_8rIFXE53CdctHBY,4,3,Kvinde,1967,Fuldtidsarbejde,0,Bachelorgrad,Mere end 1.500.000 DKK om året,Godt,2800,Region Hovedstaden
R_8RdpoDsLzkD3Lko,3,3,Mand,1986,Fuldtidsarbejde,3,Kandidatgrad,1.000.000 - 1.499.999 DKK om året,Godt,2100,Region Hovedstaden
R_2f2PmIK8GH1DpjN,4,4,Kvinde,1966,Fuldtidsarbejde,0,Erhvervsuddannelse eller lignende,Foretrækker ikke at sige  ,Godt,6520,Region Syddanmark
R_8Vrt54on2aXghjU,5,5,Mand,1965,Fuldtidsarbejde,0,Erhvervsuddannelse eller lignende,375.000 - 564.999 DKK om året,Meget godt,2500,Region Hovedstaden
R_84c1NMej8wRKcpl,5,5,Kvinde,1956,Pensioneret,0,Erhvervsuddannelse eller lignende,185.000 - 374.999 DKK om året,Moderat ,4450,Region Sjælland
R_2SkKKaNQFsexB2I,4,4,Kvinde,,Studerende,1,Gymnasial uddannelse,Mindre end 185.000 DKK om året,Godt,2750,Region Hovedstaden
R_2TEBTZA5k4VlkT7,3,5,Kvinde,2002,Fuldtidsarbejde,0,Gymnasial uddannelse,750.000 - 999.999 DKK om året,Godt,4470,Region Sjælland
R_2PWTgsAqg3nDfE0,6,5,Mand,1955,Pensioneret,0,Bachelorgrad,750.000 - 999.999 DKK om året,Godt,5800,Region Syddanmark
R_2OasgaxlT0AsNWx,5,4,Mand,1955,Deltidsarbejde,0,Bachelorgrad,375.000 - 564.999 DKK om året,Moderat ,2820,Region Hovedstaden
R_8kPUY9EG9jJu5vX,4,1,Mand,2000,Fuldtidsarbejde,0,Gymnasial uddannelse,185.000 - 374.999 DKK om året,Godt,6000,Region Syddanmark
R_8Sw2jhFuATdRuMy,4,3,Kvinde,1966,Deltidsarbejde,0,Erhvervsuddannelse eller lignende,375.000 - 564.999 DKK om året,Moderat ,6340,Region Syddanmark
R_8eODGNUKSirKGrH,5,5,Mand,1951,Pensioneret,0,Kandidatgrad,750.000 - 999.999 DKK om året,Godt,8210,Region Midtjylland
R_8Kx7MCTYr6UmMtS,6,6,Mand,1952,Andet ,0,PhD,375.000 - 564.999 DKK om året,Meget godt,8600,Region Midtjylland
R_2HTTVBUZVm9MELd,5,4,Kvinde,1981,Deltidsarbejde,0,Erhvervsuddannelse eller lignende,565.000 - 749.999 DKK om året,Moderat ,4623,Region Sjælland
R_2nuRHpiKLvgyI4X,6,4,Kvinde,1966,Deltidsarbejde,0,Bachelorgrad,Foretrækker ikke at sige  ,Moderat ,5000,Region Syddanmark
R_2R4RV8KdJrgzeV2,3,3,Mand,1953,Pensioneret,0,Erhvervsuddannelse eller lignende,185.000 - 374.999 DKK om året,Moderat ,4600,Region Sjælland
R_2DfFBeu4i6plu5X,6,6,Kvinde,1987,Hjemmegående,1,Kandidatgrad,185.000 - 374.999 DKK om året,Godt,5690,Region Syddanmark
R_2WV8zSmKH2JZxaV,6,5,Mand,1950,Pensioneret,0,Bachelorgrad,375.000 - 564.999 DKK om året,Godt,8940,Region Midtjylland
R_8NcbbHb0NA7klfb,4,4,Mand,1958,Andet ,0,Gymnasial uddannelse,Foretrækker ikke at sige  ,Godt,7100,Region Syddanmark
R_2voNfeu0nDTQE9j,6,6,Mand,1956,Deltidsarbejde,0,Bachelorgrad,375.000 - 564.999 DKK om året,Meget godt,5600,Region Syddanmark
R_2VZCFCinK2h0QNj,6,5,Kvinde,1961,Pensioneret,0,Erhvervsuddannelse eller lignende,Mindre end 185.000 DKK om året,Dårligt,5200,Region Syddanmark
R_8ThO5gG666y42fD,3,4,Kvinde,1955,Pensioneret,0,Bachelorgrad,185.000 - 374.999 DKK om året,Moderat ,8900,Region Midtjylland
R_2suG5ngA2z8y2dD,2,2,Kvinde,1980,Fuldtidsarbejde,1,Erhvervsuddannelse eller lignende,Foretrækker ikke at sige  ,Godt,2630,Region Hovedstaden
R_2CjnrSKOxg4nxSh,3,2,Mand,1969,Fuldtidsarbejde,0,Erhvervsuddannelse eller lignende,750.000 - 999.999 DKK om året,Moderat ,7171,Region Midtjylland
R_2nTJQtEKqPCwUlJ,5,5,Mand,1953,Pensioneret,0,Bachelorgrad,375.000 - 564.999 DKK om året,Godt,6091,Region Syddanmark
R_8dEJ3fhecjVQSpr,4,4,Mand,1968,Fuldtidsarbejde,0,Gymnasial uddannelse,185.000 - 374.999 DKK om året,Dårligt,7900,Region Nordjylland
R_2neCuaOyO1d67Ep,5,4,Kvinde,1967,Fuldtidsarbejde,0,Kandidatgrad,Foretrækker ikke at sige  ,Meget godt,5250,Region Syddanmark
R_8ZKtC1jmoKTTQEp,4,2,Mand,1964,Fuldtidsarbejde,0,Erhvervsuddannelse eller lignende,750.000 - 999.999 DKK om året,Meget godt,8240,Region Midtjylland
R_2l438BM3GiMXd9D,6,5,Kvinde,1991,Fuldtidsarbejde,0,Bachelorgrad,750.000 - 999.999 DKK om året,Meget godt,2500,Region Hovedstaden
R_2nOdqEJtVraDVLG,6,4,Kvinde,1953,Pensioneret,0,Bachelorgrad,375.000 - 564.999 DKK om året,Moderat ,3520,Region Hovedstaden
R_8QFpnihbIO05QrN,5,5,Mand,1965,Fuldtidsarbejde,0,Erhvervsuddannelse eller lignende,Foretrækker ikke at sige  ,Moderat ,9400,Region Nordjylland
R_82gMsGeIZooxkzg,5,5,Mand,1949,Pensioneret,0,Bachelorgrad,185.000 - 374.999 DKK om året,Godt,3600,Region Hovedstaden
R_27O6oUvwirc9Jy9,1,1,Kvinde,1965,Pensioneret,0,Erhvervsuddannelse eller lignende,185.000 - 374.999 DKK om året,Moderat ,2650,Region Hovedstaden
R_8SAoVkGBSwnJl78,5,3,Mand,1996,Andet ,0,Bachelorgrad,Mindre end 185.000 DKK om året,Moderat ,8000,Region Midtjylland
R_8gPz6Ug9j6jKGf7,5,4,Kvinde,2001,Deltidsarbejde,0,Folkeskole ,185.000 - 374.999 DKK om året,Dårligt,9220,Region Nordjylland
R_2Pq9aM8oj2iC46q,3,2,Mand,1989,Fuldtidsarbejde,1,Bachelorgrad,1.000.000 - 1.499.999 DKK om året,Godt,1800,Region Hovedstaden
R_2LZm7dmwGqPvVfx,2,1,Mand,1968,Fuldtidsarbejde,0,Bachelorgrad,1.000.000 - 1.499.999 DKK om året,Godt,2660,Region Hovedstaden
R_27jQKL9X0FuW4LZ,6,4,Mand,1967,Fuldtidsarbejde,2,Erhvervsuddannelse eller lignende,Foretrækker ikke at sige  ,Godt,7430,Region Midtjylland
R_8Cc03CgrCUtb2p3,4,4,Kvinde,1990,Fuldtidsarbejde,0,Bachelorgrad,750.000 - 999.999 DKK om året,Godt,5000,Region Syddanmark
R_8KOVBuyPYZJ5vBk,4,3,Kvinde,1999,Arbejdsløs og på udkig efter arbejde,0,Erhvervsuddannelse eller lignende,Mindre end 185.000 DKK om året,Meget godt,9000,Region Nordjylland
R_8y8f4bRXmQdJJny,5,2,Mand,1969,Fuldtidsarbejde,0,Erhvervsuddannelse eller lignende,375.000 - 564.999 DKK om året,Godt,5240,Region Syddanmark
R_8vldSdbQD1XFu9m,2,2,Mand,1988,Fuldtidsarbejde,1,Erhvervsuddannelse eller lignende,375.000 - 564.999 DKK om året,Meget godt,4660,Region Sjælland
R_2g58vCdA7qIAaFi,5,6,Mand,2001,Arbejdsløs og på udkig efter arbejde,0,Bachelorgrad,375.000 - 564.999 DKK om året,Godt,4100,Region Sjælland
R_8m8J1hqTUYDDWHW,6,4,Kvinde,1984,Fuldtidsarbejde,2,Bachelorgrad,1.000.000 - 1.499.999 DKK om året,Godt,5000,Region Syddanmark
R_8wLkFPAdw6nU2Lj,2,2,Mand,1949,Pensioneret,0,Bachelorgrad,185.000 - 374.999 DKK om året,Meget godt,2640,Region Hovedstaden
R_8nV4KQHYoGGz8uw,5,3,Kvinde,1967,Deltidsarbejde,0,Bachelorgrad,Foretrækker ikke at sige  ,Moderat ,5700,Region Syddanmark
R_2cimWwy50LMqfuO,3,3,Mand,1960,Fuldtidsarbejde,0,Kandidatgrad,Foretrækker ikke at sige  ,Godt,5700,Region Syddanmark
R_2DS4djFUr3qdkTe,4,4,Kvinde,1966,Fuldtidsarbejde,0,Bachelorgrad,Foretrækker ikke at sige  ,Meget godt,9000,Region Nordjylland
R_8TtL58KLMOKO6LK,3,3,Mand,1967,Fuldtidsarbejde,1,Gymnasial uddannelse,565.000 - 749.999 DKK om året,Godt,8310,Region Midtjylland
R_8AMh0KWkUC5p7LH,2,4,Kvinde,2001,Studerende,0,Gymnasial uddannelse,Mindre end 185.000 DKK om året,Godt,8000,Region Midtjylland
R_8OquY65lVj3GADn,3,2,Mand,1981,Fuldtidsarbejde,2,Kandidatgrad,375.000 - 564.999 DKK om året,Godt,3670,Region Hovedstaden
R_2iapMvrx7GKsmJP,4,4,Kvinde,1995,Studerende,1,Erhvervsuddannelse eller lignende,375.000 - 564.999 DKK om året,Godt,8700,Region Midtjylland
R_2kDEZR4gMCpKnbH,5,5,Kvinde,1967,Fuldtidsarbejde,0,Bachelorgrad,Foretrækker ikke at sige  ,Meget godt,4600,Region Sjælland
R_8IN7f2YirTh2H7Y,5,4,Mand,1956,Pensioneret,0,Erhvervsuddannelse eller lignende,565.000 - 749.999 DKK om året,Godt,4733,Region Sjælland
R_2C0goV9Ln7aXAsh,6,5,Kvinde,1966,Fuldtidsarbejde,0,Kandidatgrad,1.000.000 - 1.499.999 DKK om året,Meget godt,7100,Region Syddanmark
R_2qC8Dcptc8sJFQr,3,4,Kvinde,2005,Studerende,0,Gymnasial uddannelse,185.000 - 374.999 DKK om året,Meget godt,7100,Region Syddanmark
R_2jynybiqSYJiUmt,5,4,Kvinde,1955,Pensioneret,0,Kandidatgrad,Foretrækker ikke at sige  ,Godt,8300,Region Midtjylland
R_2TpM1GE2Ax8gnGF,5,3,Kvinde,1985,Pensioneret,0,Folkeskole ,185.000 - 374.999 DKK om året,Dårligt,4700,Region Sjælland
R_2GexWLNVF96VshU,4,3,Kvinde,1993,Fuldtidsarbejde,1,Bachelorgrad,1.000.000 - 1.499.999 DKK om året,Godt,1553,Region Hovedstaden
R_2sYc44E703PMXBy,2,1,Kvinde,1968,Fuldtidsarbejde,0,Bachelorgrad,Foretrækker ikke at sige  ,Godt,8541,Region Midtjylland
R_2pc0CAdOJzNhPU8,5,5,Kvinde,2000,Fuldtidsarbejde,0,Gymnasial uddannelse,185.000 - 374.999 DKK om året,Godt,8230,Region Midtjylland
R_84o7pdlJjpKYM9O,2,2,Mand,1965,Fuldtidsarbejde,1,Erhvervsuddannelse eller lignende,375.000 - 564.999 DKK om året,Moderat ,9700,Region Nordjylland
R_82RXIvFoSxmTPYu,5,5,Kvinde,1967,Fuldtidsarbejde,0,Erhvervsuddannelse eller lignende,Foretrækker ikke at sige  ,Moderat ,7700,Region Nordjylland
R_2IHrKWoV1Vu7inC,5,5,Mand,1977,Fuldtidsarbejde,3,Bachelorgrad,Foretrækker ikke at sige  ,Godt,9400,Region Nordjylland
R_83gjmJpMp7Y0ko0,5,4,Kvinde,1965,Fuldtidsarbejde,0,Erhvervsuddannelse eller lignende,750.000 - 999.999 DKK om året,Meget godt,9220,Region Nordjylland
R_8M4BlEB7AoGdYqq,4,3,Kvinde,1999,Fuldtidsarbejde,0,Bachelorgrad,750.000 - 999.999 DKK om året,Godt,8260,Region Midtjylland
R_2wFSrbYsAqYZPuA,6,6,Mand,1986,Fuldtidsarbejde,3,Kandidatgrad,1.000.000 - 1.499.999 DKK om året,Godt,2300,Region Hovedstaden
R_2VkckLEgxPF44KU,4,4,Mand,1975,Fuldtidsarbejde,0,Erhvervsuddannelse eller lignende,375.000 - 564.999 DKK om året,Moderat ,2500,Region Hovedstaden
R_80NerwBWp2Js9iX,5,3,Mand,1992,Studerende,2,Erhvervsuddannelse eller lignende,565.000 - 749.999 DKK om året,Godt,4000,Region Sjælland
R_8ZV97U0XcqbphBV,7,4,Mand,1989,Studerende,0,Gymnasial uddannelse,185.000 - 374.999 DKK om året,Meget godt,5000,Region Syddanmark
R_2qESXWp7oimR1u0,4,4,Mand,1992,Fuldtidsarbejde,0,Erhvervsuddannelse eller lignende,750.000 - 999.999 DKK om året,Godt,2770,Region Hovedstaden
R_2awsrhWvxiDeIA5,7,7,Kvinde,1994,Fuldtidsarbejde,2,Kandidatgrad,750.000 - 999.999 DKK om året,Moderat ,2100,Region Hovedstaden
R_8hFmwgF5KXrK4Ak,5,4,Mand,1949,Pensioneret,0,Erhvervsuddannelse eller lignende,375.000 - 564.999 DKK om året,Godt,4180,Region Sjælland
R_8pQ2gVyVmjNQ9EO,4,2,Kvinde,1994,Fuldtidsarbejde,0,Kandidatgrad,Foretrækker ikke at sige  ,Godt,3500,Region Hovedstaden
R_2gLwVjYmiJbN3rK,4,4,Mand,1993,Studerende,0,Erhvervsuddannelse eller lignende,185.000 - 374.999 DKK om året,Godt,5000,Region Syddanmark
R_2ocja4C9vtFKBP5,4,3,Mand,1975,Fuldtidsarbejde,3,Erhvervsuddannelse eller lignende,750.000 - 999.999 DKK om året,Godt,6400,Region Syddanmark
R_8KIbpRJlcPfZJ3S,7,7,Kvinde,2004,Fuldtidsarbejde,0,Bachelorgrad,1.000.000 - 1.499.999 DKK om året,Meget godt,2300,Region Hovedstaden
R_2Rwr0AmA9AdBPij,2,1,Mand,1989,Fuldtidsarbejde,1,Bachelorgrad,750.000 - 999.999 DKK om året,Moderat ,2450,Region Hovedstaden
R_8KkVuINiQpxZ6Pn,2,1,Mand,1956,Fuldtidsarbejde,0,Erhvervsuddannelse eller lignende,Foretrækker ikke at sige  ,Godt,8920,Region Midtjylland
R_2g0zIWmx8p6VIeQ,6,5,Kvinde,1959,Pensioneret,0,Bachelorgrad,375.000 - 564.999 DKK om året,Godt,2760,Region Hovedstaden
R_4V3wcH5A02shzRT,3,3,Kvinde,1967,Deltidsarbejde,0,Bachelorgrad,750.000 - 999.999 DKK om året,Moderat ,3320,Region Hovedstaden
R_8m9wYaxGjAwrBy8,5,2,Mand,1955,Pensioneret,0,Erhvervsuddannelse eller lignende,185.000 - 374.999 DKK om året,Meget godt,6950,Region Midtjylland
R_2Qvy0VT1uJLco9j,2,1,Mand,1966,Deltidsarbejde,0,Folkeskole ,565.000 - 749.999 DKK om året,Dårligt,6070,Region Syddanmark
R_2aRG58ttI914WIu,2,3,Mand,1967,Fuldtidsarbejde,0,Gymnasial uddannelse,1.000.000 - 1.499.999 DKK om året,Godt,8660,Region Midtjylland
R_8oRydxASCYAJRYk,6,5,Mand,1951,Pensioneret,0,Bachelorgrad,185.000 - 374.999 DKK om året,Godt,2610,Region Hovedstaden
R_8SFwAyBVBeJtCgN,5,5,Kvinde,1962,Fuldtidsarbejde,0,Bachelorgrad,750.000 - 999.999 DKK om året,Moderat ,2670,Region Sjælland
R_2cbdGs9134x5ulz,4,3,Mand,1976,Fuldtidsarbejde,0,Kandidatgrad,565.000 - 749.999 DKK om året,Moderat ,4000,Region Sjælland
R_2fqeRL1f7H5NCl3,4,4,Mand,1988,Fuldtidsarbejde,1,Folkeskole ,750.000 - 999.999 DKK om året,Godt,6400,Region Syddanmark
R_2pa7ALB1vSztqd3,5,4,Kvinde,1981,Fuldtidsarbejde,0,Kandidatgrad,375.000 - 564.999 DKK om året,Godt,2100,Region Hovedstaden
R_8CTExWPCZOujhLg,2,3,Kvinde,2002,Studerende,0,Gymnasial uddannelse,185.000 - 374.999 DKK om året,Moderat ,5800,Region Syddanmark
R_2oBdvdpai2jrIxa,2,3,Mand,1981,Fuldtidsarbejde,2,Erhvervsuddannelse eller lignende,750.000 - 999.999 DKK om året,Moderat ,8310,Region Midtjylland
R_8WQWDfpPsECW3yV,3,3,Mand,1965,Fuldtidsarbejde,0,Erhvervsuddannelse eller lignende,375.000 - 564.999 DKK om året,Godt,4760,Region Sjælland
R_2nBjAdaTpl8tgbq,3,3,Mand,1966,Fuldtidsarbejde,0,Bachelorgrad,Foretrækker ikke at sige  ,Godt,3400,Region Hovedstaden
R_8syPmYJMrqenU6i,3,2,Kvinde,1982,Fuldtidsarbejde,1,Erhvervsuddannelse eller lignende,Foretrækker ikke at sige  ,Godt,2640,Region Hovedstaden
R_8M3tfE6IKK3YRm0,2,1,Kvinde,1962,Pensioneret,0,Erhvervsuddannelse eller lignende,185.000 - 374.999 DKK om året,Dårligt,8800,Region Midtjylland
R_21GjLzTSoNTcAjC,6,5,Kvinde,1953,Pensioneret,0,Erhvervsuddannelse eller lignende,Foretrækker ikke at sige  ,Foretrækker ikke at sige,5000,Region Syddanmark
R_8zM9XKTQoj898ys,3,5,Kvinde,1959,Pensioneret,0,Bachelorgrad,185.000 - 374.999 DKK om året,Meget godt,6760,Region Syddanmark
R_8F9ftV9R2chxozL,6,6,Kvinde,1997,Fuldtidsarbejde,0,Gymnasial uddannelse,185.000 - 374.999 DKK om året,Godt,5464,Region Syddanmark
R_2VsVCdjq8pW7l3X,2,2,Mand,1951,Pensioneret,0,Erhvervsuddannelse eller lignende,185.000 - 374.999 DKK om året,Moderat ,6740,Region Syddanmark
R_8do7OsQGTvHPvzE,2,2,Mand,1968,Fuldtidsarbejde,0,Erhvervsuddannelse eller lignende,375.000 - 564.999 DKK om året,Meget dårligt,8700,Region Midtjylland
R_247f5LsP20pz2FR,5,5,Mand,1968,Fuldtidsarbejde,1,Bachelorgrad,185.000 - 374.999 DKK om året,Meget godt,5882,Region Syddanmark
R_2fJy7eT37COPVrr,5,6,Mand,1994,Fuldtidsarbejde,1,Bachelorgrad,565.000 - 749.999 DKK om året,Godt,1734,Region Hovedstaden
R_82gSVVARDyD4MQb,5,4,Kvinde,1966,Deltidsarbejde,0,Bachelorgrad,Foretrækker ikke at sige  ,Meget godt,2950,Region Hovedstaden
R_23TscojuhIWMTPh,3,4,Mand,1953,Pensioneret,0,Bachelorgrad,565.000 - 749.999 DKK om året,Godt,4700,Region Sjælland
R_2Iahl7uy13H0Dnm,3,2,Mand,1988,Fuldtidsarbejde,0,Erhvervsuddannelse eller lignende,375.000 - 564.999 DKK om året,Godt,9210,Region Nordjylland
R_2rf0EF0HztjkvN7,6,5,Mand,1953,Pensioneret,0,Erhvervsuddannelse eller lignende,565.000 - 749.999 DKK om året,Godt,2690,Region Sjælland
R_2r0wMQbx2IReCbG,2,1,Mand,1952,Pensioneret,0,Erhvervsuddannelse eller lignende,185.000 - 374.999 DKK om året,Moderat ,3390,Region Hovedstaden
R_8TDkpBNV5G2AUSt,5,4,Mand,1968,Fuldtidsarbejde,0,Bachelorgrad,Foretrækker ikke at sige  ,Godt,2300,Region Hovedstaden
R_8EnM0xeVxpCbnvJ,5,5,Kvinde,1965,Fuldtidsarbejde,0,Bachelorgrad,750.000 - 999.999 DKK om året,Meget godt,4200,Region Sjælland
R_2ZVxJAFUeklCSNf,2,4,Mand,1989,Fuldtidsarbejde,2,Erhvervsuddannelse eller lignende,750.000 - 999.999 DKK om året,Moderat ,2630,Region Hovedstaden
R_8BIYaFbbY5U2wMx,4,4,Mand,1958,Fuldtidsarbejde,0,Kandidatgrad,1.000.000 - 1.499.999 DKK om året,Meget godt,8270,Region Midtjylland
R_8PThstmZNGIVXuk,5,4,Kvinde,2002,Andet ,0,Folkeskole ,Foretrækker ikke at sige  ,Meget godt,4600,Region Sjælland
R_8YWzsPo2XAtUXej,2,3,Kvinde,1969,Fuldtidsarbejde,0,Erhvervsuddannelse eller lignende,565.000 - 749.999 DKK om året,Meget godt,2650,Region Hovedstaden
R_2KVAE9Pe6wj3u92,3,4,Mand,1971,Fuldtidsarbejde,0,Erhvervsuddannelse eller lignende,565.000 - 749.999 DKK om året,Godt,5800,Region Syddanmark
R_8CvUaQ0l490ccyL,2,1,Kvinde,1969,Deltidsarbejde,0,Erhvervsuddannelse eller lignende,750.000 - 999.999 DKK om året,Godt,2800,Region Hovedstaden
R_8KQ5Ac0OLJx4G4k,5,4,Kvinde,1968,Hjemmegående,0,Kandidatgrad,Foretrækker ikke at sige  ,Godt,2720,Region Hovedstaden
R_8rOKehHijWg0gpD,4,3,Mand,1972,Fuldtidsarbejde,0,Erhvervsuddannelse eller lignende,375.000 - 564.999 DKK om året,Godt,3700,Bornholms Regionskommune
R_2eaGJ99L9ezBkxY,5,3,Kvinde,1968,Deltidsarbejde,0,Bachelorgrad,1.000.000 - 1.499.999 DKK om året,Meget godt,9210,Region Nordjylland
R_2325Hei7HUWaC6M,5,4,Nonbinær,1996,Deltidsarbejde,0,Bachelorgrad,Foretrækker ikke at sige  ,Moderat ,2400,Region Hovedstaden
R_2dECQs7CTHJvbnF,4,4,Mand,1972,Fuldtidsarbejde,2,Bachelorgrad,750.000 - 999.999 DKK om året,Godt,5500,Region Syddanmark
R_8CSziDbAuypd1Wp,5,4,Mand,1966,Arbejdsløs og på udkig efter arbejde,1,Erhvervsuddannelse eller lignende,185.000 - 374.999 DKK om året,Moderat ,6900,Region Midtjylland
R_2yseTJJLE8HB0Po,5,4,Kvinde,1993,Fuldtidsarbejde,2,Bachelorgrad,1.000.000 - 1.499.999 DKK om året,Meget godt,5200,Region Syddanmark
R_2O370jwEcDHic01,5,4,Kvinde,2001,Deltidsarbejde,0,Gymnasial uddannelse,375.000 - 564.999 DKK om året,Godt,8000,Region Midtjylland
R_8hChm8qv1rDEEql,5,3,Mand,1949,Pensioneret,0,Erhvervsuddannelse eller lignende,185.000 - 374.999 DKK om året,Moderat ,9200,Region Nordjylland
R_2RpSybksauoJt6B,4,4,Mand,1993,Fuldtidsarbejde,0,Bachelorgrad,750.000 - 999.999 DKK om året,Godt,9400,Region Nordjylland
R_2bKwRpbrV3G2f1D,6,5,Mand,1973,Fuldtidsarbejde,0,Erhvervsuddannelse eller lignende,Foretrækker ikke at sige  ,Godt,,
R_2wb6zXrkw4hVApH,3,1,Kvinde,1967,Fuldtidsarbejde,0,Bachelorgrad,565.000 - 749.999 DKK om året,Godt,4623,Region Sjælland
R_2ZEJrMPURtWCyFS,5,3,Kvinde,1968,Fuldtidsarbejde,0,Bachelorgrad,375.000 - 564.999 DKK om året,Meget godt,5491,Region Syddanmark
R_8YzkSAYa9muBlWQ,4,3,Kvinde,1998,Studerende,0,Bachelorgrad,Mindre end 185.000 DKK om året,Godt,8000,Region Midtjylland
R_2lXKaSEn3vctO3i,4,4,Kvinde,1985,Fuldtidsarbejde,3,Bachelorgrad,Foretrækker ikke at sige  ,Meget godt,2870,Region Hovedstaden
R_224Opb4m9JoSMCJ,5,4,Mand,1967,Fuldtidsarbejde,0,PhD,1.000.000 - 1.499.999 DKK om året,Meget godt,2100,Region Hovedstaden
R_8SCgsZ6nnFmugeR,4,4,Mand,1980,Fuldtidsarbejde,0,Erhvervsuddannelse eller lignende,Foretrækker ikke at sige  ,Godt,7100,Region Syddanmark
R_2spkPXNPqTcVt7i,3,3,Kvinde,1991,Fuldtidsarbejde,1,Bachelorgrad,750.000 - 999.999 DKK om året,Godt,3070,Region Hovedstaden
R_27sN6T728f1fXkl,3,3,Mand,1977,Fuldtidsarbejde,1,Gymnasial uddannelse,750.000 - 999.999 DKK om året,Godt,3230,Region Hovedstaden
R_89oblYnrf8WLK5X,5,5,Kvinde,1967,Fuldtidsarbejde,0,Erhvervsuddannelse eller lignende,375.000 - 564.999 DKK om året,Godt,2610,Region Hovedstaden
R_2LYaWKUCoHsHshS,4,2,Kvinde,1965,Fuldtidsarbejde,0,Bachelorgrad,375.000 - 564.999 DKK om året,Godt,8000,Region Midtjylland
R_8YGmUQFb2ETmmp9,6,5,Mand,1972,Fuldtidsarbejde,0,Kandidatgrad,1.000.000 - 1.499.999 DKK om året,Godt,4000,Region Sjælland
R_2QbAR9pn09fuEr7,5,5,Kvinde,1985,Deltidsarbejde,2,Kandidatgrad,1.000.000 - 1.499.999 DKK om året,Godt,3450,Region Hovedstaden
R_837FSiosUN7EtjX,5,4,Kvinde,1984,Deltidsarbejde,3,Bachelorgrad,750.000 - 999.999 DKK om året,Godt,6710,Region Syddanmark
R_22WYIW38tvPyNW0,3,2,Kvinde,1968,Pensioneret,0,Erhvervsuddannelse eller lignende,375.000 - 564.999 DKK om året,Dårligt,8543,Region Midtjylland
R_8Zx7nZ8OrKvWGjL,4,3,Mand,1997,Fuldtidsarbejde,0,Kandidatgrad,565.000 - 749.999 DKK om året,Godt,8200,Region Midtjylland
R_2UWw3ewgnltrdbg,5,2,Mand,1965,Deltidsarbejde,0,Kandidatgrad,565.000 - 749.999 DKK om året,Moderat ,3400,Region Hovedstaden
R_2LILFseZmiJocYz,2,1,Kvinde,1969,Fuldtidsarbejde,0,PhD,Foretrækker ikke at sige  ,Godt,2200,Region Hovedstaden
R_2zdsvfCSzNJb6Xn,4,3,Kvinde,1960,Deltidsarbejde,0,Bachelorgrad,565.000 - 749.999 DKK om året,Meget godt,2100,Region Hovedstaden
R_2JUCH5peFCYCZY6,4,3,Kvinde,1965,Deltidsarbejde,0,Erhvervsuddannelse eller lignende,565.000 - 749.999 DKK om året,Moderat ,9632,Region Midtjylland
R_2kaK8sqmtTDRvxh,4,4,Mand,1981,Fuldtidsarbejde,2,Kandidatgrad,1.000.000 - 1.499.999 DKK om året,Godt,1799,Region Hovedstaden
R_2nB1obCmbKlsC1j,1,1,Mand,1992,Fuldtidsarbejde,0,Kandidatgrad,1.000.000 - 1.499.999 DKK om året,Meget godt,1634,Region Hovedstaden
R_8s1aMm2u8yghmea,6,5,Kvinde,1993,Studerende,1,Gymnasial uddannelse,565.000 - 749.999 DKK om året,Meget godt,8240,Region Midtjylland
R_2JDaJYovkJ062lD,4,4,Mand,1967,Fuldtidsarbejde,0,Kandidatgrad,185.000 - 374.999 DKK om året,Moderat ,2100,Region Hovedstaden
R_2xPr0I466kyuvzi,4,4,Kvinde,1991,Fuldtidsarbejde,2,Erhvervsuddannelse eller lignende,Foretrækker ikke at sige  ,Moderat ,4600,Region Sjælland
R_2fIc1SLos2E4c5S,5,4,Mand,1953,Pensioneret,0,Erhvervsuddannelse eller lignende,375.000 - 564.999 DKK om året,Godt,5240,Region Syddanmark
R_2QSVjxIIJ8XrE4s,4,2,Kvinde,1994,Fuldtidsarbejde,0,Erhvervsuddannelse eller lignende,375.000 - 564.999 DKK om året,Moderat ,6100,Region Syddanmark
R_2dSdczp1SlVrmfl,5,4,Kvinde,1985,Arbejdsløs og på udkig efter arbejde,0,Kandidatgrad,750.000 - 999.999 DKK om året,Godt,2200,Region Hovedstaden
R_8f7jh5ZatpSqGjc,5,4,Mand,1982,Fuldtidsarbejde,3,Bachelorgrad,750.000 - 999.999 DKK om året,Godt,7400,Region Midtjylland
R_8NWkVeOFo2UCq6u,5,4,Mand,2002,Studerende,0,Gymnasial uddannelse,Mindre end 185.000 DKK om året,Meget godt,5220,Region Syddanmark
R_8f733WQsMNvO93y,5,3,Mand,1966,Fuldtidsarbejde,0,Erhvervsuddannelse eller lignende,1.000.000 - 1.499.999 DKK om året,Godt,6000,Region Syddanmark
R_2tj6LMWZLbq2LPb,5,5,Kvinde,1998,Fuldtidsarbejde,0,Kandidatgrad,375.000 - 564.999 DKK om året,Godt,2200,Region Hovedstaden
R_8LiojAVFJx1SquN,4,2,Mand,1966,Fuldtidsarbejde,0,Kandidatgrad,375.000 - 564.999 DKK om året,Godt,8700,Region Midtjylland
R_2hniWOF7DI2qAbn,3,3,Mand,1954,Pensioneret,0,Erhvervsuddannelse eller lignende,185.000 - 374.999 DKK om året,Moderat ,8700,Region Midtjylland
R_2ANFtj9P4F3TZpb,2,1,Kvinde,1966,Fuldtidsarbejde,0,Erhvervsuddannelse eller lignende,185.000 - 374.999 DKK om året,Dårligt,4863,Region Sjælland
R_2k6cKo7r1JQG7AX,5,5,Kvinde,1977,Fuldtidsarbejde,0,Bachelorgrad,1.000.000 - 1.499.999 DKK om året,Godt,4690,Region Sjælland
R_2nTwQuEni9dH05d,3,2,Mand,1970,Fuldtidsarbejde,0,Erhvervsuddannelse eller lignende,375.000 - 564.999 DKK om året,Godt,2400,Region Hovedstaden
R_21FZeYC1GdyHk1u,4,3,Mand,1963,Deltidsarbejde,0,Erhvervsuddannelse eller lignende,565.000 - 749.999 DKK om året,Godt,2500,Region Hovedstaden
R_2F4ZsTzsvi7PXMq,6,5,Kvinde,1966,Fuldtidsarbejde,0,Bachelorgrad,565.000 - 749.999 DKK om året,Godt,9000,Region Nordjylland
R_2J7TGhtQsTP3sPt,3,2,Mand,1991,Fuldtidsarbejde,0,Erhvervsuddannelse eller lignende,375.000 - 564.999 DKK om året,Godt,8464,Region Midtjylland
R_80xFN0drw6JAo8B,4,4,Mand,1967,Fuldtidsarbejde,0,Erhvervsuddannelse eller lignende,375.000 - 564.999 DKK om året,Godt,2300,Region Hovedstaden
R_8qaGGfU2eOlPCTA,5,4,Kvinde,1984,Fuldtidsarbejde,3,Kandidatgrad,750.000 - 999.999 DKK om året,Godt,2200,Region Hovedstaden
R_8IcPVCsIUzG3c8O,7,4,Mand,1970,Fuldtidsarbejde,1,Erhvervsuddannelse eller lignende,Foretrækker ikke at sige  ,Godt,8800,Region Midtjylland
R_2QS1JguD18URwhP,5,6,Kvinde,1999,Fuldtidsarbejde,1,Bachelorgrad,375.000 - 564.999 DKK om året,Meget dårligt,9000,Region Nordjylland
R_2QH151py7XbMqFE,4,4,Kvinde,1969,Fuldtidsarbejde,0,Gymnasial uddannelse,375.000 - 564.999 DKK om året,Godt,2750,Region Hovedstaden
R_8siRMzAO3bk3pOU,5,4,Mand,1984,Fuldtidsarbejde,0,Kandidatgrad,750.000 - 999.999 DKK om året,Moderat ,8600,Region Midtjylland
R_85BAA1wZmLiR8cj,2,3,Mand,1985,Fuldtidsarbejde,2,Bachelorgrad,565.000 - 749.999 DKK om året,Meget godt,4200,Region Sjælland
R_2PSnPU9IEzK56FA,5,4,Kvinde,1987,Fuldtidsarbejde,0,Erhvervsuddannelse eller lignende,185.000 - 374.999 DKK om året,Godt,2500,Region Hovedstaden
R_2kFA126FSuwz4GJ,4,4,Kvinde,1953,Pensioneret,0,Erhvervsuddannelse eller lignende,185.000 - 374.999 DKK om året,Moderat ,2720,Region Hovedstaden
R_8Imw9NvrTpwvCCX,6,4,Mand,1954,Pensioneret,0,Erhvervsuddannelse eller lignende,565.000 - 749.999 DKK om året,Godt,2630,Region Hovedstaden
R_2tlmNDEyiLlw7Hr,5,3,Kvinde,1962,Hjemmegående,0,Gymnasial uddannelse,375.000 - 564.999 DKK om året,Godt,3600,Region Hovedstaden
R_2gMzQJhrNNQjRcY,6,5,Mand,1966,Fuldtidsarbejde,0,Bachelorgrad,Foretrækker ikke at sige  ,Meget godt,3660,Region Hovedstaden
R_2CO5wF4KIRslGtP,5,3,Mand,1951,Pensioneret,0,Bachelorgrad,565.000 - 749.999 DKK om året,Godt,4873,Region Sjælland
R_2Cjh8OmJfmed6OR,5,3,Mand,1967,Pensioneret,0,Gymnasial uddannelse,185.000 - 374.999 DKK om året,Moderat ,2000,Region Hovedstaden
R_8ucsLLZTP52Xiql,5,5,Mand,1968,Fuldtidsarbejde,0,PhD,Foretrækker ikke at sige  ,Meget godt,8000,Region Midtjylland
R_8Bwub7C3ywUYyyJ,3,3,Mand,1956,Pensioneret,0,Erhvervsuddannelse eller lignende,185.000 - 374.999 DKK om året,Meget dårligt,8464,Region Midtjylland
R_2yCRxTMtogneqrv,4,4,Kvinde,1965,Deltidsarbejde,0,Erhvervsuddannelse eller lignende,750.000 - 999.999 DKK om året,Meget godt,4200,Region Sjælland
R_8lxp36Org5nVmJD,5,5,Mand,1958,Fuldtidsarbejde,0,Gymnasial uddannelse,750.000 - 999.999 DKK om året,Godt,2200,Region Hovedstaden
R_8GuHTiVovhoptUR,4,4,Kvinde,1996,Fuldtidsarbejde,1,Bachelorgrad,750.000 - 999.999 DKK om året,Godt,2791,Region Hovedstaden
R_27SXlyO2tE4OBxf,5,4,Mand,1951,Pensioneret,0,Bachelorgrad,185.000 - 374.999 DKK om året,Meget godt,8270,Region Midtjylland
R_2MTGYp0ufm50xfr,3,2,Mand,1996,Pensioneret,0,Folkeskole ,185.000 - 374.999 DKK om året,Godt,7500,Region Midtjylland
R_2ccrGq2mxlGcfNk,2,2,Mand,1971,Fuldtidsarbejde,0,Kandidatgrad,375.000 - 564.999 DKK om året,Dårligt,7323,Region Syddanmark
R_2EXvBx5nBd9YU3D,2,4,Kvinde,1950,Pensioneret,0,Bachelorgrad,375.000 - 564.999 DKK om året,Moderat ,3400,Region Hovedstaden
R_2m3MEY7AMEXhSj1,3,3,Kvinde,1997,Fuldtidsarbejde,1,Bachelorgrad,750.000 - 999.999 DKK om året,Meget godt,9560,Region Nordjylland
R_8dg31k9ug0h3cD1,3,1,Mand,1960,Pensioneret,0,Kandidatgrad,185.000 - 374.999 DKK om året,Godt,2900,Region Hovedstaden
R_8mefFwK8DyAkwMW,4,3,Mand,1987,Fuldtidsarbejde,1,Erhvervsuddannelse eller lignende,565.000 - 749.999 DKK om året,Godt,2600,Region Hovedstaden
R_2lSMEKjiPQJOiqY,4,4,Mand,1995,Studerende,0,Gymnasial uddannelse,185.000 - 374.999 DKK om året,Godt,2200,Region Hovedstaden
R_2o0fhdtg7JFbg41,5,2,Mand,1958,Pensioneret,0,Gymnasial uddannelse,185.000 - 374.999 DKK om året,Dårligt,4000,Region Sjælland
R_2I9liLy2uh8ps82,4,2,Kvinde,2003,Fuldtidsarbejde,0,Gymnasial uddannelse,185.000 - 374.999 DKK om året,Godt,8420,Region Midtjylland
R_81aGaXybxrtJRAZ,5,3,Kvinde,1970,Deltidsarbejde,1,Erhvervsuddannelse eller lignende,Foretrækker ikke at sige  ,Meget godt,9500,Region Nordjylland
R_80H7Endpw7dKPyM,6,5,Mand,1960,Fuldtidsarbejde,0,Erhvervsuddannelse eller lignende,750.000 - 999.999 DKK om året,Godt,2670,Region Sjælland
R_83e1aSjwdwy2ThD,5,5,Mand,1968,Fuldtidsarbejde,0,Kandidatgrad,Mere end 1.500.000 DKK om året,Godt,2100,Region Hovedstaden
R_28J2EEjo6fkB9ax,6,5,Mand,1965,Fuldtidsarbejde,0,Bachelorgrad,1.000.000 - 1.499.999 DKK om året,Moderat ,2791,Region Hovedstaden
R_2JeK8OQ8nAADU9I,3,3,Mand,1996,Fuldtidsarbejde,0,Gymnasial uddannelse,185.000 - 374.999 DKK om året,Godt,6360,Region Syddanmark
R_2wU2BC0dtExlx7s,3,2,Mand,1953,Pensioneret,0,Bachelorgrad,185.000 - 374.999 DKK om året,Godt,8740,Region Midtjylland
R_8yjgH6TM9qCAlOR,6,3,Mand,1966,Pensioneret,0,Erhvervsuddannelse eller lignende,375.000 - 564.999 DKK om året,Moderat ,4930,Region Sjælland
R_8HTSiAa3F4wMXuu,4,3,Mand,1958,Fuldtidsarbejde,0,Bachelorgrad,750.000 - 999.999 DKK om året,Godt,3520,Region Hovedstaden
R_83pDzGuhImV6lGQ,4,3,Mand,1950,Pensioneret,0,Kandidatgrad,565.000 - 749.999 DKK om året,Godt,3630,Region Hovedstaden
R_83zxHTDxRoqDZeh,4,4,Mand,1966,Fuldtidsarbejde,1,Bachelorgrad,750.000 - 999.999 DKK om året,Godt,2750,Region Hovedstaden
R_2EaTqLf4oiMTJR9,4,2,Mand,1966,Arbejdsløs og på udkig efter arbejde,0,Bachelorgrad,Mindre end 185.000 DKK om året,Moderat ,5000,Region Syddanmark
R_2msZMjjSKY306v2,5,2,Kvinde,1968,Fuldtidsarbejde,0,Erhvervsuddannelse eller lignende,Foretrækker ikke at sige  ,Godt,1860,Region Hovedstaden
R_2Xv8nAPjobnzUKl,3,4,Mand,1956,Pensioneret,0,Bachelorgrad,185.000 - 374.999 DKK om året,Dårligt,7000,Region Syddanmark
R_2SDs1WaQhteEgtb,2,2,Mand,1959,Deltidsarbejde,0,Kandidatgrad,750.000 - 999.999 DKK om året,Meget godt,8000,Region Midtjylland
R_8bW9IKMfFFKpUnL,4,4,Mand,1989,Deltidsarbejde,0,Erhvervsuddannelse eller lignende,Foretrækker ikke at sige  ,Moderat ,4330,Region Sjælland
R_8fAuA7AXnymbO37,2,3,Mand,1970,Fuldtidsarbejde,0,Erhvervsuddannelse eller lignende,750.000 - 999.999 DKK om året,Godt,7700,Region Nordjylland
R_8wp2g0QZdYe2dHe,5,3,Kvinde,1990,Fuldtidsarbejde,0,Kandidatgrad,750.000 - 999.999 DKK om året,Godt,2500,Region Hovedstaden
R_2APOAeTw9MdI03D,5,2,Mand,1952,Pensioneret,0,Erhvervsuddannelse eller lignende,185.000 - 374.999 DKK om året,Moderat ,5591,Region Syddanmark
R_2dDtHP3A5NFfrAR,4,4,Mand,1950,Pensioneret,0,Erhvervsuddannelse eller lignende,185.000 - 374.999 DKK om året,Meget godt,4490,Region Sjælland
R_273Qzid31QsMJIh,4,4,Kvinde,1957,Pensioneret,0,Erhvervsuddannelse eller lignende,565.000 - 749.999 DKK om året,Godt,8240,Region Midtjylland
R_2WgFGsJgmV4GRLb,2,1,Mand,1988,Fuldtidsarbejde,0,Erhvervsuddannelse eller lignende,375.000 - 564.999 DKK om året,Moderat ,4340,Region Sjælland
R_2EafkOHeaQLstfP,3,2,Mand,1965,Fuldtidsarbejde,0,Erhvervsuddannelse eller lignende,565.000 - 749.999 DKK om året,Moderat ,8520,Region Midtjylland
R_8H1eQM2xrNQkUBK,4,3,Kvinde,1958,Deltidsarbejde,0,Bachelorgrad,185.000 - 374.999 DKK om året,Godt,9600,Region Nordjylland
R_8S7Ynzr3bxauq5z,5,4,Kvinde,1951,Pensioneret,0,Bachelorgrad,Foretrækker ikke at sige  ,Meget godt,,
R_23ZGrwUAJUdEveR,6,4,Kvinde,1959,Pensioneret,0,Bachelorgrad,375.000 - 564.999 DKK om året,Moderat ,2750,Region Hovedstaden
R_8PhRcYfo5i6pZzg,5,4,Mand,1981,Fuldtidsarbejde,0,Erhvervsuddannelse eller lignende,Foretrækker ikke at sige  ,Moderat ,4220,Region Sjælland
R_8H200iCXYpukg9x,5,2,Mand,1953,Fuldtidsarbejde,0,Kandidatgrad,1.000.000 - 1.499.999 DKK om året,Godt,2100,Region Hovedstaden
R_8JFQCtpPljg6ZtT,3,2,Kvinde,1960,Pensioneret,0,Erhvervsuddannelse eller lignende,375.000 - 564.999 DKK om året,Godt,4000,Region Sjælland
R_207Wa7qVqDs6kDg,4,4,Kvinde,1976,Fuldtidsarbejde,0,Erhvervsuddannelse eller lignende,565.000 - 749.999 DKK om året,Godt,4100,Region Sjælland
R_8vdZWnDr6oOtIOH,2,1,Mand,1997,Studerende,0,Gymnasial uddannelse,Foretrækker ikke at sige  ,Moderat ,2200,Region Hovedstaden
R_8sYJILYvXYX3CIQ,4,3,Mand,1957,Pensioneret,0,PhD,565.000 - 749.999 DKK om året,Godt,4200,Region Sjælland
R_2I4PUElKfgb1lQl,5,5,Kvinde,1997,Studerende,0,Bachelorgrad,375.000 - 564.999 DKK om året,Meget godt,2200,Region Hovedstaden
R_8p44bhAJmrulOu9,3,3,Kvinde,1975,Fuldtidsarbejde,0,Bachelorgrad,1.000.000 - 1.499.999 DKK om året,Godt,8660,Region Midtjylland
R_8pMfmwLKHvULanq,4,3,Mand,1968,Fuldtidsarbejde,0,Erhvervsuddannelse eller lignende,1.000.000 - 1.499.999 DKK om året,Godt,2100,Region Hovedstaden
R_2vUled5RPqsoHbX,3,3,Mand,1974,Fuldtidsarbejde,1,Erhvervsuddannelse eller lignende,750.000 - 999.999 DKK om året,Godt,2770,Region Hovedstaden
R_883tpkrrV9qtLuV,3,2,Kvinde,1952,Pensioneret,0,Bachelorgrad,185.000 - 374.999 DKK om året,Godt,8831,Region Midtjylland
R_8Jgz8qLGMl7oT3m,5,4,Mand,1970,Fuldtidsarbejde,0,Erhvervsuddannelse eller lignende,375.000 - 564.999 DKK om året,Godt,5462,Region Syddanmark
R_8ZUfjEjaNS39fGK,5,4,Kvinde,1980,Deltidsarbejde,2,Bachelorgrad,185.000 - 374.999 DKK om året,Meget godt,7100,Region Syddanmark
R_22ZFYozwsdL5hpn,4,4,Kvinde,1974,Fuldtidsarbejde,1,Bachelorgrad,750.000 - 999.999 DKK om året,Moderat ,2920,Region Hovedstaden
R_8pomj3NY8er4DU2,4,4,Mand,1986,Studerende,0,Erhvervsuddannelse eller lignende,185.000 - 374.999 DKK om året,Moderat ,6792,Region Syddanmark
R_2pPsEiN69bJXrEq,6,4,Kvinde,1961,Deltidsarbejde,0,Bachelorgrad,750.000 - 999.999 DKK om året,Godt,9400,Region Nordjylland
R_2CeFzjBLmmjDUI4,2,1,Mand,1981,Fuldtidsarbejde,0,Erhvervsuddannelse eller lignende,565.000 - 749.999 DKK om året,Moderat ,7400,Region Midtjylland
R_2PvtvLVOuyIRG7H,3,2,Mand,1997,Studerende,0,Erhvervsuddannelse eller lignende,Mindre end 185.000 DKK om året,Godt,8240,Region Midtjylland
R_2MPWn2ZGN8h22KB,3,3,Mand,1993,Fuldtidsarbejde,0,Bachelorgrad,375.000 - 564.999 DKK om året,Meget godt,2300,Region Hovedstaden
R_8rJEDLFVWUHxTJD,4,4,Kvinde,1965,Fuldtidsarbejde,0,Erhvervsuddannelse eller lignende,375.000 - 564.999 DKK om året,Meget godt,5800,Region Syddanmark
R_21iyJ1F45FtlNRs,4,4,Kvinde,1967,Fuldtidsarbejde,0,Erhvervsuddannelse eller lignende,375.000 - 564.999 DKK om året,Godt,2650,Region Hovedstaden
R_2aDHsbcxyvRsBAW,5,4,Mand,1953,Pensioneret,0,Kandidatgrad,185.000 - 374.999 DKK om året,Moderat ,8250,Region Midtjylland
R_8Pu8lU2HGhkxgoo,6,3,Kvinde,1990,Pensioneret,1,Gymnasial uddannelse,185.000 - 374.999 DKK om året,Dårligt,8800,Region Midtjylland
R_8KG7jpfArPYmM9P,6,5,Kvinde,2000,Studerende,0,Bachelorgrad,Mindre end 185.000 DKK om året,Godt,8210,Region Midtjylland
R_2akptc41V4byvSH,3,3,Kvinde,1991,Fuldtidsarbejde,0,Kandidatgrad,185.000 - 374.999 DKK om året,Godt,8382,Region Midtjylland
R_8jxENRv3YKoNNIs,4,4,Kvinde,2005,Deltidsarbejde,2,Gymnasial uddannelse,375.000 - 564.999 DKK om året,Godt,4130,Region Sjælland
R_2O0xY0nJ2xfQOzv,6,5,Kvinde,1959,Fuldtidsarbejde,0,Bachelorgrad,375.000 - 564.999 DKK om året,Moderat ,9240,Region Nordjylland
R_2SeOznwu5TA5g6A,3,2,Mand,1969,Fuldtidsarbejde,2,Kandidatgrad,Foretrækker ikke at sige  ,Moderat ,3120,Region Hovedstaden
R_8oyxSE93FC38b7v,5,4,Kvinde,1980,Fuldtidsarbejde,1,Bachelorgrad,375.000 - 564.999 DKK om året,Godt,9500,Region Nordjylland
R_8etAPDpelP9BbS9,2,4,Mand,2005,Studerende,0,Folkeskole ,Foretrækker ikke at sige  ,Moderat ,6200,Region Syddanmark
R_2IFVZ68wquhn5Fu,4,3,Mand,1966,Pensioneret,0,Folkeskole ,375.000 - 564.999 DKK om året,Dårligt,4200,Region Sjælland
R_8XfnFHPeyiukiw9,4,2,Mand,1954,Deltidsarbejde,0,Kandidatgrad,Foretrækker ikke at sige  ,Moderat ,9280,Region Nordjylland
R_8AoiBG5wWmDL2s9,3,1,Mand,1999,Studerende,1,Bachelorgrad,185.000 - 374.999 DKK om året,Moderat ,7500,Region Midtjylland
R_8EHp6aPUPKPsoNB,3,5,Mand,2005,Studerende,1,Folkeskole ,Foretrækker ikke at sige  ,Meget godt,9270,Region Nordjylland
R_8w0q5Mnp7EP761K,2,2,Kvinde,2004,Deltidsarbejde,1,Gymnasial uddannelse,Foretrækker ikke at sige  ,Godt,9000,Region Nordjylland
R_8ZJk52fRYD3L7oS,4,3,Kvinde,1955,Pensioneret,0,Bachelorgrad,375.000 - 564.999 DKK om året,Moderat ,2900,Region Hovedstaden
R_8S4OQC4Jyq64Lsd,3,2,Kvinde,1978,Fuldtidsarbejde,0,Erhvervsuddannelse eller lignende,Mere end 1.500.000 DKK om året,Godt,4622,Region Sjælland
R_2B4L830XRADweal,3,4,Kvinde,1999,Studerende,0,Gymnasial uddannelse,185.000 - 374.999 DKK om året,Godt,8000,Region Midtjylland
R_23D1pCi96X0oSKW,4,4,Kvinde,2000,Studerende,0,Gymnasial uddannelse,375.000 - 564.999 DKK om året,Dårligt,4200,Region Sjælland
R_2U0pS3kzbATZWvH,4,3,Kvinde,1999,Fuldtidsarbejde,0,Kandidatgrad,185.000 - 374.999 DKK om året,Moderat ,7400,Region Midtjylland
R_2S01lvQrp9nE12G,3,4,Mand,1984,Fuldtidsarbejde,0,Erhvervsuddannelse eller lignende,565.000 - 749.999 DKK om året,Godt,8840,Region Midtjylland
R_2ln8WNCepljOGoc,2,2,Kvinde,1958,Pensioneret,0,Erhvervsuddannelse eller lignende,185.000 - 374.999 DKK om året,Godt,9000,Region Nordjylland
R_81cwrGRjuhvWKEy,5,4,Kvinde,1952,Pensioneret,0,Bachelorgrad,375.000 - 564.999 DKK om året,Moderat ,2665,Region Hovedstaden
R_2z9xgnQMUkGF6M1,3,2,Kvinde,2004,Fuldtidsarbejde,1,Gymnasial uddannelse,565.000 - 749.999 DKK om året,Meget godt,8382,Region Midtjylland
R_8PYKAKhzy9fcWDz,5,5,Kvinde,1986,Andet ,2,Erhvervsuddannelse eller lignende,Foretrækker ikke at sige  ,Foretrækker ikke at sige,,
R_8qKjLXaEjn53O9x,5,5,Mand,2005,Fuldtidsarbejde,0,Folkeskole ,565.000 - 749.999 DKK om året,Godt,8210,Region Midtjylland
R_8J8KcDJfSvjcR48,5,5,Kvinde,1993,Fuldtidsarbejde,1,Kandidatgrad,750.000 - 999.999 DKK om året,Godt,2900,Region Hovedstaden
R_2fNc9S6fucsaRCu,3,3,Kvinde,1983,Fuldtidsarbejde,0,Kandidatgrad,Mere end 1.500.000 DKK om året,Godt,2300,Region Hovedstaden
R_8Q42EeFZY70MEqQ,4,5,,1998,Andet ,0,Gymnasial uddannelse,185.000 - 374.999 DKK om året,Dårligt,3400,Region Hovedstaden
R_2JUB4xkpSGETIb3,3,3,Mand,1997,Arbejdsløs og på udkig efter arbejde,0,Bachelorgrad,185.000 - 374.999 DKK om året,Meget godt,2400,Region Hovedstaden
R_8NldCimTY2YtabA,5,5,Kvinde,1969,Fuldtidsarbejde,0,Bachelorgrad,Mere end 1.500.000 DKK om året,Godt,3600,Region Hovedstaden
R_8cqpetB9skh9O8a,4,6,Kvinde,1989,Deltidsarbejde,2,Kandidatgrad,375.000 - 564.999 DKK om året,Meget godt,7100,Region Syddanmark
R_8S5TEDvtj3ektB7,3,2,Mand,1977,Fuldtidsarbejde,1,Gymnasial uddannelse,750.000 - 999.999 DKK om året,Godt,3230,Region Hovedstaden
R_2KrnB0V4IpWGOn7,4,5,Kvinde,1949,Pensioneret,0,Erhvervsuddannelse eller lignende,Foretrækker ikke at sige  ,Godt,2640,Region Hovedstaden
R_83913DNMQQWDCoG,3,3,Kvinde,1998,Studerende,0,Gymnasial uddannelse,Mindre end 185.000 DKK om året,Godt,9210,Region Nordjylland
R_8kzh1t4kluQUSM2,3,6,Kvinde,2005,Studerende,0,Gymnasial uddannelse,Mindre end 185.000 DKK om året,Meget godt,2850,Region Hovedstaden
R_2KTTsOLpjTPiIUF,5,3,Kvinde,1954,Pensioneret,0,Bachelorgrad,565.000 - 749.999 DKK om året,Meget godt,2300,Region Hovedstaden
R_2D1gbrwXVOpww8h,4,4,Mand,1952,Pensioneret,0,Bachelorgrad,565.000 - 749.999 DKK om året,Godt,8520,Region Midtjylland
R_2WHh96szsHBwTcc,3,3,Kvinde,1973,Deltidsarbejde,2,Bachelorgrad,375.000 - 564.999 DKK om året,Meget godt,3520,Region Hovedstaden
R_8AMtfmVDnf1msrz,4,4,Mand,1980,Fuldtidsarbejde,2,Erhvervsuddannelse eller lignende,1.000.000 - 1.499.999 DKK om året,Godt,9000,Region Nordjylland
R_8c07lcMK4vLtqoN,4,3,Mand,1953,Pensioneret,0,Erhvervsuddannelse eller lignende,565.000 - 749.999 DKK om året,Godt,5700,Region Syddanmark
R_2G3SWJPKqso6L6h,4,4,Mand,1956,Pensioneret,0,Bachelorgrad,Foretrækker ikke at sige  ,Godt,3460,Region Hovedstaden
R_8DcxPtbgRpr8G1r,6,4,Mand,1971,Pensioneret,0,Erhvervsuddannelse eller lignende,185.000 - 374.999 DKK om året,Dårligt,8600,Region Midtjylland
R_2eFVM4y0VvUkFZi,5,3,Mand,1975,Andet ,0,Erhvervsuddannelse eller lignende,Foretrækker ikke at sige  ,Moderat ,7100,Region Syddanmark
R_2c7vueiywKHaUvc,4,3,Kvinde,1994,Andet ,1,Erhvervsuddannelse eller lignende,185.000 - 374.999 DKK om året,Godt,5000,Region Syddanmark
R_22JHPGUmhWJuc2n,4,2,Kvinde,1966,Pensioneret,0,Folkeskole ,1.000.000 - 1.499.999 DKK om året,Moderat ,5330,Region Syddanmark
R_2Vw4nkd2sgM1cnX,4,2,Kvinde,1966,Pensioneret,0,Erhvervsuddannelse eller lignende,Foretrækker ikke at sige  ,Moderat ,8660,Region Midtjylland
R_8GWFjSJ3ugH9kAx,3,3,Kvinde,1968,Fuldtidsarbejde,0,Bachelorgrad,185.000 - 374.999 DKK om året,Godt,7323,Region Syddanmark
R_2H8IMcFIwPLloKe,4,4,Mand,1998,Deltidsarbejde,0,Erhvervsuddannelse eller lignende,375.000 - 564.999 DKK om året,Meget godt,9000,Region Nordjylland
R_23OUPKdZPgVO60V,3,2,Mand,1958,Pensioneret,0,Bachelorgrad,565.000 - 749.999 DKK om året,Godt,6270,Region Syddanmark
R_81oRWbB88V7EtZv,2,4,Mand,1992,Fuldtidsarbejde,1,Erhvervsuddannelse eller lignende,750.000 - 999.999 DKK om året,Meget godt,1401,Region Hovedstaden
R_8O3mr5YwSZa28vK,5,5,Kvinde,1963,Fuldtidsarbejde,0,Bachelorgrad,375.000 - 564.999 DKK om året,Godt,2840,Region Hovedstaden
R_2l3oioVAimxLfSb,6,5,Kvinde,1962,Fuldtidsarbejde,0,Bachelorgrad,Foretrækker ikke at sige  ,Meget godt,6700,Region Syddanmark
R_2pmqdnR3YwY6XQv,4,5,Kvinde,1979,Fuldtidsarbejde,0,Bachelorgrad,375.000 - 564.999 DKK om året,Godt,3300,Region Hovedstaden
R_8MkCrGfOLNNvK8N,5,5,Kvinde,1994,Deltidsarbejde,0,Kandidatgrad,185.000 - 374.999 DKK om året,Meget godt,5270,Region Syddanmark
R_2PGS6e043jl2AdX,3,3,Kvinde,1956,Pensioneret,3,Bachelorgrad,565.000 - 749.999 DKK om året,Godt,8830,Region Midtjylland
R_81ixSnGopVnuhYB,4,4,Kvinde,1988,Fuldtidsarbejde,3,Bachelorgrad,750.000 - 999.999 DKK om året,Godt,5620,Region Syddanmark
R_22QvJBWBImdTPHO,5,4,Kvinde,1964,Deltidsarbejde,0,Bachelorgrad,375.000 - 564.999 DKK om året,Godt,8000,Region Midtjylland
R_2V2rxduLtp7by1k,4,5,Mand,1962,Fuldtidsarbejde,0,Folkeskole ,375.000 - 564.999 DKK om året,Godt,4320,Region Sjælland
R_2KbkNqqc8tcbUc1,7,5,Kvinde,1979,Deltidsarbejde,1,Erhvervsuddannelse eller lignende,Foretrækker ikke at sige  ,Meget godt,7000,Region Syddanmark
R_2HMsLgGxXpB2n2g,5,5,Kvinde,1991,Fuldtidsarbejde,0,Bachelorgrad,565.000 - 749.999 DKK om året,Moderat ,2200,Region Hovedstaden
R_8QK9Pr1HI4A4NeO,5,3,Mand,1968,Fuldtidsarbejde,0,Erhvervsuddannelse eller lignende,185.000 - 374.999 DKK om året,Moderat ,3070,Region Hovedstaden
R_8attOVebKR5Y1vY,3,2,Kvinde,2004,Studerende,0,Gymnasial uddannelse,Mindre end 185.000 DKK om året,Moderat ,5000,Region Syddanmark
R_2jPACKMdQuDkWOU,5,5,Mand,1965,Fuldtidsarbejde,0,Kandidatgrad,1.000.000 - 1.499.999 DKK om året,Meget godt,2640,Region Hovedstaden
R_22yFLP4qI6KMTvx,3,3,Mand,1952,Deltidsarbejde,0,Erhvervsuddannelse eller lignende,185.000 - 374.999 DKK om året,Godt,2000,Region Hovedstaden
R_2CfTCCtvF3Zz5WV,5,4,Mand,1967,Fuldtidsarbejde,0,Gymnasial uddannelse,Mere end 1.500.000 DKK om året,Meget godt,8362,Region Midtjylland
R_8jO4QEm9pzp9t1M,2,4,Kvinde,2005,Deltidsarbejde,1,Gymnasial uddannelse,Mindre end 185.000 DKK om året,Godt,2200,Region Hovedstaden
R_2LDW61ljEjcrk53,3,2,Kvinde,1981,Pensioneret,0,Gymnasial uddannelse,Mindre end 185.000 DKK om året,Moderat ,8960,Region Midtjylland
R_8Pim2WW3K9mNiWj,3,3,Kvinde,1994,Studerende,0,Bachelorgrad,750.000 - 999.999 DKK om året,Godt,8541,Region Midtjylland
R_86m65thYlm1LhOa,3,2,Mand,1983,Fuldtidsarbejde,3,Erhvervsuddannelse eller lignende,750.000 - 999.999 DKK om året,Moderat ,3700,Bornholms Regionskommune
R_8dRhxSZ5ctHKZV3,5,4,Mand,1973,Fuldtidsarbejde,1,Erhvervsuddannelse eller lignende,1.000.000 - 1.499.999 DKK om året,Godt,2650,Region Hovedstaden
R_8woeo8VZtEuGOEB,4,4,Mand,1950,Pensioneret,0,Bachelorgrad,375.000 - 564.999 DKK om året,Meget godt,8960,Region Midtjylland
R_2jzDImsNBdCYhjj,5,5,Mand,1968,Fuldtidsarbejde,1,Folkeskole ,565.000 - 749.999 DKK om året,Meget godt,8462,Region Midtjylland
R_89s1fadlUvnPSCU,5,5,Kvinde,1958,Pensioneret,0,Gymnasial uddannelse,375.000 - 564.999 DKK om året,Godt,4460,Region Sjælland
R_27Ptxtqkpexax34,3,3,Mand,1953,Pensioneret,0,Kandidatgrad,565.000 - 749.999 DKK om året,Godt,2770,Region Hovedstaden
R_8qJcNXGK9qMm8aG,1,1,Kvinde,1985,Studerende,2,Gymnasial uddannelse,Mindre end 185.000 DKK om året,Moderat ,4300,Region Sjælland
R_2AM86YT8n3celuh,3,3,Kvinde,1974,Fuldtidsarbejde,0,Folkeskole ,750.000 - 999.999 DKK om året,Godt,6310,Region Syddanmark
R_8QPsKbumrUOcGJG,3,3,Kvinde,1993,Fuldtidsarbejde,1,Gymnasial uddannelse,185.000 - 374.999 DKK om året,Dårligt,6330,Region Syddanmark
R_8I3IiewExdenL8T,3,3,Kvinde,1959,Deltidsarbejde,0,Erhvervsuddannelse eller lignende,750.000 - 999.999 DKK om året,Moderat ,2960,Region Hovedstaden
R_2WOlrgXNOibXDCF,1,2,Kvinde,1973,Andet ,0,PhD,Foretrækker ikke at sige  ,Meget dårligt,1909,Region Hovedstaden
R_2D1Q4Iiexlev3RD,4,4,Mand,1957,Pensioneret,0,Bachelorgrad,565.000 - 749.999 DKK om året,Moderat ,7100,Region Syddanmark
R_8MXgvl7eqLp3Nbb,3,5,Kvinde,2001,Deltidsarbejde,1,Gymnasial uddannelse,Mindre end 185.000 DKK om året,Meget godt,2650,Region Hovedstaden
R_2mRk4uOzaXI9Dbs,5,3,Kvinde,1972,Andet ,2,Kandidatgrad,1.000.000 - 1.499.999 DKK om året,Moderat ,4130,Region Sjælland
R_2gjQ9zLonXIUsic,5,4,Kvinde,1956,Pensioneret,0,Erhvervsuddannelse eller lignende,185.000 - 374.999 DKK om året,Godt,6894,
R_8nwJcpnKun7Lerf,7,6,Kvinde,1977,Fuldtidsarbejde,0,Bachelorgrad,1.000.000 - 1.499.999 DKK om året,Meget godt,9400,Region Nordjylland
R_8phhyKvPXYSdJkB,4,4,Kvinde,1957,Deltidsarbejde,0,Bachelorgrad,1.000.000 - 1.499.999 DKK om året,Meget godt,3460,Region Hovedstaden
R_2V9ZrZ61sPLZL5K,3,1,Mand,1966,Fuldtidsarbejde,0,Bachelorgrad,565.000 - 749.999 DKK om året,Godt,9560,Region Nordjylland
R_8dN8ArkLRaOkEmi,5,2,Mand,1958,Pensioneret,0,Bachelorgrad,185.000 - 374.999 DKK om året,Godt,6230,Region Syddanmark
R_8rY7HLVXVpGoFDl,5,5,Kvinde,1994,Deltidsarbejde,2,Bachelorgrad,Foretrækker ikke at sige  ,Moderat ,5270,Region Syddanmark
R_2Ka1d0G5iCOXpw7,3,3,Mand,1971,Pensioneret,0,Erhvervsuddannelse eller lignende,375.000 - 564.999 DKK om året,Dårligt,4000,Region Sjælland
R_2Pj8arSxufif9Qv,5,4,Mand,1982,Fuldtidsarbejde,2,Bachelorgrad,565.000 - 749.999 DKK om året,Godt,4220,Region Sjælland
R_8QjVmpa1H91aNAR,3,2,Mand,2001,Studerende,0,Bachelorgrad,185.000 - 374.999 DKK om året,Meget godt,5000,Region Syddanmark
R_8eLY9dR794bZG7L,3,2,Kvinde,1981,Deltidsarbejde,1,Gymnasial uddannelse,Foretrækker ikke at sige  ,Moderat ,7330,Region Midtjylland
R_2fHJZDAo4TKaXSs,2,1,Kvinde,1984,Fuldtidsarbejde,0,Bachelorgrad,375.000 - 564.999 DKK om året,Godt,8000,Region Midtjylland
R_2WTMw0eedZ36tei,5,4,Kvinde,1955,Deltidsarbejde,0,Bachelorgrad,375.000 - 564.999 DKK om året,Meget godt,1800,Region Hovedstaden
R_87Ih4cFRVDkFHXn,6,5,Mand,1965,Fuldtidsarbejde,0,Bachelorgrad,1.000.000 - 1.499.999 DKK om året,Godt,4572,Region Sjælland
R_22Lv0cAzqqCZVqF,4,4,Mand,1951,Deltidsarbejde,0,Bachelorgrad,185.000 - 374.999 DKK om året,Dårligt,7430,Region Midtjylland
R_872tzJzXJNDR7lG,1,1,Kvinde,1950,Pensioneret,0,Erhvervsuddannelse eller lignende,185.000 - 374.999 DKK om året,Godt,6700,Region Syddanmark
R_8fjGbAad5v3dBtv,3,3,Kvinde,1996,Studerende,0,Bachelorgrad,Mindre end 185.000 DKK om året,Moderat ,2000,Region Hovedstaden
R_8Xo3wnOT2BDvfLr,5,3,Mand,1953,Pensioneret,0,Erhvervsuddannelse eller lignende,185.000 - 374.999 DKK om året,Moderat ,9500,Region Nordjylland
R_81WN3fdkEUyrH21,4,3,Mand,1972,Fuldtidsarbejde,0,Erhvervsuddannelse eller lignende,750.000 - 999.999 DKK om året,Godt,9000,Region Nordjylland
R_8tQXFhlIDQj5uQV,4,3,Kvinde,1978,Andet ,3,Bachelorgrad,375.000 - 564.999 DKK om året,Moderat ,5900,Region Syddanmark
R_8d9XqzIYDPI9pcA,4,3,Kvinde,1974,Deltidsarbejde,2,Kandidatgrad,565.000 - 749.999 DKK om året,Godt,7400,Region Midtjylland
R_2dys3NSXH0ogl07,6,4,Kvinde,1989,Pensioneret,0,Folkeskole ,185.000 - 374.999 DKK om året,Moderat ,7100,Region Syddanmark
R_2f0i51iqINQsEjn,6,5,Kvinde,1969,Fuldtidsarbejde,0,Kandidatgrad,Mere end 1.500.000 DKK om året,Meget godt,2920,Region Hovedstaden
R_8XYiMaqeZIzMpIl,3,1,Kvinde,1989,Fuldtidsarbejde,1,Bachelorgrad,750.000 - 999.999 DKK om året,Godt,4600,Region Sjælland
R_2gEiXMMWIiLV4eR,5,5,Kvinde,1951,Pensioneret,0,Kandidatgrad,185.000 - 374.999 DKK om året,Moderat ,8000,Region Midtjylland
R_8B26nlBO4kHXKHn,2,2,Kvinde,1950,Pensioneret,0,Erhvervsuddannelse eller lignende,185.000 - 374.999 DKK om året,Godt,6440,Region Syddanmark
R_8oZvqL2yhD9JuiR,6,5,Kvinde,1954,Pensioneret,0,Erhvervsuddannelse eller lignende,375.000 - 564.999 DKK om året,Godt,2600,Region Hovedstaden
R_84je22ynRyxssb2,5,4,Kvinde,1988,Andet ,2,Bachelorgrad,565.000 - 749.999 DKK om året,Moderat ,7100,Region Syddanmark
R_8dioqdMyIfZ2wrZ,2,2,Mand,1971,Fuldtidsarbejde,0,Erhvervsuddannelse eller lignende,375.000 - 564.999 DKK om året,Dårligt,9400,Region Nordjylland
R_29bqqa5csudIpoy,6,5,Kvinde,1966,Fuldtidsarbejde,0,Bachelorgrad,565.000 - 749.999 DKK om året,Godt,5772,Region Syddanmark
R_261q4HtKCAfOXKx,4,3,Kvinde,1988,Fuldtidsarbejde,0,Kandidatgrad,Foretrækker ikke at sige  ,Dårligt,8270,Region Midtjylland
R_2QMFCFVk5G22Xrb,4,3,Mand,1967,Fuldtidsarbejde,1,Bachelorgrad,375.000 - 564.999 DKK om året,Meget godt,8000,Region Midtjylland
R_8QXADk2Huudf48Q,6,6,Kvinde,1986,Fuldtidsarbejde,0,Kandidatgrad,185.000 - 374.999 DKK om året,Godt,6100,Region Syddanmark
R_2rTP4RyLsmsFe1T,2,4,Mand,2000,Studerende,0,Gymnasial uddannelse,Foretrækker ikke at sige  ,Godt,2660,Region Hovedstaden
R_8wMHmzXmsxCmK3c,7,5,Kvinde,1982,Fuldtidsarbejde,2,Bachelorgrad,Foretrækker ikke at sige  ,Meget godt,8250,Region Midtjylland
R_25HJkqS6ETZeHU8,5,5,Mand,1984,Fuldtidsarbejde,1,Erhvervsuddannelse eller lignende,Foretrækker ikke at sige  ,Godt,6818,Region Syddanmark
R_8q8NA3vRH4WXRiR,6,6,Mand,1987,Fuldtidsarbejde,2,Bachelorgrad,375.000 - 564.999 DKK om året,Godt,7400,Region Midtjylland
R_2Qu62iDX6p5EQXl,3,3,Mand,1994,Fuldtidsarbejde,1,Gymnasial uddannelse,565.000 - 749.999 DKK om året,Meget godt,3650,Region Hovedstaden
R_2oHwC1LoclR1F17,4,4,Kvinde,2004,Fuldtidsarbejde,0,Gymnasial uddannelse,Mindre end 185.000 DKK om året,Godt,5700,Region Syddanmark
R_2ODfPZQ7vtZ24V2,3,1,Kvinde,1973,Pensioneret,0,Folkeskole ,Mindre end 185.000 DKK om året,Moderat ,8660,Region Midtjylland
R_2kRkvbdS4cjiX0z,5,3,Kvinde,2001,Studerende,0,Erhvervsuddannelse eller lignende,Mindre end 185.000 DKK om året,Godt,8000,Region Midtjylland
R_2HiUFuK3iBfNM09,3,3,Mand,1952,Pensioneret,0,Erhvervsuddannelse eller lignende,565.000 - 749.999 DKK om året,Moderat ,2960,Region Hovedstaden
R_2fCO40gWQrqBcu5,4,2,Kvinde,1956,Pensioneret,0,Erhvervsuddannelse eller lignende,185.000 - 374.999 DKK om året,Moderat ,3000,Region Hovedstaden
R_2HjUBkC1GyJS4s4,3,3,Mand,1951,Pensioneret,0,Erhvervsuddannelse eller lignende,565.000 - 749.999 DKK om året,Meget godt,2900,Region Hovedstaden
R_8P01MfJvEr6pZBX,3,2,Kvinde,1978,Deltidsarbejde,0,Bachelorgrad,375.000 - 564.999 DKK om året,Godt,4943,Region Sjælland
R_8t9zk3vGJm03DqG,4,2,Mand,1991,Fuldtidsarbejde,0,Erhvervsuddannelse eller lignende,375.000 - 564.999 DKK om året,Godt,3250,Region Hovedstaden
R_2Roowq8vFZfJpap,3,3,Mand,1974,Fuldtidsarbejde,0,Erhvervsuddannelse eller lignende,Foretrækker ikke at sige  ,Godt,6800,Region Syddanmark
R_8BouEeaCv9QtVQt,3,3,Kvinde,1964,Pensioneret,0,Erhvervsuddannelse eller lignende,185.000 - 374.999 DKK om året,Dårligt,7540,Region Midtjylland
R_84gZPtjw1u2Wdax,5,5,Kvinde,1993,Fuldtidsarbejde,0,Bachelorgrad,750.000 - 999.999 DKK om året,Godt,8260,Region Midtjylland
R_8gj9XEJbQ3kTpO7,5,4,Kvinde,1984,Deltidsarbejde,2,Bachelorgrad,185.000 - 374.999 DKK om året,Godt,7120,Region Syddanmark
R_2gTG2KkRyNG71Nm,4,5,,2004,Fuldtidsarbejde,0,Gymnasial uddannelse,Mindre end 185.000 DKK om året,Godt,8220,Region Midtjylland
R_2Dvfo4oPjnQQY7O,6,5,Mand,1966,Fuldtidsarbejde,0,Kandidatgrad,Mere end 1.500.000 DKK om året,Meget godt,3520,Region Hovedstaden
R_2eFE0ILoGLse2ZL,5,4,Kvinde,1970,Fuldtidsarbejde,0,Bachelorgrad,Foretrækker ikke at sige  ,Meget godt,4100,Region Sjælland
R_2GiDUNACa4V0Zd1,3,3,Kvinde,1997,Deltidsarbejde,1,Bachelorgrad,375.000 - 564.999 DKK om året,Meget godt,6900,Region Midtjylland
R_8aWsQ6Sz9RxGBS2,6,5,Mand,1968,Fuldtidsarbejde,0,Erhvervsuddannelse eller lignende,185.000 - 374.999 DKK om året,Dårligt,4281,Region Sjælland
R_8DD1pbvA3zFfRlL,4,3,Mand,1954,Pensioneret,0,Erhvervsuddannelse eller lignende,375.000 - 564.999 DKK om året,Dårligt,2450,Region Hovedstaden
R_8gTtqHcIqSkHYjL,2,1,Kvinde,1965,Fuldtidsarbejde,0,Bachelorgrad,375.000 - 564.999 DKK om året,Moderat ,4300,Region Sjælland
R_2og7R0rPTDmjmRX,4,2,Kvinde,2001,Studerende,0,Gymnasial uddannelse,Mindre end 185.000 DKK om året,Godt,8200,Region Midtjylland
R_2zIv9SjoTRW4297,3,3,Mand,2003,Fuldtidsarbejde,0,Erhvervsuddannelse eller lignende,565.000 - 749.999 DKK om året,Meget godt,4600,Region Sjælland
R_8sC46ONKWtajuKd,3,2,Kvinde,1969,Fuldtidsarbejde,0,Bachelorgrad,1.000.000 - 1.499.999 DKK om året,Meget godt,9600,Region Nordjylland
R_2diKhF90BwXbJh7,2,3,Kvinde,2004,Studerende,0,Gymnasial uddannelse,Foretrækker ikke at sige  ,Dårligt,2200,Region Hovedstaden
R_80xFq2jMYZIoxUD,4,3,Kvinde,1976,Fuldtidsarbejde,1,Bachelorgrad,375.000 - 564.999 DKK om året,Dårligt,9500,Region Nordjylland
R_2Srwp6b3jVduEEW,4,5,Kvinde,1958,Pensioneret,0,Gymnasial uddannelse,565.000 - 749.999 DKK om året,Moderat ,5953,Region Syddanmark
R_8HC3ADr0w58t56h,4,4,Kvinde,1977,Arbejdsløs og på udkig efter arbejde,1,Bachelorgrad,375.000 - 564.999 DKK om året,Godt,4000,Region Sjælland
R_20N5crpcBnmQ7uh,3,2,Kvinde,1970,Fuldtidsarbejde,0,Erhvervsuddannelse eller lignende,185.000 - 374.999 DKK om året,Godt,4000,Region Sjælland
R_2B6ugfoQ4kbDOEx,2,2,Kvinde,1988,Andet ,0,Folkeskole ,185.000 - 374.999 DKK om året,Dårligt,2740,Region Hovedstaden
R_8hptC44Se4LiIHn,3,2,Kvinde,1978,Fuldtidsarbejde,1,Bachelorgrad,750.000 - 999.999 DKK om året,Godt,9000,Region Nordjylland
R_8fvnUi66hV5vVVT,3,1,Kvinde,1996,Fuldtidsarbejde,0,Bachelorgrad,185.000 - 374.999 DKK om året,Godt,2400,Region Hovedstaden
R_264n2Ebo9UsrYou,4,3,Mand,1984,Fuldtidsarbejde,2,Folkeskole ,750.000 - 999.999 DKK om året,Godt,9500,Region Nordjylland
R_2a9wDusFWNrRHJN,3,2,Mand,1954,Pensioneret,0,Erhvervsuddannelse eller lignende,185.000 - 374.999 DKK om året,Meget godt,9460,Region Nordjylland
R_8HhICoB3MjlhE42,6,6,Mand,,Studerende,1,Folkeskole ,1.000.000 - 1.499.999 DKK om året,Meget godt,4440,Region Sjælland
R_21aSS0bBIOZSKH0,2,2,Kvinde,1991,Andet ,0,Bachelorgrad,Foretrækker ikke at sige  ,Godt,6000,Region Syddanmark
R_200trPyeJ3Yy9db,2,2,Mand,1966,Fuldtidsarbejde,0,Erhvervsuddannelse eller lignende,Foretrækker ikke at sige  ,Godt,2840,Region Hovedstaden
R_2CBLbPLXI1SMwTK,6,5,Kvinde,1951,Pensioneret,0,Erhvervsuddannelse eller lignende,565.000 - 749.999 DKK om året,Moderat ,7120,Region Syddanmark
R_2KIr4ToSy6bExFG,5,3,Kvinde,2004,Fuldtidsarbejde,0,Gymnasial uddannelse,375.000 - 564.999 DKK om året,Moderat ,2700,Region Hovedstaden
R_2eWfPd5hUtmienn,6,2,Kvinde,2004,Studerende,1,Bachelorgrad,Foretrækker ikke at sige  ,Godt,2300,Region Hovedstaden
R_2TBh27rZqK6eEWO,6,5,Mand,2005,Studerende,1,Folkeskole ,Foretrækker ikke at sige  ,Moderat ,5881,Region Syddanmark
R_2DGpaGprPrJvrl6,5,4,Kvinde,1969,Pensioneret,0,Folkeskole ,Foretrækker ikke at sige  ,Godt,7000,Region Syddanmark
R_28S8AaA7Id1tNqE,1,2,Mand,1952,Pensioneret,0,Erhvervsuddannelse eller lignende,375.000 - 564.999 DKK om året,Godt,3600,Region Hovedstaden
R_8TQQDtOSPk69YlQ,3,2,Mand,1951,Pensioneret,0,Erhvervsuddannelse eller lignende,375.000 - 564.999 DKK om året,Meget godt,8920,Region Midtjylland
R_8KOrjXw82Z7kE13,5,4,Mand,1966,Fuldtidsarbejde,0,Bachelorgrad,750.000 - 999.999 DKK om året,Godt,8830,Region Midtjylland
R_8absVP2VFOuPTDp,2,3,Mand,2001,Studerende,0,Gymnasial uddannelse,Mindre end 185.000 DKK om året,Moderat ,8000,Region Midtjylland
R_8ZIiVHfUh01h7k0,2,2,Kvinde,1955,Pensioneret,0,Erhvervsuddannelse eller lignende,1.000.000 - 1.499.999 DKK om året,Godt,2000,Region Hovedstaden
R_8J8Wn3v9z94YKAL,2,1,Mand,1981,Fuldtidsarbejde,0,Erhvervsuddannelse eller lignende,1.000.000 - 1.499.999 DKK om året,Godt,4700,Region Sjælland
R_845Eb8NuBRMPDJ7,5,3,Mand,1952,Pensioneret,0,Erhvervsuddannelse eller lignende,375.000 - 564.999 DKK om året,Godt,6500,Region Syddanmark
R_22YkbXzTgnHFExC,7,4,Kvinde,1996,Deltidsarbejde,1,Erhvervsuddannelse eller lignende,185.000 - 374.999 DKK om året,Godt,5792,Region Syddanmark
R_8GNugD7NTQLUSo3,5,3,Mand,1958,Pensioneret,0,Gymnasial uddannelse,Mindre end 185.000 DKK om året,Meget godt,8700,Region Midtjylland
R_2tzHrY45i7heNFF,2,2,Kvinde,1963,Fuldtidsarbejde,0,Erhvervsuddannelse eller lignende,Foretrækker ikke at sige  ,Moderat ,2635,Region Hovedstaden
R_2FsStrmCHHuRVNw,6,4,Kvinde,1962,Fuldtidsarbejde,0,Erhvervsuddannelse eller lignende,375.000 - 564.999 DKK om året,Godt,4340,Region Sjælland
R_8gc6DKIAwg5WXBL,3,2,Mand,1967,Fuldtidsarbejde,0,Kandidatgrad,1.000.000 - 1.499.999 DKK om året,Godt,4300,Region Sjælland
R_2dX5wUPdjsVbcFW,4,4,Mand,1991,Fuldtidsarbejde,1,Bachelorgrad,750.000 - 999.999 DKK om året,Godt,8362,Region Midtjylland
R_2JgGsv9HiERxD9K,3,3,Mand,1972,Fuldtidsarbejde,0,Bachelorgrad,750.000 - 999.999 DKK om året,Godt,7500,Region Midtjylland
R_2hm3oHkbTlQ23dk,3,2,Kvinde,2002,Studerende,0,Gymnasial uddannelse,185.000 - 374.999 DKK om året,Godt,2200,Region Hovedstaden
R_8JgXddCh3zOwAaq,3,2,Kvinde,1980,Fuldtidsarbejde,0,Erhvervsuddannelse eller lignende,750.000 - 999.999 DKK om året,Meget godt,6600,Region Syddanmark
R_2Ez5RPnyYdrykow,4,3,Mand,1956,Pensioneret,0,Erhvervsuddannelse eller lignende,375.000 - 564.999 DKK om året,Meget godt,2600,Region Hovedstaden
R_8XcmJupHoX89aNP,5,4,Mand,1972,Deltidsarbejde,0,Erhvervsuddannelse eller lignende,375.000 - 564.999 DKK om året,Dårligt,4171,Region Sjælland
R_2sR9r3IfdmKPhOI,1,1,Kvinde,1987,Deltidsarbejde,1,Erhvervsuddannelse eller lignende,565.000 - 749.999 DKK om året,Godt,2600,Region Hovedstaden
R_8JpZ0TUWO8nbycD,2,2,Mand,1950,Pensioneret,0,Folkeskole ,185.000 - 374.999 DKK om året,Dårligt,2630,Region Hovedstaden
R_8UU4gkLobH679bX,6,5,Mand,1954,Pensioneret,0,Erhvervsuddannelse eller lignende,185.000 - 374.999 DKK om året,Moderat ,8740,Region Midtjylland
R_2yrg4eYafV9F8TT,5,3,Kvinde,1962,Pensioneret,0,Bachelorgrad,Foretrækker ikke at sige  ,Moderat ,4180,Region Sjælland
R_8ZR2mZtjYTKDr7H,3,2,Kvinde,1960,Pensioneret,0,Erhvervsuddannelse eller lignende,185.000 - 374.999 DKK om året,Godt,2800,Region Hovedstaden
R_85LxpISK0XdAKwS,4,3,Kvinde,,Studerende,0,Folkeskole ,Foretrækker ikke at sige  ,Godt,6000,Region Syddanmark
R_8XieX6bnEUjHCpN,5,3,Mand,1951,Pensioneret,0,Erhvervsuddannelse eller lignende,375.000 - 564.999 DKK om året,Godt,2650,Region Hovedstaden
R_2hyj28PrzrQcijO,2,2,Kvinde,1965,Fuldtidsarbejde,0,Bachelorgrad,1.000.000 - 1.499.999 DKK om året,Godt,4100,Region Sjælland
R_8PdaTRz2TadARAo,4,4,Mand,1951,Pensioneret,0,Gymnasial uddannelse,375.000 - 564.999 DKK om året,Meget godt,5210,Region Syddanmark
R_2Hx6UveHItBVn3j,3,2,Mand,1967,Fuldtidsarbejde,0,Erhvervsuddannelse eller lignende,750.000 - 999.999 DKK om året,Moderat ,2600,Region Hovedstaden
R_8ksQxphGF3qNN5s,5,4,Mand,1968,Fuldtidsarbejde,0,Erhvervsuddannelse eller lignende,1.000.000 - 1.499.999 DKK om året,Godt,3660,Region Hovedstaden
R_2qEduqB4SalsnVI,2,3,Mand,1955,Pensioneret,0,Gymnasial uddannelse,1.000.000 - 1.499.999 DKK om året,Dårligt,3400,Region Hovedstaden
R_8lYLicJSntEVbUM,5,4,Kvinde,1968,Deltidsarbejde,0,Erhvervsuddannelse eller lignende,375.000 - 564.999 DKK om året,Dårligt,2950,Region Hovedstaden
R_8fK1KQLHdPo3DOz,1,1,Mand,1969,Fuldtidsarbejde,1,Erhvervsuddannelse eller lignende,Foretrækker ikke at sige  ,Godt,8700,Region Midtjylland
R_8OhKu0LWFfbyMs9,2,1,Kvinde,2001,Arbejdsløs og på udkig efter arbejde,0,Gymnasial uddannelse,Mindre end 185.000 DKK om året,Godt,5000,Region Syddanmark
R_8tumKhD0HfUEg5C,5,3,Mand,1966,Fuldtidsarbejde,0,Erhvervsuddannelse eller lignende,565.000 - 749.999 DKK om året,Godt,9490,Region Nordjylland
R_8gRFWdqvxteB52F,2,2,Kvinde,1965,Fuldtidsarbejde,0,Bachelorgrad,750.000 - 999.999 DKK om året,Moderat ,9490,Region Nordjylland
R_2KBB3RkfCZw53oY,5,4,Kvinde,1994,Fuldtidsarbejde,0,Kandidatgrad,750.000 - 999.999 DKK om året,Godt,2650,Region Hovedstaden
R_8jqu2lvK2yqniQv,3,2,Mand,1994,Fuldtidsarbejde,1,Erhvervsuddannelse eller lignende,565.000 - 749.999 DKK om året,Godt,6000,Region Syddanmark
R_8B8OQ7mYSDtYhe0,5,5,Kvinde,1981,Fuldtidsarbejde,0,Bachelorgrad,375.000 - 564.999 DKK om året,Godt,8000,Region Midtjylland
R_2cW1mhKnBypv4id,6,5,Mand,1950,Pensioneret,0,Bachelorgrad,185.000 - 374.999 DKK om året,Meget godt,5700,Region Syddanmark
R_8hsDWMnp09zS5eG,2,3,Kvinde,2004,Fuldtidsarbejde,1,Gymnasial uddannelse,Mindre end 185.000 DKK om året,Godt,8362,Region Midtjylland
R_2aFQWISMtTMDsKo,5,4,Kvinde,2002,Studerende,0,Gymnasial uddannelse,Mindre end 185.000 DKK om året,Godt,1311,Region Hovedstaden
R_8KjsJTFMsljc4e7,4,4,Mand,1991,Fuldtidsarbejde,0,Bachelorgrad,750.000 - 999.999 DKK om året,Godt,3460,Region Hovedstaden
R_8FKXgHhu3Iu1r8T,2,1,Kvinde,1987,Fuldtidsarbejde,0,Erhvervsuddannelse eller lignende,185.000 - 374.999 DKK om året,Godt,8920,Region Midtjylland
R_23agrm5IYutUoxT,5,5,Mand,1954,Pensioneret,0,Gymnasial uddannelse,Mindre end 185.000 DKK om året,Dårligt,5540,Region Syddanmark
R_2tzcUDrcmUIQGxj,3,3,Kvinde,1949,Pensioneret,0,Erhvervsuddannelse eller lignende,185.000 - 374.999 DKK om året,Godt,2870,Region Hovedstaden
R_8osYeJNWlxJDHoB,1,4,Kvinde,2005,Studerende,0,Folkeskole ,Mindre end 185.000 DKK om året,Moderat ,4200,Region Sjælland
R_21zcLciQE5PDuOq,7,5,Mand,1985,Fuldtidsarbejde,2,Erhvervsuddannelse eller lignende,1.000.000 - 1.499.999 DKK om året,Godt,5474,Region Syddanmark
R_2VJALJCx9qGvPwN,3,4,Kvinde,,Deltidsarbejde,0,Gymnasial uddannelse,185.000 - 374.999 DKK om året,Moderat ,,
R_8VfNNiEJjBPCRKY,3,1,Kvinde,1992,Studerende,1,Erhvervsuddannelse eller lignende,185.000 - 374.999 DKK om året,Dårligt,5330,Region Syddanmark
R_8V3zeSkLHmfWCdP,5,4,Kvinde,1954,Pensioneret,0,Bachelorgrad,Foretrækker ikke at sige  ,Meget godt,6600,Region Syddanmark
R_87glkfI7PccyTGi,5,5,Mand,1949,Pensioneret,0,Bachelorgrad,565.000 - 749.999 DKK om året,Godt,2300,Region Hovedstaden
R_8YQi8Z2YXuJB5Y4,7,5,Kvinde,1965,Deltidsarbejde,0,Erhvervsuddannelse eller lignende,1.000.000 - 1.499.999 DKK om året,Godt,8382,Region Midtjylland
R_2pPEOG5ZBtsFvoy,5,4,Kvinde,1965,Pensioneret,0,Bachelorgrad,185.000 - 374.999 DKK om året,Godt,2300,Region Hovedstaden
R_8lYvhzYzD5OiDIL,4,4,Mand,1968,Andet ,0,Erhvervsuddannelse eller lignende,565.000 - 749.999 DKK om året,Meget godt,6100,Region Syddanmark
R_2f1orrKGqvdmoed,5,5,Kvinde,1955,Pensioneret,0,Erhvervsuddannelse eller lignende,565.000 - 749.999 DKK om året,Moderat ,2750,Region Hovedstaden
R_8Fjuc34ZTJX3PmV,3,2,Kvinde,2001,Studerende,0,Gymnasial uddannelse,Mindre end 185.000 DKK om året,Moderat ,5000,Region Syddanmark
R_8gkxVPtvP0WG1Ws,2,2,Mand,1968,Fuldtidsarbejde,0,Erhvervsuddannelse eller lignende,375.000 - 564.999 DKK om året,Godt,4622,Region Sjælland
R_8CophG04C3BmHtv,4,3,Kvinde,1955,Pensioneret,0,Folkeskole ,565.000 - 749.999 DKK om året,Moderat ,5250,Region Syddanmark
R_2TSPJJEXPBLoMY7,4,1,Kvinde,1966,Andet ,0,Bachelorgrad,Foretrækker ikke at sige  ,Dårligt,6000,Region Syddanmark
R_8PXhsaRDv8AE3yr,4,4,Kvinde,1950,Pensioneret,0,Erhvervsuddannelse eller lignende,Foretrækker ikke at sige  ,Moderat ,8752,Region Midtjylland
R_8M5TQgnNrCFaN4v,4,4,Mand,1956,Pensioneret,0,Bachelorgrad,185.000 - 374.999 DKK om året,Godt,7741,Region Nordjylland
R_2nHKrKHBUPCUVjr,2,3,Kvinde,2003,Studerende,0,Gymnasial uddannelse,Foretrækker ikke at sige  ,Moderat ,4200,Region Sjælland
R_8g3IU6yX4lKsxd7,5,4,Kvinde,1986,Fuldtidsarbejde,0,Kandidatgrad,Mere end 1.500.000 DKK om året,Godt,7400,Region Midtjylland
R_8IcwQqxuPzQ3CXw,4,2,Mand,1968,Fuldtidsarbejde,1,Gymnasial uddannelse,185.000 - 374.999 DKK om året,Godt,1310,Region Hovedstaden
R_8R7wGsgTi9Nhfja,7,4,Mand,1966,Fuldtidsarbejde,0,Kandidatgrad,1.000.000 - 1.499.999 DKK om året,Godt,7183,Region Syddanmark
R_2stqH1NNiV8xZmI,5,2,Kvinde,1967,Pensioneret,0,Kandidatgrad,185.000 - 374.999 DKK om året,Moderat ,8471,Region Midtjylland
R_89tx92TVqu1gr3N,5,4,Kvinde,1962,Pensioneret,0,Erhvervsuddannelse eller lignende,375.000 - 564.999 DKK om året,Godt,5750,Region Syddanmark
R_8Wnk6Gy0YymPGKZ,2,1,Mand,1954,Pensioneret,0,Bachelorgrad,185.000 - 374.999 DKK om året,Godt,8670,Region Midtjylland
R_2gRoy6Dwg247Usx,4,4,Kvinde,2001,Studerende,0,Gymnasial uddannelse,375.000 - 564.999 DKK om året,Meget godt,9900,Region Nordjylland
R_2OtEMkIIsUXWTfP,4,3,Mand,1955,Pensioneret,0,Bachelorgrad,375.000 - 564.999 DKK om året,Meget godt,3540,Region Hovedstaden
R_8dGG8KCn2Psaijk,2,4,Kvinde,1995,Fuldtidsarbejde,0,Bachelorgrad,185.000 - 374.999 DKK om året,Moderat ,4000,Region Sjælland
R_2nv2dKtGNrOQDUf,5,5,Kvinde,1984,Andet ,2,Erhvervsuddannelse eller lignende,Foretrækker ikke at sige  ,Foretrækker ikke at sige,8920,Region Midtjylland
R_8IwAUVqt4nZfth7,5,5,Kvinde,1952,Pensioneret,0,Kandidatgrad,750.000 - 999.999 DKK om året,Godt,1437,Region Hovedstaden
R_8YP2trRQQYJJAFk,5,3,Mand,1966,Fuldtidsarbejde,0,Erhvervsuddannelse eller lignende,565.000 - 749.999 DKK om året,Meget godt,7441,Region Midtjylland
R_8isPc1aK5ntS6Gp,4,2,Mand,1966,Fuldtidsarbejde,0,Erhvervsuddannelse eller lignende,750.000 - 999.999 DKK om året,Moderat ,8930,Region Midtjylland
R_8rGXqxENK4CwVVW,5,4,Mand,1984,Fuldtidsarbejde,2,Kandidatgrad,750.000 - 999.999 DKK om året,Godt,8960,Region Midtjylland
R_8t5b3qEgJpxNkA3,6,6,Kvinde,1952,Pensioneret,0,Bachelorgrad,185.000 - 374.999 DKK om året,Meget godt,6710,Region Syddanmark
R_8oqkdDNnRJvtd19,4,4,Kvinde,2001,Studerende,0,Gymnasial uddannelse,Mindre end 185.000 DKK om året,Meget godt,2200,Region Hovedstaden
R_8BWa6fhVUrFJm9f,2,1,Mand,1981,Fuldtidsarbejde,1,Erhvervsuddannelse eller lignende,565.000 - 749.999 DKK om året,Moderat ,6580,Region Syddanmark
R_81tXqMfAh7RLW8v,5,5,Mand,1965,Fuldtidsarbejde,0,Kandidatgrad,750.000 - 999.999 DKK om året,Godt,3600,Region Hovedstaden
R_2nVXvTt0NUSYG1d,4,4,Mand,1964,Fuldtidsarbejde,0,Bachelorgrad,375.000 - 564.999 DKK om året,Moderat ,7430,Region Midtjylland
R_2fj7xCynlvcvj2i,5,5,Kvinde,1983,Fuldtidsarbejde,0,Bachelorgrad,375.000 - 564.999 DKK om året,Meget godt,8240,Region Midtjylland
R_29oIc44pWTUWdTX,5,5,Mand,1955,Pensioneret,0,Gymnasial uddannelse,375.000 - 564.999 DKK om året,Godt,4000,Region Sjælland
R_2FT1DBJ6SsIdMLn,5,4,Mand,1967,Andet ,0,Erhvervsuddannelse eller lignende,375.000 - 564.999 DKK om året,Moderat ,6000,Region Syddanmark
R_8TRlyMsqJdzNNrK,4,4,Kvinde,1968,Fuldtidsarbejde,0,Erhvervsuddannelse eller lignende,185.000 - 374.999 DKK om året,Godt,4800,Region Sjælland
R_23BtMeepCNAOcfL,2,2,Kvinde,1958,Pensioneret,0,Erhvervsuddannelse eller lignende,185.000 - 374.999 DKK om året,Godt,4220,Region Sjælland
R_8NxGH8MsqmfKYMt,4,2,Ikke binær,1964,Deltidsarbejde,0,Bachelorgrad,185.000 - 374.999 DKK om året,Moderat ,8500,Region Midtjylland
R_8FX65bLU3uxjSLi,5,4,Mand,1980,Fuldtidsarbejde,0,Gymnasial uddannelse,375.000 - 564.999 DKK om året,Godt,4780,Region Sjælland
R_2qa2RXKaXk3vrXX,5,4,Kvinde,1980,Fuldtidsarbejde,0,Bachelorgrad,Foretrækker ikke at sige  ,Moderat ,9382,Region Nordjylland
R_2QyLSBxZ1jByETW,5,5,Mand,1973,Fuldtidsarbejde,2,Erhvervsuddannelse eller lignende,1.000.000 - 1.499.999 DKK om året,Godt,6400,Region Syddanmark
R_8coQmAeDjbwzEtz,5,4,Kvinde,1997,Studerende,0,Gymnasial uddannelse,185.000 - 374.999 DKK om året,Moderat ,4000,Region Sjælland
R_2jTVn8X5kE4M9Uq,4,2,Mand,1953,Pensioneret,0,Folkeskole ,565.000 - 749.999 DKK om året,Meget godt,5610,Region Syddanmark
R_82bc7qMQ2796R9t,4,3,Mand,1966,Fuldtidsarbejde,0,Kandidatgrad,750.000 - 999.999 DKK om året,Godt,2650,Region Hovedstaden
R_2l3Ge7AOg1gYFMB,2,2,Mand,1953,Pensioneret,0,Erhvervsuddannelse eller lignende,375.000 - 564.999 DKK om året,Godt,8850,Region Midtjylland
R_8PMJJRRxdqaczdV,6,5,Kvinde,1965,Deltidsarbejde,0,PhD,Foretrækker ikke at sige  ,Moderat ,2980,Region Hovedstaden
R_8OQ6LglmIqfxp16,5,5,Kvinde,1973,Fuldtidsarbejde,0,Bachelorgrad,185.000 - 374.999 DKK om året,Meget godt,8361,Region Midtjylland
R_2xLdbg00Jjr6dWs,3,3,Mand,1995,Studerende,0,Bachelorgrad,185.000 - 374.999 DKK om året,Godt,8240,Region Midtjylland
R_2D13ybuxUT0Vv5W,4,4,Mand,1967,Fuldtidsarbejde,0,Bachelorgrad,750.000 - 999.999 DKK om året,Moderat ,8362,Region Midtjylland
R_8WQ2i7FlsDnbNcJ,5,4,Kvinde,1985,Fuldtidsarbejde,1,Kandidatgrad,565.000 - 749.999 DKK om året,Godt,2300,Region Hovedstaden
R_8eq2mF792Fhe4Hs,5,4,Mand,1973,Deltidsarbejde,0,Erhvervsuddannelse eller lignende,375.000 - 564.999 DKK om året,Godt,4720,Region Sjælland
R_8g27XYkNnTQQ8Lf,5,3,Kvinde,1955,Pensioneret,0,Gymnasial uddannelse,185.000 - 374.999 DKK om året,Moderat ,9510,Region Nordjylland
R_8OokC28w1JCBvq3,5,4,Kvinde,1992,Studerende,0,Kandidatgrad,Mindre end 185.000 DKK om året,Godt,3520,Region Hovedstaden
R_2yg76A74qLyIcSE,5,5,Mand,1984,Fuldtidsarbejde,3,Bachelorgrad,565.000 - 749.999 DKK om året,Meget godt,5250,Region Syddanmark
R_8Ct2NYQTMFjDH6p,4,3,Kvinde,1967,Fuldtidsarbejde,0,Kandidatgrad,1.000.000 - 1.499.999 DKK om året,Meget godt,5500,Region Syddanmark
R_2wtdOPFu3rhHUwc,3,3,Kvinde,1977,Fuldtidsarbejde,0,Erhvervsuddannelse eller lignende,375.000 - 564.999 DKK om året,Meget godt,6700,Region Syddanmark
R_82nfLnfM0F7exGY,3,2,Kvinde,1984,Fuldtidsarbejde,0,Erhvervsuddannelse eller lignende,375.000 - 564.999 DKK om året,Godt,8800,Region Midtjylland
R_8QG7fzU1HGAPYje,3,2,Mand,1958,Fuldtidsarbejde,0,Bachelorgrad,1.000.000 - 1.499.999 DKK om året,Godt,8800,Region Midtjylland
R_22EumgLaEifOTc9,5,5,Mand,1954,Pensioneret,0,Bachelorgrad,185.000 - 374.999 DKK om året,Godt,8700,Region Midtjylland
R_2szAqR4fqi64OBD,3,4,Kvinde,1968,Pensioneret,0,Gymnasial uddannelse,185.000 - 374.999 DKK om året,Dårligt,8920,Region Midtjylland
R_8Qt75JTsfFjddtG,4,4,Kvinde,1960,Andet ,0,Erhvervsuddannelse eller lignende,Foretrækker ikke at sige  ,Godt,2000,Region Hovedstaden
R_84nOr45PFs18L8x,6,6,Kvinde,1997,Fuldtidsarbejde,0,Kandidatgrad,Foretrækker ikke at sige  ,Meget godt,5540,Region Syddanmark
R_82M5vobG06WRGtE,5,5,Mand,1956,Pensioneret,0,Kandidatgrad,375.000 - 564.999 DKK om året,Godt,2600,Region Hovedstaden
R_2aeoIqrVIRHQUbn,6,7,Kvinde,1971,Fuldtidsarbejde,0,Kandidatgrad,375.000 - 564.999 DKK om året,Meget godt,8800,Region Midtjylland
R_8vDOJAi85EDgf8R,6,5,Kvinde,1952,Pensioneret,0,Erhvervsuddannelse eller lignende,185.000 - 374.999 DKK om året,Godt,7760,Region Nordjylland
R_8L3ATClyxLsh2ZH,5,5,Mand,1982,Arbejdsløs og på udkig efter arbejde,2,Erhvervsuddannelse eller lignende,Foretrækker ikke at sige  ,Godt,4320,Region Sjælland
R_8rdeaIjJk7XWUlJ,6,4,Kvinde,1977,Pensioneret,1,Kandidatgrad,185.000 - 374.999 DKK om året,Dårligt,5500,Region Syddanmark
R_8cClknpWgnzTkTD,4,4,Mand,1954,Pensioneret,0,Folkeskole ,565.000 - 749.999 DKK om året,Moderat ,2000,Region Hovedstaden
R_8pWwHP2SGu98wQN,3,1,Kvinde,1991,Fuldtidsarbejde,1,Bachelorgrad,375.000 - 564.999 DKK om året,Godt,6650,Region Syddanmark
R_2otzdvwr0xsm8x3,1,1,Mand,1995,Studerende,0,Bachelorgrad,565.000 - 749.999 DKK om året,Moderat ,2460,
R_8GeizSZyFDoNWOR,2,2,Mand,1991,Fuldtidsarbejde,0,Kandidatgrad,Mindre end 185.000 DKK om året,Godt,5260,Region Syddanmark
R_84NRVTGBgtqoBdx,2,2,Mand,1952,Pensioneret,0,Bachelorgrad,375.000 - 564.999 DKK om året,Meget godt,7130,Region Midtjylland
R_2hrEbpMXqhLAbfj,5,2,Kvinde,2004,Andet ,0,Gymnasial uddannelse,Mindre end 185.000 DKK om året,Moderat ,7830,Region Midtjylland
R_8JlQVINr6qg8f3s,5,1,Kvinde,1965,Fuldtidsarbejde,0,Bachelorgrad,Foretrækker ikke at sige  ,Godt,3450,Region Hovedstaden
R_8m4RfsY9t9jge9L,1,1,Mand,2000,Fuldtidsarbejde,0,Gymnasial uddannelse,185.000 - 374.999 DKK om året,Moderat ,4500,Region Sjælland
R_2GBQniGDdf2rTYD,5,5,Mand,1955,Pensioneret,0,Kandidatgrad,185.000 - 374.999 DKK om året,Moderat ,4632,Region Sjælland
R_8fjxy5enAxV2LH0,5,4,Kvinde,1964,Arbejdsløs og på udkig efter arbejde,0,Erhvervsuddannelse eller lignende,Foretrækker ikke at sige  ,Godt,5230,Region Syddanmark
R_8OoET1q55kRVrS0,5,4,Mand,1967,Fuldtidsarbejde,0,Kandidatgrad,Foretrækker ikke at sige  ,Godt,2300,Region Hovedstaden
R_2EZo1wKMPv8WBuq,6,7,Kvinde,1996,Fuldtidsarbejde,0,Bachelorgrad,375.000 - 564.999 DKK om året,Meget godt,1902,Region Hovedstaden
R_2du3FRgHQZ2uf7x,7,4,Kvinde,1967,Deltidsarbejde,0,Bachelorgrad,185.000 - 374.999 DKK om året,Godt,4000,Region Sjælland
R_2fiFBCjZqJv7wWw,4,4,Kvinde,1993,Fuldtidsarbejde,0,Gymnasial uddannelse,185.000 - 374.999 DKK om året,Meget godt,8260,Region Midtjylland
R_2rIG2DXW2zM5nlE,2,2,Mand,1981,Deltidsarbejde,1,Erhvervsuddannelse eller lignende,375.000 - 564.999 DKK om året,Godt,2300,Region Hovedstaden
R_84cKYkTp5s8KOqu,3,2,Mand,1966,Fuldtidsarbejde,0,Erhvervsuddannelse eller lignende,375.000 - 564.999 DKK om året,Moderat ,3050,Region Hovedstaden
R_2mWu47t4XuQXT50,2,2,Kvinde,1998,Fuldtidsarbejde,0,Erhvervsuddannelse eller lignende,750.000 - 999.999 DKK om året,Godt,7500,Region Midtjylland
R_2LGlgYEwyXO0eBz,5,4,Mand,1982,Fuldtidsarbejde,2,PhD,750.000 - 999.999 DKK om året,Meget godt,2630,Region Hovedstaden
R_2UKuOjOaXMYr1AJ,5,4,Kvinde,1958,Pensioneret,0,Kandidatgrad,750.000 - 999.999 DKK om året,Meget godt,8250,Region Midtjylland
R_2Q6BJ5Bjx0M2FvE,5,5,Kvinde,,Andet ,2,Erhvervsuddannelse eller lignende,185.000 - 374.999 DKK om året,Moderat ,,
R_2iwXQAahYL6nDkx,1,4,Kvinde,2000,Studerende,0,Gymnasial uddannelse,185.000 - 374.999 DKK om året,Meget godt,8000,Region Midtjylland
R_8HIyOdJqEUbdEMH,5,4,Kvinde,1967,Fuldtidsarbejde,0,Bachelorgrad,1.000.000 - 1.499.999 DKK om året,Moderat ,4800,Region Sjælland
R_8YaWqpNCGNI2SwA,2,2,Mand,1973,Fuldtidsarbejde,0,Bachelorgrad,375.000 - 564.999 DKK om året,Godt,7400,Region Midtjylland
R_2tbZIsBxXaC3dWY,4,2,Mand,1965,Fuldtidsarbejde,0,Bachelorgrad,750.000 - 999.999 DKK om året,Godt,4850,Region Sjælland
R_2pR8iWo8uuOuCDR,2,1,Mand,2004,Studerende,0,Gymnasial uddannelse,Mindre end 185.000 DKK om året,Godt,5000,Region Syddanmark
R_8I497VnU0YUV3O9,2,2,Kvinde,2004,Studerende,0,Folkeskole ,Mindre end 185.000 DKK om året,Meget godt,4180,Region Sjælland
R_20wQJMeP9EjwZDj,6,6,Mand,1966,Fuldtidsarbejde,2,Erhvervsuddannelse eller lignende,Mere end 1.500.000 DKK om året,Moderat ,3400,Region Hovedstaden
R_25LpWBMUNBkPspe,3,1,Kvinde,1955,Pensioneret,0,Erhvervsuddannelse eller lignende,Mindre end 185.000 DKK om året,Moderat ,5792,Region Syddanmark
R_20MZF8zda0goi4z,5,3,Mand,1952,Deltidsarbejde,0,PhD,185.000 - 374.999 DKK om året,Meget godt,4293,Region Sjælland
R_2WuOozoBynjr8nC,3,1,Mand,1981,Fuldtidsarbejde,0,Kandidatgrad,375.000 - 564.999 DKK om året,Moderat ,8700,Region Midtjylland
R_8a9nhifMfOu8mJP,2,4,Kvinde,1966,Andet ,0,Erhvervsuddannelse eller lignende,185.000 - 374.999 DKK om året,Godt,4470,Region Sjælland
R_8OUO4We7So1BYlE,5,2,Mand,1986,Fuldtidsarbejde,2,Erhvervsuddannelse eller lignende,375.000 - 564.999 DKK om året,Godt,8900,Region Midtjylland
R_2MFkxvnkOlpv58L,7,7,Mand,1968,Fuldtidsarbejde,0,Erhvervsuddannelse eller lignende,375.000 - 564.999 DKK om året,Godt,8800,Region Midtjylland
R_8Gy3Z1toL0VvcH3,7,6,Kvinde,,Pensioneret,0,Foretrækker ikke at svare,185.000 - 374.999 DKK om året,Moderat ,,
R_8hFtbmMU9FsORer,6,5,Kvinde,1970,Fuldtidsarbejde,0,Kandidatgrad,Mere end 1.500.000 DKK om året,Moderat ,6700,Region Syddanmark
R_20362ZlTUVz0omt,3,3,Kvinde,1984,Fuldtidsarbejde,1,Bachelorgrad,750.000 - 999.999 DKK om året,Godt,8600,Region Midtjylland
R_2EmLBx4CbkBPA5D,4,3,Kvinde,1983,Fuldtidsarbejde,1,Bachelorgrad,Foretrækker ikke at sige  ,Moderat ,8881,Region Midtjylland
R_86Flh7dJOHLmSk1,4,2,Kvinde,1973,Fuldtidsarbejde,0,Bachelorgrad,750.000 - 999.999 DKK om året,Godt,8000,Region Midtjylland
R_2kYaNYBHK9dx6x6,6,4,Kvinde,1951,Pensioneret,0,Bachelorgrad,565.000 - 749.999 DKK om året,Godt,8260,Region Midtjylland
R_8KNRL5P1DUMtNHt,5,5,Kvinde,2001,Studerende,0,Gymnasial uddannelse,Mindre end 185.000 DKK om året,Godt,8200,Region Midtjylland
R_2f3IKawjjtOgDXX,4,2,Kvinde,1990,Fuldtidsarbejde,0,PhD,Mere end 1.500.000 DKK om året,Godt,2100,Region Hovedstaden
R_24lEdnDGieSq6pr,5,4,Kvinde,1984,Fuldtidsarbejde,1,Kandidatgrad,Foretrækker ikke at sige  ,Godt,8000,Region Midtjylland
R_88fI91LaSvBucGR,2,2,Kvinde,1994,Studerende,0,Erhvervsuddannelse eller lignende,Mindre end 185.000 DKK om året,Godt,8900,Region Midtjylland
R_8lKtzK5VD1N5yDc,5,4,Kvinde,2000,Studerende,0,Gymnasial uddannelse,185.000 - 374.999 DKK om året,Godt,8000,Region Midtjylland
R_8DAMGOdiCxbcFE2,4,2,Kvinde,1994,Deltidsarbejde,0,Bachelorgrad,185.000 - 374.999 DKK om året,Dårligt,8000,Region Midtjylland
R_8lTeF0EZk9AX6b7,6,4,Kvinde,1949,Pensioneret,0,Erhvervsuddannelse eller lignende,185.000 - 374.999 DKK om året,Meget godt,4000,Region Sjælland
R_2qoNWSdSyqHJpzH,4,4,Mand,1981,Fuldtidsarbejde,0,Erhvervsuddannelse eller lignende,565.000 - 749.999 DKK om året,Godt,4970,Region Sjælland
R_2j0Yj4TN2ci4DPZ,5,4,Kvinde,2001,Studerende,0,Gymnasial uddannelse,Mindre end 185.000 DKK om året,Godt,4100,Region Sjælland
R_2WIogTup8iasW9W,5,4,Kvinde,2003,Fuldtidsarbejde,0,Gymnasial uddannelse,Foretrækker ikke at sige  ,Godt,2300,Region Hovedstaden
R_84iv7QQ0h9FPBXN,5,5,Kvinde,1974,Fuldtidsarbejde,0,Erhvervsuddannelse eller lignende,1.000.000 - 1.499.999 DKK om året,Moderat ,2670,Region Sjælland
R_2bIejIvS4bvaB8g,3,3,Mand,1952,Fuldtidsarbejde,0,PhD,750.000 - 999.999 DKK om året,Moderat ,4540,Region Sjælland
R_80YBot8Ggh7HFRv,7,4,Kvinde,1965,Deltidsarbejde,0,Kandidatgrad,185.000 - 374.999 DKK om året,Godt,1951,Region Hovedstaden
R_2VQiwaVkBgEdVC1,7,4,Mand,1985,Studerende,0,Bachelorgrad,Mindre end 185.000 DKK om året,Godt,8960,Region Midtjylland
R_2HKMs8z0c8cdBM5,2,2,Kvinde,2005,Deltidsarbejde,0,Gymnasial uddannelse,Foretrækker ikke at sige  ,Moderat ,5270,Region Syddanmark
R_22DdDnLljDdqZdn,5,4,Kvinde,1996,Fuldtidsarbejde,0,Bachelorgrad,375.000 - 564.999 DKK om året,Moderat ,5230,Region Syddanmark
R_2D5uFxo3X6PXlrL,3,2,Mand,1993,Fuldtidsarbejde,1,Bachelorgrad,1.000.000 - 1.499.999 DKK om året,Godt,2990,Region Hovedstaden
R_8axZlhXIS4X4TTD,5,4,Kvinde,2004,Studerende,2,Folkeskole ,Foretrækker ikke at sige  ,Meget godt,2970,Region Hovedstaden
R_26TMxtNCkrs1W9z,7,4,Kvinde,1999,Fuldtidsarbejde,0,Erhvervsuddannelse eller lignende,185.000 - 374.999 DKK om året,Godt,9460,Region Nordjylland
R_8G85tjxrDv7Tm8N,5,3,Kvinde,1994,Fuldtidsarbejde,0,Bachelorgrad,Foretrækker ikke at sige  ,Godt,2200,Region Hovedstaden
R_8a7MxM75mp6bv8Z,4,4,Mand,1983,Fuldtidsarbejde,2,Bachelorgrad,375.000 - 564.999 DKK om året,Godt,9240,Region Nordjylland
R_8E6jANYOof8oai5,2,2,Kvinde,2005,Studerende,0,Folkeskole ,Foretrækker ikke at sige  ,Godt,2640,Region Hovedstaden
R_8CML9df8kMJrndn,5,4,Kvinde,1966,Hjemmegående,0,Kandidatgrad,565.000 - 749.999 DKK om året,Meget godt,6520,Region Syddanmark
R_82TluQxe1XwlWmt,6,5,Mand,2005,Studerende,0,Folkeskole ,Foretrækker ikke at sige  ,Moderat ,5882,Region Syddanmark
R_2mltfrYanyzdSCZ,4,4,Mand,1983,Fuldtidsarbejde,3,Bachelorgrad,1.000.000 - 1.499.999 DKK om året,Meget godt,6100,Region Syddanmark
R_7TWP41UppONbaZX,2,2,Kvinde,1964,Fuldtidsarbejde,0,Erhvervsuddannelse eller lignende,Foretrækker ikke at sige  ,Godt,2100,Region Hovedstaden
R_2TbYUJMbKVKTBAZ,5,4,Kvinde,1978,Fuldtidsarbejde,1,Bachelorgrad,750.000 - 999.999 DKK om året,Moderat ,2300,Region Hovedstaden
R_8w7ak6Ruy5pJkPa,5,4,Mand,1951,Pensioneret,0,Bachelorgrad,375.000 - 564.999 DKK om året,Meget godt,7330,Region Midtjylland
R_8drVAiItmhP4qbk,5,4,Mand,1967,Fuldtidsarbejde,3,Kandidatgrad,1.000.000 - 1.499.999 DKK om året,Godt,4100,Region Sjælland
R_8k08xZQEWUmvgMt,4,3,Mand,1966,Fuldtidsarbejde,0,Gymnasial uddannelse,750.000 - 999.999 DKK om året,Godt,2765,Region Hovedstaden
R_2P6wCKwHK8tjHl4,7,6,Mand,1957,Fuldtidsarbejde,0,Kandidatgrad,750.000 - 999.999 DKK om året,Meget godt,2635,Region Hovedstaden
R_211NTfSyUiMX3Qn,4,4,Kvinde,1995,Fuldtidsarbejde,1,Erhvervsuddannelse eller lignende,185.000 - 374.999 DKK om året,Godt,5270,Region Syddanmark
R_2vHk1c9upzHvwyZ,4,4,Kvinde,2004,Deltidsarbejde,0,Gymnasial uddannelse,Mere end 1.500.000 DKK om året,Godt,9220,Region Nordjylland
R_8EzNMGzj5FjBNN6,4,4,Kvinde,1951,Pensioneret,0,Bachelorgrad,565.000 - 749.999 DKK om året,Meget godt,2300,Region Hovedstaden
R_8COn1NVgzRpaqP5,4,3,Mand,1967,Fuldtidsarbejde,0,Erhvervsuddannelse eller lignende,1.000.000 - 1.499.999 DKK om året,Moderat ,7200,Region Syddanmark
R_80r5DJYoxMfcs48,2,2,Mand,2001,Studerende,0,Gymnasial uddannelse,185.000 - 374.999 DKK om året,Meget godt,2400,Region Hovedstaden
R_89n2Gbj2FFH6pZ2,5,4,Mand,1957,Fuldtidsarbejde,0,Kandidatgrad,750.000 - 999.999 DKK om året,Moderat ,6070,Region Syddanmark
R_87Dz4QSqJ5oCFEB,7,2,Mand,,Deltidsarbejde,1,Folkeskole ,Mere end 1.500.000 DKK om året,Godt,,
R_2eF34yHt7ELkuR7,4,4,Kvinde,1984,Fuldtidsarbejde,2,Bachelorgrad,750.000 - 999.999 DKK om året,Meget godt,5750,Region Syddanmark
R_8VJuRJ1ljA3203O,4,4,Mand,1987,Fuldtidsarbejde,2,Kandidatgrad,750.000 - 999.999 DKK om året,Godt,9200,Region Nordjylland
R_2kNwyvrBvG7Uor9,5,4,Kvinde,1983,Fuldtidsarbejde,0,Bachelorgrad,1.000.000 - 1.499.999 DKK om året,Dårligt,8680,Region Midtjylland
R_8dHApMsoSiz9KgB,3,2,Kvinde,2003,Studerende,0,Gymnasial uddannelse,Mindre end 185.000 DKK om året,Godt,8700,Region Midtjylland
R_80A7LyvekFmtZYG,2,4,Mand,1949,Pensioneret,0,Kandidatgrad,375.000 - 564.999 DKK om året,Moderat ,4700,Region Sjælland
R_8fIJlz7K3Zxcxdn,2,1,Kvinde,1989,Arbejdsløs og på udkig efter arbejde,0,Kandidatgrad,185.000 - 374.999 DKK om året,Moderat ,8200,Region Midtjylland
R_8bSqlE5FngCXjPz,6,4,Kvinde,1990,Pensioneret,0,Foretrækker ikke at svare,Foretrækker ikke at sige  ,Moderat ,5300,Region Syddanmark
R_2h3xWqlQ2q98Tys,2,3,Kvinde,2002,Studerende,0,Gymnasial uddannelse,Mindre end 185.000 DKK om året,Godt,8000,Region Midtjylland
R_8Kdu12Nrkx8s6Gc,4,3,Kvinde,1967,Fuldtidsarbejde,1,PhD,750.000 - 999.999 DKK om året,Meget godt,2800,Region Hovedstaden
R_84LhwX1ngBIDpIt,2,2,Mand,1992,Pensioneret,0,Folkeskole ,185.000 - 374.999 DKK om året,Moderat ,6710,Region Syddanmark
R_2CJUBnUXQLKtBmY,1,2,,,Studerende,0,Folkeskole ,Mindre end 185.000 DKK om året,Moderat ,,
R_2LR1VWdumnUW4db,5,4,Kvinde,1972,Fuldtidsarbejde,0,Erhvervsuddannelse eller lignende,Foretrækker ikke at sige  ,Godt,8963,Region Midtjylland
R_82lzF9VYNSgFXYN,5,4,Kvinde,1993,Deltidsarbejde,0,Kandidatgrad,Mindre end 185.000 DKK om året,Moderat ,2400,Region Hovedstaden
R_2EL2B0oxtVMxLSF,1,1,Mand,1969,Fuldtidsarbejde,0,Erhvervsuddannelse eller lignende,750.000 - 999.999 DKK om året,Godt,9500,Region Nordjylland
R_2Ofzhry7DUBTUpD,5,4,Mand,1994,Studerende,1,Gymnasial uddannelse,Mindre end 185.000 DKK om året,Moderat ,,
R_2DWSjHzJiFbpWg1,4,2,Kvinde,1982,Studerende,0,Gymnasial uddannelse,185.000 - 374.999 DKK om året,Moderat ,8270,Region Midtjylland
R_2V8e7H84vjnKwal,4,3,Kvinde,2004,Deltidsarbejde,0,Gymnasial uddannelse,Mindre end 185.000 DKK om året,Meget godt,4700,Region Sjælland
R_2eUW4nLykfmBhJg,3,1,Kvinde,1987,Deltidsarbejde,2,Erhvervsuddannelse eller lignende,Foretrækker ikke at sige  ,Godt,,
R_2OOUA7GECKstYmy,4,2,Mand,1969,Fuldtidsarbejde,0,Bachelorgrad,Foretrækker ikke at sige  ,Godt,5792,Region Syddanmark
