ResponseId,"R1_At drikke vand fra plastflasker, der indeholder Bisphenol A (BPA)","R1_At spise mad med ftalater, der overføres fra plastemballage","R1_Indtagelse af farmaceutiske produkter, der indeholder parabener som konserveringsmidler","R1_At spise fødevarer, der indeholder per- og polyfluoralkylstoffer (PFAS)",R1_At spise fisk fanget i vand forurenet med bromerede flammehæmmere (BFR-stoffer),"R1_At spise frugt og grøntsager, der er behandlet med pesticider","R1_Brug af bodylotioner, der indeholder Bisphenol A (BPA) direkte på huden","R1_Brug af deodoranter med parfume, der indeholder ftalater","R1_Brug af solcremer, der indeholder parabener som konserveringsmiddel","R1_Brug af ansigtscremer, der indeholder per- og polyfluoralkylstoffer (PFAS) direkte på huden","R1_At sove på en madras, der indeholder bromerede flammehæmmere (BFR-stoffer)","R1_Brug af insektmidler, der indeholder pesticider direkte på huden",R1_Indånding af Bisphenol A (BPA)-partikler fra indendørs støv,"R1_Indånding af luft, der indeholder ftalater fra indendørs luftfriskere",R1_Indånding af parabenpartikler fra indendørs støv,R1_Indånding af per- og polyfluoralkylstof (PFAS)-partikler ved ophold på indendørsarealer med gulvtæppe,"R1_Indånding af bromerede flammehæmmere (BFR-stoffer), der frigives fra elektroniske apparater","R1_Indånding af luft, der indeholder pesticider, som kan have bevæget sig fra et affaldsanlæg","R2_At drikke vand fra plastflasker, der indeholder Bisphenol A (BPA)","R2_At spise mad med ftalater, der overføres fra plastemballage","R2_Indtagelse af farmaceutiske produkter, der indeholder parabener som konserveringsmidler","R2_At spise fødevarer, der indeholder per- og polyfluoralkylstoffer (PFAS)",R2_At spise fisk fanget i vand forurenet med bromerede flammehæmmere (BFR-stoffer),"R2_At spise frugt og grøntsager, der er behandlet med pesticider","R2_Brug af bodylotioner, der indeholder Bisphenol A (BPA) direkte på huden","R2_Brug af deodoranter med parfume, der indeholder ftalater","R2_Brug af solcremer, der indeholder parabener som konserveringsmiddel","R2_Brug af ansigtscremer, der indeholder per- og polyfluoralkylstoffer (PFAS) direkte på huden","R2_At sove på en madras, der indeholder bromerede flammehæmmere (BFR-stoffer)","R2_Brug af insektmidler, der indeholder pesticider direkte på huden",R2_Indånding af Bisphenol A (BPA)-partikler fra indendørs støv,"R2_Indånding af luft, der indeholder ftalater fra indendørs luftfriskere",R2_Indånding af parabenpartikler fra indendørs støv,R2_Indånding af per- og polyfluoralkylstof (PFAS)-partikler ved ophold på indendørsarealer med gulvtæppe,"R2_Indånding af bromerede flammehæmmere (BFR-stoffer), der frigives fra elektroniske apparater","R2_Indånding af luft, der indeholder pesticider, som kan have bevæget sig fra et affaldsanlæg","R3_At drikke vand fra plastflasker, der indeholder Bisphenol A (BPA)","R3_At spise mad med ftalater, der overføres fra plastemballage","R3_Indtagelse af farmaceutiske produkter, der indeholder parabener som konserveringsmidler","R3_At spise fødevarer, der indeholder per- og polyfluoralkylstoffer (PFAS)",R3_At spise fisk fanget i vand forurenet med bromerede flammehæmmere (BFR-stoffer),"R3_At spise frugt og grøntsager, der er behandlet med pesticider","R3_Brug af bodylotioner, der indeholder Bisphenol A (BPA) direkte på huden","R3_Brug af deodoranter med parfume, der indeholder ftalater","R3_Brug af solcremer, der indeholder parabener som konserveringsmiddel","R3_Brug af ansigtscremer, der indeholder per- og polyfluoralkylstoffer (PFAS) direkte på huden","R3_At sove på en madras, der indeholder bromerede flammehæmmere (BFR-stoffer)","R3_Brug af insektmidler, der indeholder pesticider direkte på huden",R3_Indånding af Bisphenol A (BPA)-partikler fra indendørs støv,"R3_Indånding af luft, der indeholder ftalater fra indendørs luftfriskere",R3_Indånding af parabenpartikler fra indendørs støv,R3_Indånding af per- og polyfluoralkylstof (PFAS)-partikler ved ophold på indendørsarealer med gulvtæppe,"R3_Indånding af bromerede flammehæmmere (BFR-stoffer), der frigives fra elektroniske apparater","R3_Indånding af luft, der indeholder pesticider, som kan have bevæget sig fra et affaldsanlæg"
R_2SDANhBDtuou3OJ,4,,,5,,,2,6,,1,,,,3,,,,,,,1,,,4,,,6,,3,,,,5,,2,,,1,,,2,,,,,,,6,5,,,4,,3
R_8fB6Gib4iIR7zR8,,4,,,5,,,,,,3,6,,,,,1,2,,,6,3,,,,,,,,,5,2,4,1,,,5,,,,,4,2,6,3,1,,,,,,,,
R_24udw4nO1F1VNwi,5,2,,4,,,,6,,3,,1,,,,,,,,,,,1,2,3,,4,,6,,,,,,,5,,,2,,,,,,,,,,6,3,1,4,5,
R_2qeWmXNGw34rnoB,,,,4,2,6,,,,,,1,3,,,,5,,,1,,,,,5,,,6,3,,,,,4,,2,1,,4,,,,,6,5,,,,,2,3,,,
R_2nHVxzybAu5DemJ,,,,,4,,,,,,,1,3,,,2,6,5,,,,,,2,3,6,4,,,,,1,5,,,,4,2,5,3,,,,,,6,1,,,,,,,
R_8jv6JUC9PyMZJCD,,2,,,3,6,,,,,,1,,,,,5,4,1,,,2,,,3,5,4,6,,,,,,,,,,,1,,,,,,,,6,,3,4,5,2,,
R_81H0P23MXzR1mzF,,,3,1,6,4,,,,,,2,,,,,,5,,2,,,,,,,,3,5,,4,,1,6,,,1,,,,,,6,2,5,,,,,3,,,4,
R_2UeVYdULGWF9X4i,,,,4,,,6,3,,5,,1,,,,,,2,,6,3,,4,,,,,,,,,1,,5,2,,3,,,,,4,,,6,,5,,1,,2,,,
R_8eCR2vE0LpJGoZQ,,4,,1,3,2,,,,,,,,,6,,,5,6,,,,,,2,,,,,1,,5,,3,4,,,,4,,,,,6,5,2,3,,1,,,,,
R_2GvOL5W160ovAcv,,2,6,1,,,,,,,,,,5,4,,,3,3,,,,,1,,4,6,,5,2,,,,,,,,,,,1,,3,,,2,,,6,,,5,4,
R_8gIWDx7SUPgXYu2,2,4,,6,,1,,,,,,,,,,5,3,,,,,,1,,,,,,6,,5,3,4,,,2,,,5,,,,4,3,6,2,,1,,,,,,
R_2uCdEKKHHadYzx8,6,,,,2,3,,,4,5,,,,,,,,1,,4,6,1,,,2,3,,,,5,,,,,,,,,,,,,,,,,6,,4,5,3,2,1,
R_2X095LwYSW6nONK,,,,,,,,,,,,,4,6,5,3,1,2,,,,,6,,2,1,4,3,,5,,,,,,,6,4,2,3,,1,,,,,5,,,,,,,
R_8dlLzs08H0K8wnv,,,6,,,,,,,,,3,5,2,,,1,4,3,5,,,2,1,,,,,4,,,,,6,,,,,,2,,,4,3,6,5,,,,,1,,,
R_2fK37fJsUPdL2Jo,,,,6,5,,,,,,1,,4,,,3,2,,,,6,,,,5,,,3,,,,4,2,,,1,4,1,,,,3,,2,5,,,6,,,,,,
R_8Pz2LRztR5QI9Qo,,5,,2,,4,,,,,,,3,,,,6,1,,,,,,,5,4,3,2,,,,6,1,,,,3,,6,,1,,,,,,2,5,,,,4,,
R_2MVIPyp1o3saifn,,1,,,3,4,,,,,,2,,5,,,,6,,,,1,,,,,5,2,,,6,,4,3,,,6,,1,,,,3,5,,,2,,,,,,4,
R_83hTgucldhNOWHv,,6,,5,3,,,,,,,,2,4,1,,,,,,6,,,1,3,,,4,,5,,,,,2,,2,,,,,,,1,4,,5,,,,,3,,6
R_8EKiOst39bAVMMo,,,,,,,,,2,1,6,,3,,5,,4,,,3,,2,,5,,,,,,1,,6,,,,4,1,,5,,4,,3,2,,,,,,,,6,,
R_8qyiBJBVielvuOJ,5,,,,1,6,,,,,,,,,,3,4,2,,,,4,,,,5,,,6,2,1,,3,,,,,5,2,,,,1,,3,4,,,,6,,,,
R_2kU9q2rNXfyl0Mp,4,,,,,,5,,3,2,,,,1,,6,,,,,,3,,1,,,,,4,,2,,5,,6,,,6,3,,5,,,2,,,,1,,,,,,4
R_8O24ULnTTTFqT6x,,4,,3,6,,,,,,,,5,,,,2,1,5,,6,,,4,,,,,,,,3,2,1,,,,,,,,,5,6,2,4,1,3,,,,,,
R_880xDPaUwDvWxbz,5,6,,2,4,3,,,,,,1,,,,,,,,,,,,,,,,,,,2,6,5,3,4,1,,,3,,,,4,5,2,1,6,,,,,,,
R_8eQI5JBnfGsogwD,5,3,4,1,,2,,,,,,,,,,6,,,,,,,1,,,,,,,,5,4,2,,3,6,,,,,,,2,3,4,1,6,5,,,,,,
R_2pGVadWriW5Ollb,,,6,2,,,3,4,,1,,,,,,,,5,6,4,,,,2,,,,,1,5,,,,3,,,,,,,3,,,,4,,,,2,1,5,,6,
R_2PyVA8NiseC7opf,3,5,,4,,2,,6,,,,1,,,,,,,,,,,1,,3,,6,5,,,4,,,2,,,,,3,,,,,,,,6,,,5,4,,1,2
R_2G0CbsqSEhLF3cl,,3,,4,,,6,,,,2,,1,,,,5,,4,,6,,,5,,,1,,,2,,3,,,,,,,,,5,,,3,,6,,,,,4,2,,1
R_8YCQxOTUs7KU59f,,2,,1,4,6,,,,,,,3,,5,,,,1,,4,,,,,,,3,,5,,6,,2,,,,,,,,,6,3,2,,4,,,,,,5,1
R_80HL4IlsYL2TZIs,4,1,,3,6,5,,,,,,,,,2,,,,,,,,,,,,,,,2,3,4,,6,5,1,,,1,,,,6,5,3,4,2,,,,,,,
R_27gtJMUcdx3CBxa,,,,6,4,2,,,,3,,,1,,,,,5,,,5,,,,4,,,,,3,,,6,1,2,,2,5,,,,,,4,1,,6,,,3,,,,
R_2Pv3K5vKJvuCzO4,,,,4,3,6,,,,,,1,,,,2,,5,,,2,,,,1,5,3,4,,,,6,,,,,3,4,,,,,,,,,6,,1,,2,,5,
R_2dN0QOjFJOhZFC2,2,,,3,,,,,,,5,,1,,4,6,,,,6,,,5,1,4,,,,,,,2,,,,3,,,1,,,,,6,5,2,,4,,,,,3,
R_8EOH7avLINr8iel,6,,,2,4,1,,,,,5,,,,,,,3,,3,2,,,,,,,5,,1,4,,,6,,,,,,,,,5,4,2,,,,,6,1,,3,
R_2YSsevCtZfXZm4e,,,6,,4,2,3,,,5,,,1,,,,,,,3,,,,,,,,,6,5,,4,1,,,2,2,,,3,,,,4,6,,,,,,,5,1,
R_2ZCCiuqZ8zOLCBj,,,,1,4,,,,,,5,,,,6,,2,3,2,,4,,,5,,6,,,,3,,1,,,,,,3,,,,,5,,6,2,,,1,,,4,,
R_8hAXlYvQGiZMkKz,,3,,,,,,,,,,,4,6,5,1,2,,4,,3,,1,,,,,,5,6,,,,,,2,,,,1,,3,4,2,6,5,,,,,,,,
R_2byCkLFPoUyc45b,5,,,6,,2,,,4,,,1,,,,,,3,,1,2,,,,5,,,3,,,6,,,4,,,,,,,5,,,1,,,6,,,4,2,,3,
R_8j8wSDH4PBAMwxQ,,,,,,1,3,,,,4,2,,,,5,6,,,,,2,3,,,4,6,1,,,5,,,,,,4,1,3,,,,,,,,,,,2,6,,,5
R_2RRrUYjvWncausl,,6,4,1,2,,3,,,5,,,,,,,,,5,,,,,1,,,4,,,6,,,,3,,2,,,,,,,,4,,,3,,2,5,6,,1,
R_2QKQyYgU9qUyaw1,6,4,,,,,,,,,,,1,,3,5,,2,,,4,1,,2,,,,,5,,,3,,,6,,,,,,3,,5,6,2,4,,1,,,,,,
R_21BsPg8aIAbgtUg,4,2,,,,,,,,,,,,3,,5,6,1,,,6,2,1,,,,,,4,,3,,5,,,,,,,,,1,2,6,4,3,,5,,,,,,
R_8qsuZ0ac2kFuyL7,,,,3,4,,1,,,,5,,,,,,2,6,4,5,6,,,,,,2,1,,,,,,3,,,,,,,,3,,1,,,,5,2,4,6,,,
R_2M9UxjfG5o45tv2,,6,,2,5,1,,4,,,,3,,,,,,,3,,2,,,,4,,1,5,,,,6,,,,,,,,,,,,,,,1,,5,,6,4,2,3
R_2qUrHq6UrWlWUct,3,1,,5,2,4,,,,,,6,,,,,,,,,1,,,,5,,,6,,,,2,3,,,4,,,,,,,,6,5,,4,,1,,,2,3,
R_2D7Av2wTh298Pp9,,,,,,3,,,2,,,4,1,,5,,,6,5,1,,,4,,6,,,,,,,3,,2,,,,,5,6,,,,4,,3,1,,,,,,2,
R_2QDK0Sv6Nx6QYgs,6,,,1,3,4,,,,2,,5,,,,,,,,1,,,,,5,,,,,,2,3,4,,,6,,,3,,,,,4,2,,5,,,,,1,6,
R_8rIFXE53CdctHBY,,3,,6,4,,,,,,,2,,,5,,,1,5,,4,,,6,,,,2,,,3,,,1,,,,,,,,,1,4,2,,6,,,5,,,3,
R_8RdpoDsLzkD3Lko,,,,,,,6,,,,,1,4,3,,,2,5,6,,,4,,,,5,,1,,,,,3,2,,,,4,1,,6,5,,,2,,3,,,,,,,
R_2f2PmIK8GH1DpjN,5,3,,,1,,,,,,,,2,,,6,4,,,,,2,,5,,6,,,,,,4,1,,,3,,,3,,,,1,,5,6,2,4,,,,,,
R_8Vrt54on2aXghjU,4,3,2,1,,5,,,,,,,,,,,6,,,,,,3,,,6,,,5,,2,,4,1,,,,,,,,,6,,3,5,,4,,1,,,,2
R_84c1NMej8wRKcpl,3,6,5,,2,,,,,,4,,,1,,,,,,,,1,,4,,,,,,,,,6,2,3,5,,,,,,,5,6,2,4,,1,3,,,,,
R_2SkKKaNQFsexB2I,,,,1,,,,,6,2,5,,,,3,,4,,3,4,6,,,,2,5,,,,,1,,,,,,,,,,4,2,,,,,,5,,1,,3,,6
R_2TEBTZA5k4VlkT7,,,3,,4,,,,,5,,,2,,,6,,1,6,,,5,,,,,,,,4,,2,3,,1,,,2,,,,1,4,6,5,,3,,,,,,,
R_2PWTgsAqg3nDfE0,3,4,2,1,,5,,,,,,6,,,,,,,,,,,3,,5,2,4,6,,,,,,,1,,,,,,,,,,,,3,,6,4,2,1,,5
R_2OasgaxlT0AsNWx,,,4,1,3,,,,,,,,6,,,5,2,,6,4,,,,,,2,5,,,,,1,3,,,,,,,,,5,1,,,2,4,3,,,,,,6
R_8kPUY9EG9jJu5vX,,3,5,2,4,6,,,,,,,,,,,,1,4,,,,,,,,,,5,,,6,1,3,2,,,,,,,,6,5,2,4,,3,1,,,,,
R_8Sw2jhFuATdRuMy,,,,,2,1,,5,6,4,,3,,,,,,,3,5,2,6,,,1,,,,4,,,,,,,,,,,,,,,,,,,,2,1,3,5,6,4
R_8eODGNUKSirKGrH,2,4,,,,5,,,,,,,,,6,3,,1,,,,5,2,,,,,1,4,3,6,,,,,,,,3,,,,2,5,1,,,,,4,,,6,
R_8Kx7MCTYr6UmMtS,,,1,,,,,,,,,3,6,5,,,4,2,,6,,2,3,5,,4,,,,,,,1,,,,5,,,,,,2,,4,3,6,,,,,1,,
R_2HTTVBUZVm9MELd,,,,3,,,,,,,,,2,,4,1,6,5,,,3,,5,,,2,,,1,6,,4,,,,,4,6,,,,2,1,,5,3,,,,,,,,
R_2nuRHpiKLvgyI4X,,,,6,,,,,,,5,,3,,1,4,2,,,,,,,5,3,,4,2,,6,,,,,,1,6,2,4,,1,,,3,,,,,,5,,,,
R_2R4RV8KdJrgzeV2,,,1,,2,,,,,,,,4,5,6,,,3,,5,,,,,3,2,4,6,,,,,,1,,,2,,,1,,4,,,,,6,5,,,,,3,
R_2DfFBeu4i6plu5X,,,,2,1,,,,,3,6,,4,,,5,,,5,6,,,,3,,,,,,2,,,4,,1,,,,6,,,,1,4,2,,,,,5,,,,3
R_2WV8zSmKH2JZxaV,,,,4,2,,,,,,6,5,,3,,,,1,,,,,,1,6,,,,,,3,,4,2,5,,4,2,3,,,,,5,6,1,,,,,,,,
R_8NcbbHb0NA7klfb,,,,,6,2,,4,,3,,1,,,,5,,,6,3,,5,,,1,,2,,,,,,4,,,,,,2,,,,,,,,6,,3,5,,,4,1
R_2voNfeu0nDTQE9j,,,,4,3,,,,,6,,1,,,5,,,2,,,,,,5,3,,,,,,2,4,,1,6,,4,1,5,,,,,6,2,,3,,,,,,,
R_2VZCFCinK2h0QNj,6,,,1,,,,,4,3,,5,,,,,,2,,3,6,,2,1,5,,,,,,,4,,,,,,,,,,,,2,,,3,,4,,5,1,6,
R_8ThO5gG666y42fD,,,,6,2,5,,4,,,,3,,,,,,1,4,5,6,,,,2,,3,1,,,,,,,,,,,,,,,,,,,2,,5,1,4,6,3,
R_2suG5ngA2z8y2dD,,,,5,,,6,,,,,,,3,1,,4,2,,2,,,6,5,,,,4,,,1,,,3,,,3,,2,,,,,1,4,,6,5,,,,,,
R_2CjnrSKOxg4nxSh,,,,,,,2,6,5,3,,1,,,,,,4,,2,4,1,,3,,,,,,,,5,,6,,,1,,,,2,,,,,,6,,4,,3,,5,
R_2nTJQtEKqPCwUlJ,5,4,,,6,3,,,,,,,,1,2,,,,,,2,3,,,,,,,6,1,5,,,,4,,,,,,,,6,4,3,5,,,,,,2,,1
R_8dEJ3fhecjVQSpr,4,,6,,2,,3,,1,5,,,,,,,,,,3,,2,,,,1,,,5,,,,6,4,,,,,,,,1,,,,,,3,4,2,,,6,5
R_2neCuaOyO1d67Ep,,4,,6,,,,,,,,,3,,1,5,2,,,,6,,5,4,,,,,1,2,,,,,,3,1,,,,,,2,4,6,5,,,,3,,,,
R_8ZKtC1jmoKTTQEp,,1,,4,5,,,,,,,6,,3,,,2,,,,,,,6,,,,,5,,1,,4,3,,2,1,,4,,,,5,3,6,2,,,,,,,,
R_2l438BM3GiMXd9D,,6,2,1,,,3,,,5,,4,,,,,,,,,,,,1,,3,2,,,,4,,5,,,6,1,,,,4,,,,,,5,,,6,,2,3,
R_2nOdqEJtVraDVLG,,,,1,,,,,,,5,6,4,,,3,2,,,1,5,,4,,,6,,,,,,3,2,,,,1,,,,,4,2,,3,5,,,,,,,,6
R_8QFpnihbIO05QrN,,2,,,1,,,,4,6,,,5,3,,,,,6,,,4,,,,,,,,,,,1,3,5,2,,,2,,,4,6,3,,,1,5,,,,,,
R_82gMsGeIZooxkzg,,,,1,4,,6,,,5,2,,,3,,,,,4,6,,,,,,1,3,,,5,,,,2,,,,,3,,,4,,,,,,,6,,2,,1,5
R_27O6oUvwirc9Jy9,,6,,4,1,,,,,,,5,,,,3,,2,2,,3,,,,4,,,,6,,,1,5,,,,,,,,,6,,1,5,2,,,3,,,,4,
R_8SAoVkGBSwnJl78,,,,,,2,5,,6,,,1,3,,,,,4,,4,3,1,,,,,,6,,,,,5,2,,,2,,,,4,,,1,,,6,,,3,,,5,
R_8gPz6Ug9j6jKGf7,,,,4,,2,,,5,,,1,,,6,,,3,6,3,,,,,2,,,1,,,5,,,4,,,,,3,,2,,,1,,,6,,,4,,,5,
R_2Pq9aM8oj2iC46q,2,5,,,6,,1,,,,,3,,,,4,,,,,3,2,,5,,,4,,,,6,1,,,,,,,,,,,,1,,4,3,,,,2,,5,6
R_2LZm7dmwGqPvVfx,4,3,,6,1,5,,,,,,,,,2,,,,,,5,,,,,,,,,,1,4,,2,3,6,,,,,,,1,3,6,5,4,2,,,,,,
R_27jQKL9X0FuW4LZ,,,2,4,,5,,1,,,,3,,,,,6,,,,,,1,,4,,5,,,,,,2,6,,3,3,1,,,,,,,,4,6,,5,2,,,,
R_8Cc03CgrCUtb2p3,,,,,,6,,,,,,1,,,3,5,4,2,,,,4,1,,,,,5,3,,2,6,,,,,5,1,6,,,,3,4,2,,,,,,,,,
R_8KOVBuyPYZJ5vBk,6,,,,,5,,,,2,,,,,,3,1,4,,2,,,,,,3,6,,5,,4,1,,,,,,,6,5,4,,1,,,,,3,,,2,,,
R_8y8f4bRXmQdJJny,3,5,2,,,6,,,1,4,,,,,,,,,,,,1,4,,2,6,,,,3,5,,,,,,,,,,,,,,,,4,,,1,2,6,3,5
R_8vldSdbQD1XFu9m,1,,,,4,6,,,,,,,2,,3,,,5,,2,,3,,,,6,5,,,4,,,,,1,,,,4,,,,3,,,1,6,,,2,,5,,
R_2g58vCdA7qIAaFi,4,,,2,5,3,,,6,,1,,,,,,,,,4,1,,,,6,,,,,2,,5,,,,3,,,,,,,,5,,6,,,2,,1,3,4,
R_8m8J1hqTUYDDWHW,,,,2,,1,,,,,5,,,,,4,3,6,1,2,3,,4,,,,,,,6,5,,,,,,,,,,,,5,3,6,4,,,,1,2,,,
R_8wLkFPAdw6nU2Lj,,,,4,,1,,,,,,3,5,2,,,,6,,6,,,1,,,,3,,2,,,,,5,4,,3,,1,,,,5,6,,4,,,,,2,,,
R_8nV4KQHYoGGz8uw,,6,5,3,4,1,,,,,2,,,,,,,,6,,,,,,,4,2,3,,,5,,,,1,,,,,,,,1,,,,,5,,3,2,4,,6
R_2cimWwy50LMqfuO,,,3,,2,,,,,,,5,,4,,,6,1,,,,1,,,5,,2,6,4,,,,,3,,,6,5,,,,3,,2,,,,,4,,1,,,
R_2DS4djFUr3qdkTe,,2,,3,,,,,5,,4,,,,1,6,,,3,,,,1,6,,,,,,5,,,,,4,2,,,2,,,,1,5,,6,,,3,4,,,,
R_8TtL58KLMOKO6LK,3,,5,,,,,,,6,,,2,,4,,1,,,5,,3,4,,,,,,6,,,1,,2,,,,,,,,4,1,5,3,,,6,,,,,,2
R_8AMh0KWkUC5p7LH,3,,,,6,,,5,,,,4,,,,,2,1,,,4,6,,3,,,,,,,2,5,,1,,,,3,,,,,4,,6,5,2,,,,1,,,
R_8OquY65lVj3GADn,,,,4,3,,,,,,,,5,,2,,6,1,2,5,4,,,6,,,,,1,,,3,,,,,,,,,,,2,5,6,4,,3,,,,1,,
R_2iapMvrx7GKsmJP,,,,,5,4,,,,,6,1,,,,,3,2,,1,2,,,,4,3,5,6,,,,,,,,,1,,,4,,,,,,,,,6,2,5,3,,
R_2kDEZR4gMCpKnbH,,,,,,5,,,,,,2,3,,4,,6,1,3,5,,4,6,,,,,,1,,,,,2,,,,,5,,,,2,3,6,4,,,,1,,,,
R_8IN7f2YirTh2H7Y,,2,,3,,4,,6,,5,,1,,,,,,,4,,3,,2,,1,,6,,,,,5,,,,,,,,,,,,,,,5,,4,,2,1,6,3
R_2C0goV9Ln7aXAsh,6,,,,5,,,,,,,,4,,,2,1,3,,5,,4,,6,,,,,2,,,3,1,,,,,,6,,,,2,4,3,1,,5,,,,,,
R_2qC8Dcptc8sJFQr,5,6,,,1,,,2,,,,3,,,,4,,,,,6,1,,,,,3,4,,,,,2,,,5,,,,,,3,5,,,,6,,4,2,,,1,
R_2jynybiqSYJiUmt,,,,3,1,,,,,4,2,6,,,,,5,,,,,,,1,2,,,,,,5,3,,4,,6,5,4,1,,,,,3,6,,,,,,2,,,
R_2TpM1GE2Ax8gnGF,,,3,5,4,,,,,,6,1,,,,,,2,3,4,,,,1,2,,,,,,,,,5,6,,,,,,,,,5,4,1,,,2,6,3,,,
R_2GexWLNVF96VshU,,3,,,,,,,,,,,2,4,1,6,,5,,,5,,2,,4,,,1,6,,,,,,3,,5,,,4,,6,,1,2,,,3,,,,,,
R_2sYc44E703PMXBy,,,4,,,,,,,,,1,,5,6,,3,2,,6,,4,3,5,,,,,,,1,,,2,,,2,,,,,,4,5,3,1,6,,,,,,,
R_2pc0CAdOJzNhPU8,5,,3,,1,,,,,2,6,,,,,4,,,,4,,1,,3,,,,,,,6,,,,5,2,,,,,,,3,5,6,,,1,,4,2,,,
R_84o7pdlJjpKYM9O,,,6,,,,1,5,4,2,,3,,,,,,,3,2,,1,6,4,,,,,5,,,,,,,,,,,,,,,,,,,,4,2,5,1,6,3
R_82RXIvFoSxmTPYu,,,,,4,2,3,1,,,,,,,5,,,6,6,2,5,1,,,,,4,3,,,,,,,,,,,,,,,,,,,3,6,5,2,,4,1,
R_2IHrKWoV1Vu7inC,3,1,,,4,2,,,,,,,6,,,5,,,,,2,1,,,,,,6,,,,5,3,,4,,,,,,,,3,5,6,,1,4,,,,,,2
R_83gjmJpMp7Y0ko0,,,,,,,,,,,,6,,5,2,3,4,1,3,1,,,6,,5,,,,4,,2,,,,,,,,2,1,,3,,6,5,4,,,,,,,,
R_8M4BlEB7AoGdYqq,,,,,2,,,,,,,,6,,5,4,3,1,,5,,6,,4,,,,,3,1,,2,,,,,6,,3,,,,5,4,1,2,,,,,,,,
R_2wFSrbYsAqYZPuA,,,6,,,,,,,,,4,3,,,2,5,1,,,,5,4,,,,,6,3,,,1,2,,,,4,2,,,,1,5,6,3,,,,,,,,,
R_2VkckLEgxPF44KU,,5,,,2,,4,,6,,,1,,3,,,,,1,,5,,,4,,3,,,2,,,,,,6,,,,,4,,,,,,6,,,2,,3,5,,1
R_80NerwBWp2Js9iX,,2,,,,3,,,,,,,6,,4,5,,1,1,,,2,3,,,6,,,4,,,,,,5,,,,4,,,,2,,1,3,,5,,6,,,,
R_8ZV97U0XcqbphBV,,,,,,,,,,4,,,3,6,1,,5,2,,3,,1,2,4,,,,,6,,,,,5,,,4,,6,,,,3,1,5,,,2,,,,,,
R_2qESXWp7oimR1u0,6,,,1,2,5,,,,3,,4,,,,,,,,2,,,,,4,3,5,,,,,,,,6,1,,,5,,,,,,,,6,,2,4,3,1,,
R_2awsrhWvxiDeIA5,,,,2,4,5,,,,6,,1,,,,,,3,1,2,,,,,5,3,4,,6,,,,,,,,,,1,,,,,,,,,,5,4,6,2,3,
R_8hFmwgF5KXrK4Ak,,,,2,4,,6,,5,3,,1,,,,,,,,6,,,,3,,1,,,5,,,,,,4,2,6,,5,,,,,,,,,,3,1,4,2,,
R_8pQ2gVyVmjNQ9EO,,4,,1,2,,,,,,,,5,,6,,,3,4,,,,,1,6,,,5,,,,,,3,2,,,,1,,,,,3,4,,2,6,,5,,,,
R_2gLwVjYmiJbN3rK,,4,1,5,3,2,,,,,,6,,,,,,,,,,,,,1,,3,,,,2,,5,,6,4,5,,,,,,,6,,1,2,,,4,,3,,
R_2ocja4C9vtFKBP5,,,,2,,,,,,,,,4,6,5,,3,1,1,3,4,,5,,,,,,6,,,,,2,,,,,,,,4,3,5,6,1,,2,,,,,,
R_8KIbpRJlcPfZJ3S,,,,4,2,,,,3,,6,,,5,,,,1,3,,1,,,2,5,,,4,,,6,,,,,,,5,,,,,,6,,,,1,,,2,3,4,
R_2Rwr0AmA9AdBPij,2,4,1,,3,,,,,,,,,,5,6,,,,,,1,,5,,,,,,,2,6,,,3,4,,,,,,,1,3,4,5,6,2,,,,,,
R_8KkVuINiQpxZ6Pn,,4,,6,1,2,,,,,,3,,,,,,5,,,,,,,,,,,4,,6,1,3,5,2,,5,,6,,,,2,4,1,3,,,,,,,,
R_2g0zIWmx8p6VIeQ,,4,,1,3,2,,,,,,5,,,,,,6,1,,2,,,,,,,,5,,3,,,6,4,,,,,,,,4,6,5,3,,,,2,1,,,
R_4V3wcH5A02shzRT,,,,5,1,3,,,,,6,2,,,,,,4,3,2,,,,,,6,,,,,,1,5,4,,,,,4,,,,3,,6,1,,,5,,,,2,
R_8m9wYaxGjAwrBy8,,,,4,5,1,,,,6,,3,,,,,,2,5,4,3,,,,6,2,,,,,,,,1,,,,,,,,,,,2,,6,,3,1,4,,5,
R_2Qvy0VT1uJLco9j,4,3,,5,2,1,,,,,,,6,,,,,,,,6,,,,3,,2,4,5,,,,,1,,,,,,,,,,4,,,,2,,5,3,,1,6
R_2aRG58ttI914WIu,,1,,2,4,3,,,,5,,,,,,,,6,6,,,,,,1,,2,,,,5,,3,4,,,,,5,,,,,1,,,3,2,,4,,,6,
R_8oRydxASCYAJRYk,,,6,4,2,1,,,,,,5,,,,,3,,4,2,,,,,,,,,3,,6,,1,5,,,,,,,,,4,3,6,2,,,,1,,,,5
R_8SFwAyBVBeJtCgN,,,,,5,3,,,,,6,1,,,,,4,2,3,5,4,1,,,,,,,,,,6,,2,,,,,,,,,3,5,6,4,,,1,,2,,,
R_2cbdGs9134x5ulz,,,,,,,,,,,,,3,4,5,6,2,1,5,2,1,4,,6,3,,,,,,,,,,,,,,,,6,,,5,4,2,3,1,,,,,,
R_2fqeRL1f7H5NCl3,,,,,,,5,1,,,,6,,,4,,2,3,,3,2,,,,,,4,,,,6,5,,1,,,6,,,1,3,4,,,,5,2,,,,,,,
R_2pa7ALB1vSztqd3,,,,1,,,,,,3,,2,5,6,,4,,,4,5,,,,2,,,,,,,,,3,,6,1,,,5,,1,,3,4,6,,2,,,,,,,
R_8CTExWPCZOujhLg,3,2,5,1,,,,,,6,4,,,,,,,,,,,,4,6,3,,,,,,5,,,,1,2,,,,,,,,3,1,,,5,,6,2,4,,
R_2oBdvdpai2jrIxa,,,,6,,4,,,3,,,,2,,1,,,5,,4,1,,,,3,,,,,2,,,,5,6,,4,,,,6,,,3,,1,5,,,2,,,,
R_8WQWDfpPsECW3yV,,,,,,,,,,,,,2,5,1,3,4,6,,3,,1,2,5,6,,,,4,,,,,,,,5,,2,,,,,6,4,3,,1,,,,,,
R_2nBjAdaTpl8tgbq,,,,1,5,,,,,3,,4,,,,2,6,,,,4,,,,3,,,,,,2,6,1,,,5,6,1,,,,3,,2,5,,4,,,,,,,
R_8syPmYJMrqenU6i,,,2,5,3,4,,6,,,,,,,,,,1,,4,,,,,2,,,1,,,,6,,5,3,,3,,,,,,,,2,,1,6,5,,4,,,
R_8M3tfE6IKK3YRm0,4,,,2,3,,,,,,6,,5,,,,,1,,4,,,,,,,,6,,,,5,3,1,2,,,,2,,,1,5,3,4,,,6,,,,,,
R_21GjLzTSoNTcAjC,,4,,1,,,,,,,3,,6,,5,,2,,3,,,,5,4,6,,,2,,,,,,1,,,,,3,,,,,5,4,,,1,,6,,,,2
R_8zM9XKTQoj898ys,,,,6,,5,,,,,,,1,4,,,3,2,,2,,,5,,,,,6,3,,,,1,4,,,3,,5,,,,2,4,6,,,1,,,,,,
R_8F9ftV9R2chxozL,5,,3,2,1,4,,,,,,,6,,,,,,,5,,,,,,6,,,,2,,,1,3,,4,,,,,,,1,,3,4,5,,,2,,,6,
R_2VsVCdjq8pW7l3X,,1,4,,3,5,2,,,,,6,,,,,,,,,,4,,,,3,,,,,1,,,5,6,2,3,,,,,,,,6,2,4,,,1,5,,,
R_8do7OsQGTvHPvzE,,,5,2,,4,,,,,,6,,3,,,,1,,4,,,6,,1,,,2,,,,,5,3,,,6,,,,,,,5,2,,4,,3,,,,1,
R_247f5LsP20pz2FR,,,1,,,6,3,5,4,2,,,,,,,,,6,5,,2,3,,,,,,,1,,,,,,4,,,,,,,,,,,3,,4,6,2,5,1,
R_2fJy7eT37COPVrr,4,,,5,,,1,,,,,,,2,6,3,,,,5,,,,,,4,,,1,2,6,,,,3,,,,1,,5,6,,,3,2,,,,,,,,4
R_82gSVVARDyD4MQb,3,,,5,2,,,,,,4,1,,,,6,,,,,,,,,,,,3,,,2,6,5,,4,1,,3,6,,,1,2,5,4,,,,,,,,,
R_23TscojuhIWMTPh,,,,2,4,1,5,6,,,,3,,,,,,,,3,,,,,,,4,1,5,,6,,,,2,,3,,1,,,,,,,,,,,6,2,5,,4
R_2Iahl7uy13H0Dnm,3,,6,,,,,,,,,,2,,4,,5,1,,5,,3,,4,6,,,,,,,2,,1,,,,,,,1,,,3,5,4,6,2,,,,,,
R_2rf0EF0HztjkvN7,,,,1,4,,,,,2,6,,5,,,,,3,2,,,,,1,3,,,,,6,,4,,,5,,,2,5,,,,,4,6,,,,,,1,3,,
R_2r0wMQbx2IReCbG,,,,2,6,,,,,3,,,,,,5,4,1,,6,1,,,,3,4,5,,,2,,,,,,,5,,,,,1,,,,,6,,2,3,4,,,
R_8TDkpBNV5G2AUSt,3,5,,1,,4,,,,,,,6,,,,,2,,,,,6,,5,,2,,,,,1,,4,3,,,,5,,,,,4,,2,1,6,,,3,,,
R_8EnM0xeVxpCbnvJ,5,,2,,,,6,,,,,,4,1,,3,,,,6,,5,3,1,,,,,,,,,,,4,2,,,,,,,,6,5,3,2,4,,,1,,,
R_2ZVxJAFUeklCSNf,,,3,,,,6,,,5,1,,,,,2,4,,1,,,2,3,4,,6,,,,,5,,,,,,,2,,,,,,,4,,,1,,6,3,,,5
R_8BIYaFbbY5U2wMx,,2,,3,,5,,,,,,,4,,,,6,1,,,,,,,3,,,2,,4,,1,5,6,,,1,,5,,4,,,2,3,,6,,,,,,,
R_8PThstmZNGIVXuk,,,5,1,,,,,,6,,,,4,,2,,3,,,,,,6,4,5,3,,,,1,,2,,,,3,2,,,4,,,,,,1,5,,,,,6,
R_8YWzsPo2XAtUXej,,2,,4,3,1,,,,,,5,,6,,,,,3,,,,,,,,,,,,4,,2,6,5,1,,,2,,,,4,5,6,3,1,,,,,,,
R_2KVAE9Pe6wj3u92,,,2,1,,4,5,,6,3,,,,,,,,,4,2,,,6,,,3,,,,1,,,,,,5,,,,,,,,,,,3,,2,4,6,1,5,
R_8CvUaQ0l490ccyL,,,,,,,,,,,,,1,5,4,2,3,6,,,,4,2,,5,,,6,3,1,,,,,,,3,1,4,,,2,,6,5,,,,,,,,,
R_8KQ5Ac0OLJx4G4k,6,,,1,2,3,,,,,,4,5,,,,,,,,6,,,,5,,,1,,,,,,4,2,3,,3,,,,,,4,2,,1,,,5,6,,,
R_8rOKehHijWg0gpD,3,1,,,4,2,,6,,,,,,,5,,,,,,,,,,5,,1,6,,3,4,,,,2,,,,2,1,,,,,,,4,,,3,,5,,6
R_2eaGJ99L9ezBkxY,,,,,,,,,,,6,5,4,,3,2,,1,,5,,,,3,6,2,,,,,,4,,,1,,4,,6,1,5,,,,2,3,,,,,,,,
R_2325Hei7HUWaC6M,,,,1,3,,,5,,,6,,,,,,4,2,,4,5,,,6,2,,,1,,3,,,,,,,3,,,,,,,,4,,,,2,5,6,1,,
R_2dECQs7CTHJvbnF,,,,3,6,,,,,,,1,4,5,,,,2,,,,,,,2,4,,,5,,,,3,1,6,,1,5,6,,,4,,,3,2,,,,,,,,
R_8CSziDbAuypd1Wp,,,,,2,3,4,,5,6,,1,,,,,,,5,3,6,1,,,,4,,,,,,,,,,2,,,,,,,,,,,6,,2,4,3,1,5,
R_2yseTJJLE8HB0Po,6,5,,2,1,4,,,,,,,,,,,,3,,,4,,,,2,1,3,5,,6,,,,,,,,,,,,,,,,,2,,5,1,4,6,3,
R_2O370jwEcDHic01,,4,,,6,,,,,,,,5,2,,3,,1,,,5,1,,,,6,,,4,,,,2,,3,,4,,,,,5,3,,6,1,,2,,,,,,
R_8hChm8qv1rDEEql,,5,,3,2,4,6,,,,,1,,,,,,,6,,3,,,,,,1,,,,4,,5,,,2,,,,,,,,5,,1,6,,,2,,4,3,
R_2RpSybksauoJt6B,,,,,1,,,,,,,,4,2,3,5,,6,5,3,1,2,,4,,,,,,,,,,,6,,,,,,,,4,5,2,3,6,1,,,,,,
R_2bKwRpbrV3G2f1D,3,,,,6,,1,4,,,,,5,,2,,,,,,,,,1,,,6,,,5,,2,,,3,4,,6,5,1,,,,,,3,2,,,,,4,,
R_2wb6zXrkw4hVApH,,2,4,,3,5,,,,,,1,,,,,,6,4,,,1,,,3,,,2,5,,,6,,,,,,,,,,,,6,3,,,,5,,4,1,2,
R_2ZEJrMPURtWCyFS,,2,,3,4,1,,,,,,5,,,,,,6,4,,2,,,,,6,,5,,,,,,3,1,,,,,,,,1,,2,,6,,4,3,5,,,
R_8YzkSAYa9muBlWQ,,,,,,,5,,,,,2,3,,,6,1,4,4,,,1,3,,,6,,2,,,,5,,,,,,1,3,,,5,,,6,,2,,,,4,,,
R_2lXKaSEn3vctO3i,,4,6,2,,,,,,,5,,,,,,3,1,4,,,,5,2,3,,,,,,6,1,,,,,,,,,,,,4,3,2,,1,,,6,5,,
R_224Opb4m9JoSMCJ,1,2,,,3,,,,6,,4,,,,,,5,,,,,2,,,4,3,,,,1,6,5,,,,,,,1,,,2,,,,3,,,,,4,6,,5
R_8SCgsZ6nnFmugeR,,5,,,1,2,4,,,,,,,6,,,3,,5,,2,3,,,,,,4,1,,,,,,,6,,,,,,,,6,4,,,2,5,,3,1,,
R_2spkPXNPqTcVt7i,,,,,3,,2,5,,6,,,,,1,4,,,6,,1,5,,,,,3,,,2,4,,,,,,,6,,,,4,,,,,2,,,1,,,5,3
R_27sN6T728f1fXkl,,,6,2,5,,,,,3,,4,,,,,,1,6,1,,,,2,5,4,3,,,,,,,,,,,,,,,,,,,,4,,6,2,5,3,1,
R_89oblYnrf8WLK5X,,,,3,,6,,,,,2,,5,,,4,1,,6,3,4,,5,,,,,,,,,,2,,,1,,,,,,,1,4,2,3,,6,,5,,,,
R_2LYaWKUCoHsHshS,,,,,4,3,,,,,,,5,,6,,1,2,2,1,4,3,,,5,,6,,,,,,,,,,,,,,,,,3,,4,2,6,,5,,1,,
R_8YGmUQFb2ETmmp9,,6,,,,,2,,3,,,,,,,5,1,4,,,6,1,2,3,,5,,,4,,,,,,,,1,,,,,,,,,4,,5,3,2,6,,,
R_2QbAR9pn09fuEr7,,3,5,2,6,1,,,,,,,,,,,,4,,,,,,,,1,,2,5,,6,,4,3,,,3,,,,,,5,,1,,,6,,4,,,2,
R_837FSiosUN7EtjX,3,,,1,,5,,6,,4,,,,,,2,,,,1,,,3,,,,,,,,6,5,4,,,2,,,4,,,,6,,2,,1,3,,,,,5,
R_22WYIW38tvPyNW0,,6,,3,,,,,,4,,1,2,,,5,,,,,,,,,,3,,,4,,,2,6,,5,1,4,,1,,6,5,2,,3,,,,,,,,,
R_8Zx7nZ8OrKvWGjL,1,5,,4,,,,,3,,,,,,,2,,6,,,2,,,6,,5,,3,,,1,4,,,,,,,,,2,,1,,,,3,6,,,5,,4,
R_2UWw3ewgnltrdbg,,,,5,,3,,,,6,4,1,,,,,,2,,5,3,,,,1,4,6,,,,,,,2,,,6,,,,3,,,,,,,,1,4,2,,5,
R_2LILFseZmiJocYz,,6,,2,3,5,,,,,4,,,,,1,,,,,2,,,,,,,,,5,4,6,,,1,3,6,,,,,,3,2,5,4,,,,,1,,,
R_2zdsvfCSzNJb6Xn,5,,,,,6,,,,,,,4,,2,3,,1,,1,,2,5,,,,,,,4,,3,,,6,,,,4,,,,3,6,2,5,1,,,,,,,
R_2JUCH5peFCYCZY6,3,2,,1,4,,,,,5,,,,,,6,,,,,3,,,4,,,5,,,1,2,,,,,6,,,,,,,6,3,,,4,,,2,5,,1,
R_2kaK8sqmtTDRvxh,,1,4,2,3,6,,,,,,,5,,,,,,6,,,,,,,,,,,,,2,3,4,5,1,,,,,,,4,3,5,2,6,1,,,,,,
R_2nB1obCmbKlsC1j,,,,,5,6,,,,,3,2,,,,,1,4,4,1,5,,,,,,,,,,2,3,6,,,,,,,1,,,4,3,5,6,,,,,,2,,
R_8s1aMm2u8yghmea,6,,4,,,,,,,,,,,5,,2,1,3,,,,5,6,,,,3,,2,1,4,,,,,,,4,,,,2,6,3,,5,,,,,1,,,
R_2JDaJYovkJ062lD,,2,,3,4,1,,,,,,,,,,,6,5,,,,,,,,,,6,3,5,2,,4,1,,,1,,6,,,,2,5,4,,,,,3,,,,
R_2xPr0I466kyuvzi,,,,,2,,,,,,4,,3,,,5,6,1,3,5,,,,,4,,,,,6,,2,1,,,,,,3,1,,2,,5,4,6,,,,,,,,
R_2fIc1SLos2E4c5S,6,,4,1,3,2,,,,,,,,,,,,5,,6,,,,,2,5,3,4,,1,,,,,,,,,,,,,,,,,6,,3,1,5,4,2,
R_2QSVjxIIJ8XrE4s,,,,,,,,,,,1,,4,,5,3,6,2,,2,3,1,4,6,,,,,,,,5,,,,,2,,,,,,3,4,5,1,,6,,,,,,
R_2dSdczp1SlVrmfl,,,,1,5,,,,,2,4,,6,,,3,,,4,,,,,5,2,,,,,,,3,,,1,6,,1,2,,,,,6,5,,,3,,,4,,,
R_8f7jh5ZatpSqGjc,,,,4,6,1,5,,,,,3,,,,,,2,,5,3,,,,,,,,,,2,1,,4,6,,6,,,,,,,2,3,4,1,,,,5,,,
R_8NWkVeOFo2UCq6u,5,6,,1,,,,,,3,4,,,,,2,,,,,,,5,,,2,4,,,6,3,1,,,,,,,3,,,5,1,,,,,,,,6,,2,4
R_8f733WQsMNvO93y,,,6,,3,5,4,,,1,2,,,,,,,,,5,,2,,,,4,,,,6,,1,,,3,,2,,,,,,,,6,,,,4,,3,1,,5
R_2tj6LMWZLbq2LPb,,,,3,,6,,,,5,,,4,,,1,2,,1,6,4,,,,5,3,2,,,,,,,,,,,,,,2,,,,,,4,3,,6,1,,,5
R_8LiojAVFJx1SquN,,,,4,,,,,6,3,,2,,5,1,,,,,4,2,,,1,3,,,,,,5,,,6,,,5,,,,1,,,4,,,6,,,,,,3,2
R_2hniWOF7DI2qAbn,,,,,1,2,,6,,,,3,,5,,,,4,,3,4,5,,,6,,,,,,,,2,,1,,3,,,,,,,,2,1,6,,5,,,4,,
R_2ANFtj9P4F3TZpb,,,,6,4,,,,,,5,1,,,,,3,2,,1,,,,4,5,2,6,3,,,,,,,,,3,,1,,,,,,,,,,4,2,6,5,,
R_2k6cKo7r1JQG7AX,,4,,2,,,,,,,5,,6,,,,3,1,6,,3,,,4,,,,,,,,5,2,1,,,,,,,5,,3,2,4,6,,1,,,,,,
R_2nTwQuEni9dH05d,,,,,1,,,,,,,4,,,5,6,3,2,,2,6,,,1,5,4,,,,,3,,,,,,6,,,1,,,,,4,5,3,,,2,,,,
R_21FZeYC1GdyHk1u,,5,,2,1,,,,,,,6,,,,,3,4,,,,,,1,3,,,,5,,6,4,,2,,,4,,1,,,,,6,5,3,,,,,2,,,
R_2F4ZsTzsvi7PXMq,,4,1,5,6,3,,,,,,,,,,,,2,1,,,,,,,,,,4,2,6,,5,,3,,,,,,,,3,5,4,6,,,,2,,1,,
R_2J7TGhtQsTP3sPt,6,,,,,2,1,,,4,,3,5,,,,,,,3,,,1,,,6,,,4,,,5,,,,2,,,5,3,,,,,2,,,,,,4,1,6,
R_80xFN0drw6JAo8B,3,1,,6,2,,,,,,5,,,,4,,,,,,5,,,,,,4,,,2,,3,,1,,6,,,,,,5,6,1,,4,,,3,,,,2,
R_8qaGGfU2eOlPCTA,,6,2,1,,,,,,,,,5,,3,,4,,6,,,,,3,,5,,4,,,,,,2,,1,,,,,3,,2,,1,,5,6,,4,,,,
R_8IcPVCsIUzG3c8O,,6,3,5,4,2,,,,,,1,,,,,,,,,,,,,,,,2,,,1,,5,6,4,3,6,,,,,,1,4,3,,5,,,2,,,,
R_2QS1JguD18URwhP,,,6,3,,,2,5,,4,,,,,,,,1,3,,,,5,2,,,6,,,1,,,,,4,,,1,,,,,,,,,6,,5,3,4,2,,
R_2QH151py7XbMqFE,5,4,,1,,6,,,,,,,,3,,,2,,,,6,,2,,3,5,,,,1,4,,,,,,,,,,,,,,4,6,5,,,,3,1,,2
R_8siRMzAO3bk3pOU,6,,,2,5,3,4,,,,,1,,,,,,,,3,,,,,,6,,2,4,,1,,,,,5,,,5,,,,,,2,,,,,4,3,1,6,
R_85BAA1wZmLiR8cj,,5,,1,4,3,,6,,,,,,,,,,2,1,,,,,,6,,,4,,2,,3,,,5,,,,1,,,,,,6,,5,,3,,4,2,,
R_2PSnPU9IEzK56FA,3,1,,2,4,,5,,,,,,,,,,,6,,,,,,3,,,,2,,4,5,,1,6,,,,,1,,,,,4,5,,6,,,2,,,3,
R_2kFA126FSuwz4GJ,5,2,,1,,3,,,,,,6,,,,,4,,,,,,,,1,3,,5,6,,2,4,,,,,,,4,,3,,,,6,,,,,,2,1,,5
R_8Imw9NvrTpwvCCX,,4,5,2,1,3,6,,,,,,,,,,,,2,,,,,,,4,,,,,,6,1,3,,5,,,,,,,,,5,4,3,6,1,,,,2,
R_2tlmNDEyiLlw7Hr,,,,1,4,,,,,2,,3,,,,,5,6,,1,,,,4,,,,,6,,3,5,2,,,,1,,5,,,,2,4,6,,,,,,,3,,
R_2gMzQJhrNNQjRcY,4,1,,,,,,,,,,2,,5,,,3,6,,,,1,6,5,,,,,4,,3,,,2,,,,,6,,,,4,5,3,2,,,,,1,,,
R_2CO5wF4KIRslGtP,,6,3,4,2,5,,,,,,1,,,,,,,1,,,,,,,3,2,,,,,,6,5,,4,,,,,,,1,,,4,6,,2,3,,,5,
R_2Cjh8OmJfmed6OR,,,6,5,1,4,,,,,,3,,,,,2,,6,5,,,,,2,1,4,3,,,,,,,,,,,,,,,,,,,1,,3,2,5,6,,4
R_8ucsLLZTP52Xiql,,4,6,,,2,,,5,,,1,,,,,,3,6,,,4,1,,5,,,2,,,,,,,3,,,,,,,,,1,,,4,,6,2,5,3,,
R_8Bwub7C3ywUYyyJ,,,,,3,,5,,,4,,6,,2,,,,1,,,,1,,3,,5,,,6,,4,,,,2,,3,4,6,,,,,,5,,,,,,2,1,,
R_2yCRxTMtogneqrv,,2,,1,3,4,,,,,,,,,,,5,6,3,,5,,,,,,,,6,1,4,,2,,,,,,,,,,5,6,3,4,,,,2,,1,,
R_8lxp36Org5nVmJD,5,,,4,2,6,,,,,,1,,,,,,3,,5,6,,,,4,,2,3,,,,1,,,,,,,,,,,,1,,,2,,4,,5,6,3,
R_8GuHTiVovhoptUR,5,,,,,,,,,,4,,6,1,,3,,2,,,,3,1,,,,,4,,5,,,6,,2,,,1,3,,,2,4,6,5,,,,,,,,,
R_27SXlyO2tE4OBxf,,,,3,2,6,5,4,,,,1,,,,,,,,1,4,,,,,,3,5,,,,,6,2,,,1,,,,,,,,,,5,,4,2,,,6,3
R_2MTGYp0ufm50xfr,4,,,3,2,6,,,,,5,,,,,,,1,,,5,,,,2,,3,4,,,,,,6,1,,,4,,,,,,5,,,,2,1,6,3,,,
R_2ccrGq2mxlGcfNk,,4,,1,5,,,,,,,3,,2,,,6,,1,,5,,,3,,2,,6,,,,,,4,,,,,,,,,3,,6,,5,,1,,2,,,4
R_2EXvBx5nBd9YU3D,,,,,4,,,,,,,,3,,6,2,5,1,,5,,3,,,4,,,,2,6,,1,,,,,5,,2,,,6,,4,3,1,,,,,,,,
R_2m3MEY7AMEXhSj1,3,,6,,,1,,2,,,,,,4,,5,,,,,,2,,,4,,1,,5,,,,6,,,3,,6,,,1,,,,,5,,4,3,,,,2,
R_8dg31k9ug0h3cD1,6,5,,,3,2,,,,,,1,,,,,,4,,,2,1,,,3,4,,5,,,,,6,,,,,,,,,,,,4,,6,,2,3,,1,5,
R_8mefFwK8DyAkwMW,,6,,,,,2,4,,,,1,,,3,5,,,5,,,1,,,,,3,6,,,,4,,,,2,,,1,,4,3,,,,,6,,2,,,,5,
R_2lSMEKjiPQJOiqY,,2,,,6,,,,,,,,3,4,,5,,1,3,,,1,,,,6,,5,,4,,,,,2,,,,5,,,3,4,,6,,1,,,,2,,,
R_2o0fhdtg7JFbg41,4,,5,1,,,,,,,,,3,,6,,,2,,5,,,3,,,,,,1,,,6,,4,2,,,,,,,3,4,6,5,1,,2,,,,,,
R_2I9liLy2uh8ps82,,,,,4,,3,,,,1,5,2,,,6,,,,,2,1,,3,,4,,5,,,,,,,,6,3,2,,,,,,,5,,,,,1,6,,4,
R_81aGaXybxrtJRAZ,,,3,6,4,,,,,,,,1,2,,,,5,4,,,,,,5,,3,,,2,,,,1,6,,,1,,,,5,,4,,3,2,,,,6,,,
R_80H7Endpw7dKPyM,,,,4,2,5,,,,6,,1,,,,,,3,5,,6,,,,2,,,,,,3,,,1,4,,,2,,,,,,4,3,,1,,,5,6,,,
R_83e1aSjwdwy2ThD,,,,6,,,,,,,,,3,4,5,2,,1,,2,,,5,6,,,,,4,1,,,,,3,,4,,1,,,,2,6,3,5,,,,,,,,
R_28J2EEjo6fkB9ax,,,,1,4,2,6,,,,,3,,,,,5,,2,5,4,,,,,,1,,,,,,6,,,3,,,,,,,,1,,2,6,,5,4,,3,,
R_2JeK8OQ8nAADU9I,,,,,4,2,,,,,,1,6,,5,,,3,6,,4,,,,,,1,5,2,,,,,3,,,,6,,2,,,3,4,,,,,,5,,,1,
R_2wU2BC0dtExlx7s,,5,,2,3,4,,,,,,1,,6,,,,,,,6,,,,2,5,,3,,,,,,,4,1,5,,,,,,,,1,,6,,3,,4,2,,
R_8yjgH6TM9qCAlOR,,,,2,1,5,,,,,,3,6,4,,,,,,4,5,,,,1,,6,,2,,,,,,3,,4,,,,,,,3,,1,,,,,5,2,,6
R_8HTSiAa3F4wMXuu,,3,,2,5,1,,,,,,,4,,6,,,,1,,5,,,,,,,,,,,4,,3,6,2,,,,,,,2,3,5,4,6,1,,,,,,
R_83pDzGuhImV6lGQ,,,,1,2,6,5,,,,,3,,,,,,4,6,,,,,,,,,,5,,3,,4,1,2,,,5,6,,,,,3,4,1,,,,2,,,,
R_83zxHTDxRoqDZeh,3,1,,4,,5,6,2,,,,,,,,,,,,,3,,4,,,,6,,5,,1,,,,2,,,,,,,,,,,1,,6,,4,3,2,,5
R_2EaTqLf4oiMTJR9,,4,,3,5,6,,,,,,2,,,,,,1,3,,1,,,,5,,4,6,,,,2,,,,,,,,,,,,2,,,6,,4,,5,3,1,
R_2msZMjjSKY306v2,6,5,,1,3,2,4,,,,,,,,,,,,,,3,,,,,6,1,5,,,4,,,,2,,,,,,,,,,,,3,6,,4,5,2,,1
R_2Xv8nAPjobnzUKl,2,,,,6,4,,,,,,,,3,,,5,1,,4,5,3,,,,,,,,1,2,,,6,,,,,,,,,2,5,4,1,6,,,,3,,,
R_2SDs1WaQhteEgtb,,,6,5,4,1,,,,,,3,,,,,,2,4,2,,,,,1,,,5,,,,,3,,6,,,,,,,,,5,4,,6,,3,2,,1,,
R_8bW9IKMfFFKpUnL,6,,,2,,1,5,,,,,,,,4,,,3,,,,,3,,,1,4,,2,6,,,,,5,,,5,6,,,,,,,1,,,4,2,,3,,
R_8fAuA7AXnymbO37,,,4,,,5,2,,3,6,,1,,,,,,,3,2,,,,,,1,,,,,5,,4,,,6,,,,1,2,,,,,,6,,,4,,5,3,
R_8wp2g0QZdYe2dHe,,,5,1,3,4,,,,,,,,,6,,,2,,2,,,,,4,,,1,,5,3,,,6,,,3,,,,,,,4,5,,6,,,1,,,2,
R_2APOAeTw9MdI03D,1,4,,,,,,,2,3,,,,5,,6,,,,,3,5,,,,4,,,,2,6,,,,,1,,,,,4,6,5,,,,2,,,,3,,1,
R_2dDtHP3A5NFfrAR,2,3,,1,,,,,,5,,,6,,,,,4,,,,,3,2,,,4,,,1,,5,,6,,,,,3,,,,1,5,,,6,,,,4,,2,
R_273Qzid31QsMJIh,,5,6,3,4,2,,,,,,1,,,,,,,4,,,,,,6,5,2,1,,,,,,,,3,,,,,,,,,,,6,,2,1,3,4,5,
R_2WgFGsJgmV4GRLb,1,2,,5,6,4,,,,,,3,,,,,,,,,1,,,,2,3,6,,5,,,4,,,,,,,,,,,,,,4,,,6,,1,2,3,5
R_2EafkOHeaQLstfP,,,3,,,1,,,,6,,2,,4,,,,5,5,,,,4,,1,,3,,,,2,,,,6,,,1,,6,,,,3,,,4,,,,5,2,,
R_8H1eQM2xrNQkUBK,,,5,2,1,,,,,,,4,,,,,3,6,2,3,,,,,,,,,1,,4,,6,5,,,,,,,,1,4,3,5,2,,,,6,,,,
R_8S7Ynzr3bxauq5z,1,,,3,,5,,,2,,,6,,,,,4,,,2,,,,,5,3,,4,1,,6,,,,,,,,5,,6,,,,,,,,,1,3,2,,4
R_23ZGrwUAJUdEveR,,,4,3,,,,,,5,,,,,2,6,1,,,6,,,,1,,,4,,5,2,,3,,,,,2,,,,1,,3,4,,,,,6,,,,,5
R_8PhRcYfo5i6pZzg,,,5,,,,2,,3,4,,1,,,,,6,,3,4,,,,1,,2,,,6,,,,,5,,,,,,5,4,,,,,,,,6,3,1,,,2
R_8H200iCXYpukg9x,,,,3,4,1,,,,,,2,6,,,,,5,,,5,,,,,,4,6,,,,,1,3,2,,4,1,,,,,3,6,,,2,,,5,,,,
R_8JFQCtpPljg6ZtT,,6,2,5,,,4,,,1,,3,,,,,,,3,,,,5,,,4,2,,,,,6,,1,,,,,,,,5,,,,,3,,6,,4,,2,1
R_207Wa7qVqDs6kDg,,,3,4,,1,,,,,,2,,5,,,,6,,,,,4,,3,,5,2,,,,,1,6,,,6,5,,,,,,2,,,4,,1,,,,3,
R_8vdZWnDr6oOtIOH,,2,,4,1,6,,3,,,,,5,,,,,,1,,,,,,,,,,4,,,,3,5,6,2,,,1,,,,3,,4,2,,5,,6,,,,
R_8sYJILYvXYX3CIQ,,,,1,4,3,,,,,,2,6,,,,,5,,,1,,,,,,,4,,,,5,3,6,2,,6,3,,,,,1,4,5,,2,,,,,,,
R_2I4PUElKfgb1lQl,,,,,2,,,,,,,,6,4,,5,1,3,,4,3,1,,2,,,5,,6,,,,,,,,2,,,,,,4,5,,6,,1,,,3,,,
R_8p44bhAJmrulOu9,6,5,2,3,,,,,,4,,,,,,,,1,,,,,6,1,3,,2,,5,,4,,,,,,,,,,,,,1,,,,6,,3,2,5,4,
R_8pMfmwLKHvULanq,,,,5,4,,,,,2,,1,,6,,,,3,,,,,,2,4,,1,,6,,5,,,3,,,4,6,3,,,,,2,,,,,,,1,,5,
R_2vUled5RPqsoHbX,,,,,5,4,6,,3,2,,1,,,,,,,,5,2,3,,,,1,,,,,,4,,,6,,5,,,,,,,,,,1,,6,,4,3,,2
R_883tpkrrV9qtLuV,,,2,3,4,5,6,,,,,,,,,,,1,5,1,,,,,,6,3,2,,4,,,,,,,,,,,,,,,,,4,,2,1,3,5,6,
R_8Jgz8qLGMl7oT3m,,,,3,4,,,,,5,6,1,2,,,,,,,,5,,,4,,,2,,,,,1,,6,,3,6,4,,,,,3,5,,,,,,,1,,2,
R_8ZUfjEjaNS39fGK,3,,,,,,6,,,,,4,5,,,,2,1,,,3,4,,6,,,,5,2,,,,,1,,,,3,,,5,,,6,2,,,,,4,1,,,
R_22ZFYozwsdL5hpn,,,,,5,,,,,,,,6,3,4,1,2,,6,,5,,,2,,,,,4,3,,,,,,1,,2,,1,,,5,4,3,6,,,,,,,,
R_8pomj3NY8er4DU2,3,1,,6,,,,,,4,,2,,,,5,,,,,,,6,4,,,,,1,,5,,,,3,2,,,2,,,,6,4,3,,,,,5,1,,,
R_2pPsEiN69bJXrEq,6,,,,,1,,,,,5,,4,,,,3,2,,1,,3,,,,,,,,5,,6,2,4,,,,,3,,6,,2,5,4,1,,,,,,,,
R_2CeFzjBLmmjDUI4,,,,2,3,6,,,,,4,,,,1,5,,,1,5,,,,,,,,,,,3,6,,,2,4,,,3,,,,2,6,4,5,,1,,,,,,
R_2PvtvLVOuyIRG7H,6,,4,,,,,,,,,,,5,,3,1,2,,,,,3,6,5,,1,,,2,4,,,,,,,4,,1,,,,6,,5,2,,,,3,,,
R_2MPWn2ZGN8h22KB,,1,3,2,,4,,,,,,6,,,,5,,,,,,,5,,,,6,3,,,1,,4,,2,,5,,,,,,3,1,,,2,,,6,,,,4
R_8rJEDLFVWUHxTJD,,,,3,4,5,,,,,,1,,,,,6,2,,2,,,,,5,4,,6,,,,1,,3,,,4,,2,,,,,,3,,1,,5,,6,,,
R_21iyJ1F45FtlNRs,5,,,,3,,,,,,,6,4,,,,2,1,,2,,4,,3,,,,,,,,1,5,6,,,,,1,,,,3,2,5,4,6,,,,,,,
R_2aDHsbcxyvRsBAW,6,,,1,4,,,,,2,,,,,,3,,5,,2,3,,,1,5,,6,,,,,,,,4,,,,,,,,,3,,,1,4,6,2,5,,,
R_8Pu8lU2HGhkxgoo,,,5,1,,,,3,,,,6,,4,,,,2,2,1,,,,3,5,,,4,,,,,,,6,,,,,,2,,,,3,,1,,4,,5,6,,
R_8KG7jpfArPYmM9P,4,5,,1,3,,,,,,,,,6,,,,2,,,,,,1,,,,,6,3,4,,,2,5,,,,1,,,,4,5,6,3,,,,,2,,,
R_2akptc41V4byvSH,,5,6,,,2,,4,,,,1,,,,,,3,6,,,,1,,2,,,5,,,,3,,,4,,,,,2,,,,,5,,3,,6,,1,4,,
R_8jxENRv3YKoNNIs,,4,3,,2,,,,,,,1,,,,,5,6,,,,4,,,,1,,,6,,2,3,5,,,,3,,,,,2,4,,6,5,,,,,,1,,
R_2O0xY0nJ2xfQOzv,,5,,2,3,4,,,,6,,1,,,,,,,,,5,,,,1,6,3,,,,,2,,,4,,1,,,,,,,,,,5,,2,,4,3,,6
R_2SeOznwu5TA5g6A,3,4,,1,,,5,,,6,,,2,,,,,,,,,,2,,,,3,,4,1,,5,6,,,,,,2,,,4,,1,,,,,,,,5,3,6
R_8oyxSE93FC38b7v,6,,,,,,,,,,,5,2,3,,,1,4,,1,,,3,5,,,,,2,,,,4,6,,,,,6,1,,,4,5,3,2,,,,,,,,
R_8etAPDpelP9BbS9,,,6,,1,3,,,,,,,4,,,,2,5,4,1,,,,,,,,6,3,2,,,5,,,,,,,4,,,3,5,6,,,,,2,,1,,
R_2IFVZ68wquhn5Fu,,2,5,3,1,,,,,,6,,,4,,,,,5,,,,,3,,,6,4,,,,,,2,,1,,,,,,,2,6,,,,1,3,,4,,5,
R_8XfnFHPeyiukiw9,,,,,2,3,,,,,,4,,5,,6,,1,,,3,1,,,5,,,6,2,,,,4,,,,3,2,,,,,,5,6,,,,1,,,,4,
R_8AoiBG5wWmDL2s9,,,,3,5,,,,,,6,1,,,,,4,2,,3,,,,,4,,,2,,,5,6,,1,,,5,,3,,,2,,1,6,,,,,,4,,,
R_8EHp6aPUPKPsoNB,,,5,2,1,6,,,,,4,,,,,,3,,,6,,,,,,,,,,2,4,,5,3,,1,5,,,,,,6,4,3,2,,,,1,,,,
R_8w0q5Mnp7EP761K,6,,,,,,,,,,1,,2,5,,3,4,,,2,3,6,,,,4,,,,1,,,5,,,,,,,,2,3,4,,1,6,,,,,,,,5
R_8ZJk52fRYD3L7oS,,,,2,4,1,,,,6,3,,5,,,,,,,4,,,,,,6,,,,,,3,5,2,1,,5,,6,,,,1,,4,,,2,,,,,,3
R_8S4OQC4Jyq64Lsd,,3,,6,,5,4,,,,,,,1,,,,2,,,4,,1,,,5,,,6,3,,,,,2,,6,,,,,,,,2,1,,,4,,5,3,,
R_2B4L830XRADweal,,,5,,,,,,,,3,6,,2,,1,,4,5,,,4,6,,,,,,,,1,,2,,3,,,2,,,,1,3,4,6,5,,,,,,,,
R_23D1pCi96X0oSKW,5,6,,1,4,,,,,,,,,,,2,3,,,,4,,,,6,,,,,3,2,1,5,,,,,,,,,4,,5,6,1,3,,,,,,,2
R_2U0pS3kzbATZWvH,,,3,,,,,,,,,,4,5,,2,1,6,5,2,,4,6,3,,,,,,,,,1,,,,,,,,,,4,5,3,1,6,2,,,,,,
R_2S01lvQrp9nE12G,,4,,5,3,,,,,,,,,6,1,,2,,,,5,,,,2,1,6,3,,4,,,,,,,4,,,,,5,,,,,6,,2,,,3,,1
R_2ln8WNCepljOGoc,,5,6,4,1,3,,,,,,2,,,,,,,,,,,,,,6,5,,,,3,,4,1,2,,3,,,,,,5,,,4,6,,,2,,,,1
R_81cwrGRjuhvWKEy,,5,,2,4,,,,,,,3,,6,,,,1,,,,,,3,,5,,2,1,,,,,4,6,,5,,3,,,,6,,4,,,,2,,1,,,
R_2z9xgnQMUkGF6M1,,6,5,,4,,,,,,,3,,,,,1,2,,,,1,,3,6,2,4,5,,,,,,,,,4,,,,,,,,,,3,,2,5,1,6,,
R_8PYKAKhzy9fcWDz,,3,,,2,,,,,,6,,4,,,,5,1,5,,1,,,4,3,,,,,2,,,,6,,,,,,5,,,,6,2,1,,,,3,4,,,
R_8qKjLXaEjn53O9x,,2,,5,,4,,6,,,,,,,1,,3,,1,,,,,,3,,,,,5,4,6,,2,,,,,5,,1,,,,4,3,2,,,,,,,6
R_8J8KcDJfSvjcR48,,2,,,,,4,6,3,1,5,,,,,,,,,,,6,,5,,,,,,3,2,,4,1,,,5,,2,,6,,,,,,,,,4,,,1,3
R_2fNc9S6fucsaRCu,,,6,,5,,,,,,,1,,,3,,4,2,,5,,3,,2,,,,,4,,,1,,6,,,6,,,,,,5,4,3,1,,,2,,,,,
R_8Q42EeFZY70MEqQ,,,,,4,,3,,,,,,,5,6,1,2,,4,,,1,,,,,5,6,2,3,,,,,,,,5,6,,,4,,1,,,,,3,,,,,2
R_2JUB4xkpSGETIb3,,,5,,,,,,,,,1,6,,4,,3,2,,,,2,,3,6,,,5,,,,1,,4,,,3,5,,,1,,,4,2,,6,,,,,,,
R_8NldCimTY2YtabA,,,,,2,3,,,,,4,1,,5,,,,6,1,4,,,,,2,,3,,,,5,,,,6,,,,6,2,,,,1,,3,,,,,4,5,,
R_8cqpetB9skh9O8a,3,,,,,1,,,,6,,,5,2,,,4,,,,,3,,,,,4,,6,1,,,5,2,,,,1,4,,6,,2,3,,,,,,,,,,5
R_8S5TEDvtj3ektB7,,4,,1,6,,,,,2,,5,,,,,3,,,,2,,,3,,4,6,,,,,,,5,,1,3,,,,,,1,,,,4,,5,2,6,,,
R_2KrnB0V4IpWGOn7,5,6,,4,1,,,,,,,3,,2,,,,,,,,,,4,5,,6,,,,2,,,3,,1,,,5,,,,,4,,2,3,,,,6,,1,
R_83913DNMQQWDCoG,,,,1,5,,,,,,3,,,4,,,2,6,2,,,,,4,,3,,,,5,6,,,1,,,,3,4,,,,5,,6,2,,,,,1,,,
R_8kzh1t4kluQUSM2,,4,,,1,,,,,,2,6,,,,5,3,,4,,,1,,3,5,,,6,,,2,,,,,,,,6,,,,,5,2,,,,,4,3,,,1
R_2KTTsOLpjTPiIUF,,5,,,2,4,,,,,,1,3,,,6,,,,,4,,,,6,,,5,,,,3,,,2,1,6,,,4,,,,1,3,,5,,,,2,,,
R_2D1gbrwXVOpww8h,,,,1,6,,4,,,2,,,5,,,3,,,6,,,,,,,,,,5,1,,,3,,4,2,,1,4,,,6,,2,5,,,,,3,,,,
R_2WHh96szsHBwTcc,,,,,4,,,,,1,,,6,,2,,5,3,6,,,4,,,,,,,3,1,,5,,2,,,,2,5,,,3,1,4,6,,,,,,,,,
R_8AMtfmVDnf1msrz,2,,,1,6,5,,,,,,3,,,,,4,,,1,2,,,,5,3,6,4,,,,,,,,,,,,,,,,,,,2,,4,1,5,3,,6
R_8c07lcMK4vLtqoN,,4,,2,,1,,,,,,,3,,,5,,6,2,,,,,,,3,4,,6,5,,,1,,,,,,2,,1,,4,,,3,,,,5,,,6,
R_2G3SWJPKqso6L6h,,,5,,,1,2,4,6,3,,,,,,,,,6,1,,3,,,,,,,,5,,4,,,,2,,,,,4,,,,,,6,,2,,3,5,1,
R_8DcxPtbgRpr8G1r,,1,5,3,,2,,,,,,,,,6,,,4,,,,,5,,,,,6,2,,3,,,4,1,,5,,,,,,4,3,2,,,1,,6,,,,
R_2eFVM4y0VvUkFZi,5,,,3,4,,,,,,,1,6,,,,2,,,,4,,,1,,,6,,,,,3,2,5,,,,1,,,,,5,2,,3,4,,,,,,,6
R_2c7vueiywKHaUvc,,1,,,2,,6,,4,5,,,,,,3,,,,,6,5,,,,4,,,,,1,,3,,2,,3,,,,,5,,,,,6,1,,2,,,,4
R_22JHPGUmhWJuc2n,,,,6,2,4,5,,,,,3,,,,,,1,6,2,4,,,,,3,5,1,,,,,,,,,,,,,,,,,,,3,,5,4,6,1,2,
R_2Vw4nkd2sgM1cnX,,,,,,,,,,,2,3,,4,,5,6,1,,,,,,,2,1,4,3,,,6,,5,,,,4,2,5,1,3,6,,,,,,,,,,,,
R_8GWFjSJ3ugH9kAx,1,,2,,,,,4,6,,,,,,3,,5,,,4,,6,,2,3,,,,,,1,,,5,,,,,,,4,,,,,2,3,6,,1,,,,5
R_2H8IMcFIwPLloKe,,,,,3,,4,,,1,,,2,5,6,,,,2,4,,1,,6,,,3,,,,,,,5,,,,,3,,,,,6,,,5,4,,,,,2,1
R_23OUPKdZPgVO60V,,,,,5,,6,,,,,1,4,,3,,,2,,2,,6,,5,,,,,,,,1,,4,3,,5,,2,,,,,4,3,1,6,,,,,,,
R_81oRWbB88V7EtZv,5,3,1,6,4,2,,,,,,,,,,,,,,,,,,,,,,,,1,6,5,,2,4,3,,,,,,,5,6,4,3,2,,,,1,,,
R_8O3mr5YwSZa28vK,,2,5,,,,,,,,1,,,4,,3,,6,,,,5,,4,,3,,2,,1,,,,,6,,6,,,,5,,3,,4,,,,1,,2,,,
R_2l3oioVAimxLfSb,,,,1,3,5,6,,,2,,4,,,,,,,3,,,,,,,,,,6,,1,,,2,5,4,,4,5,,,,,1,2,,,,,3,6,,,
R_2pmqdnR3YwY6XQv,5,,,,3,1,,,,2,,4,,,,,,6,,4,,1,,,3,2,,,,,6,,,5,,,,,2,,,,,,5,,3,,,1,6,,4,
R_8MkCrGfOLNNvK8N,,,6,2,4,5,,,,,,,,,,3,,1,,4,,,,,,,,3,6,,1,,2,,5,,6,,,,,,1,3,4,,,2,,5,,,,
R_2PGS6e043jl2AdX,,,,1,5,,,,,,,,3,,,6,2,4,5,3,6,,,4,,,,,,,,1,2,,,,,,,,,,4,3,6,5,1,2,,,,,,
R_81ixSnGopVnuhYB,,4,,,2,,3,6,,,,,,,,,1,5,5,,3,,,6,,,4,1,,2,,,,,,,,,,5,,,,,,,2,,1,6,4,3,,
R_22QvJBWBImdTPHO,5,3,,1,,2,6,,,,,4,,,,,,,,,5,,1,,,,3,4,,,,,,,2,6,,,,,,,,1,,,3,,2,4,6,5,,
R_2V2rxduLtp7by1k,,,,,1,,,,,,,4,3,2,5,,6,,,,3,1,,2,,,,,6,,,,,5,,4,6,5,,,,,3,2,1,4,,,,,,,,
R_2KbkNqqc8tcbUc1,,,,3,6,5,,,,,,,2,,,4,,1,6,3,5,,,,,,,,4,,,,1,,2,,,,,,,,2,3,6,4,,5,,1,,,,
R_2HMsLgGxXpB2n2g,,4,,,3,5,,,,,,,,6,,,2,1,6,,3,1,,,,,,,,,2,,5,4,,,,,,,,,2,5,6,3,4,1,,,,,,
R_8QK9Pr1HI4A4NeO,,,,5,3,1,6,,,4,,2,,,,,,,1,2,,,,,,3,,,,,,,4,,5,6,,,6,,,,,,2,,5,,3,1,,4,,
R_8attOVebKR5Y1vY,,,,3,5,1,,,,,,4,,6,,,,2,,1,,,,,,,,2,,,4,,6,3,5,,2,,1,,,,4,5,3,,6,,,,,,,
R_2jPACKMdQuDkWOU,,2,,1,5,,,,,,,,,6,4,,3,,3,,4,,,5,,,,,,,6,,,1,,2,,,,,,,5,1,2,4,3,6,,,,,,
R_22yFLP4qI6KMTvx,,,,,,,5,2,3,1,,4,,,,,,6,1,,5,6,3,4,,,,,,,,2,,,,,,1,,,,,,,,,2,,4,,5,6,3,
R_2CfTCCtvF3Zz5WV,,,,6,,,3,,,2,,4,,,,,5,1,6,,1,,,3,,,2,,,,,4,,5,,,,1,,,2,,,3,,,4,,5,,6,,,
R_8jO4QEm9pzp9t1M,,,,,,,,,,,,1,4,,3,6,5,2,,5,,3,1,,,,,6,2,,,4,,,,,3,,5,,,4,2,1,6,,,,,,,,,
R_2LDW61ljEjcrk53,,5,,1,2,4,,,,,,,,3,6,,,,6,,,,,,,,5,,,4,1,,,3,,2,,,6,,,,5,3,,4,2,,,,,,1,
R_8Pim2WW3K9mNiWj,,,,4,,5,,,,,,,6,,3,,1,2,4,2,5,,6,,,,,3,,1,,,,,,,,,,,,,6,5,1,,3,,,2,,4,,
R_86m65thYlm1LhOa,6,5,,2,4,1,3,,,,,,,,,,,,,,2,,,,,6,,,,3,1,,,,5,4,,,,,,,,,4,6,5,,,1,3,2,,
R_8dRhxSZ5ctHKZV3,,3,,,,1,,,,,,6,,5,,,4,2,4,,6,,1,,2,3,5,,,,,,,,,,,,,1,,,,,,2,4,,6,,3,5,,
R_8woeo8VZtEuGOEB,4,,,6,,3,,,,,,2,,,,5,,1,,,,,1,,,,6,5,,,4,2,,,3,,,4,5,,,,3,6,,,2,,,,1,,,
R_2jzDImsNBdCYhjj,6,,,,,,,,,,2,,1,,,3,4,5,,6,,3,2,1,,,4,5,,,,,,,,,,,4,,,,6,3,,,,5,,1,2,,,
R_89s1fadlUvnPSCU,6,2,5,1,3,4,,,,,,,,,,,,,,,,,,,,4,,1,6,,2,,5,,3,,,,,,,,2,,4,,,3,,1,,5,,6
R_27Ptxtqkpexax34,,5,,4,,,,,,,,1,6,,,,3,2,5,,2,,3,,,,,,,,,6,1,4,,,,,,,,3,6,5,1,2,4,,,,,,,
R_8qJcNXGK9qMm8aG,,,6,4,1,3,,,,,5,,,,,,,2,2,1,,,,,3,4,,5,,,,,,,6,,,,,,,,,,3,,,2,4,1,5,6,,
R_2AM86YT8n3celuh,,,4,6,2,,,,,,,3,,,,,5,1,,,,,,6,,,,,5,,3,2,4,1,,,6,5,,,,,4,3,2,1,,,,,,,,
R_8QPsKbumrUOcGJG,2,,5,,,,4,6,3,1,,,,,,,,,,,,,,,,,,,,,4,5,1,6,3,2,,6,,5,2,4,,,,,1,3,,,,,,
R_8I3IiewExdenL8T,4,5,2,3,,1,,,,,,,,,,,,6,,,,,6,,,,,,,1,2,5,3,4,,,,,,,,,3,2,4,5,6,,,,,,1,
R_2WOlrgXNOibXDCF,,,,,,4,,6,,,5,,,2,1,3,,,2,,,,4,,,,,,,1,3,,,,6,5,,2,6,1,,,5,,3,4,,,,,,,,
R_2D1Q4Iiexlev3RD,,,,,2,3,,1,,,,,,,6,4,5,,,,,3,,,,,4,2,,,5,6,,,,1,3,4,5,,,,2,,,,6,1,,,,,,
R_8MXgvl7eqLp3Nbb,1,4,,,5,,,,,,,6,,,,,2,3,,,1,,,4,6,2,,3,5,,,,,,,,,,,2,,,,,5,,,,4,6,1,3,,
R_2mRk4uOzaXI9Dbs,,5,6,2,3,4,,,,,,,,,,,,1,4,,,,,,,6,,,2,5,,3,,,1,,,,,,,,4,,6,5,,,2,,3,1,,
R_2gjQ9zLonXIUsic,,,3,5,1,2,6,,,,,4,,,,,,,3,,,,,,,5,2,4,6,,,1,,,,,,2,,,,,,,,,,,4,,6,3,5,1
R_8nwJcpnKun7Lerf,,,5,,,,,4,,,6,1,,,,3,,2,,6,,5,2,1,,,,4,,,,3,,,,,1,,,,,,2,,6,,,,3,,5,,4,
R_8phhyKvPXYSdJkB,,4,,6,,,,5,,,,2,3,,,,,1,,,5,,,1,,,4,3,,,,2,,6,,,2,,,,6,,3,,,,4,,,,1,,5,
R_2V9ZrZ61sPLZL5K,3,4,,,,2,,1,5,,6,,,,,,,,,,4,1,6,,5,,,3,,2,,,,,,,,,,,,,,,,,,,6,3,4,1,5,2
R_8dN8ArkLRaOkEmi,,5,,,6,1,,,,,4,2,,,,,,3,,,2,1,,,,,,,,,,6,4,3,5,,2,,,,,,4,3,5,6,,,1,,,,,
R_8rY7HLVXVpGoFDl,,,6,,2,,,,,,,,,3,,5,1,4,,1,,5,,,,,,,2,6,3,,4,,,,2,,,,,1,6,5,4,3,,,,,,,,
R_2Ka1d0G5iCOXpw7,,2,,1,6,3,,4,,,,5,,,,,,,5,,,,,,,,2,1,,,,6,,3,,4,,,6,,,,1,,,,2,,3,,4,,5,
R_2Pj8arSxufif9Qv,,,,3,,4,6,,,,,,1,5,2,,,,,5,2,,3,,,,,,,,,,,6,4,1,5,,,,,,,3,1,4,6,2,,,,,,
R_8QjVmpa1H91aNAR,,,,,,5,,,,,,,4,,1,6,3,2,,5,2,4,1,,,,,,,6,,3,,,,,1,,,,,,6,3,4,5,2,,,,,,,
R_8eLY9dR794bZG7L,,,,4,6,2,,,,,,,3,,,5,,1,1,5,,,,,,,2,,,,,6,4,,3,,,,2,,,,3,5,,4,1,6,,,,,,
R_2fHJZDAo4TKaXSs,,4,,,,,,,,,5,,6,,,3,2,1,4,,,3,2,,,5,,6,,,,1,,,,,,,4,,,5,3,,6,,,2,,,1,,,
R_2WTMw0eedZ36tei,,,,5,2,1,4,,6,,,3,,,,,,,4,1,,,,,,6,,2,,,,,,,5,3,,,5,,,,,,,,2,,6,4,3,1,,
R_87Ih4cFRVDkFHXn,,,,,4,3,,,,,5,1,,,,,6,2,5,,,1,,,4,,,2,,,6,,,3,,,,5,1,,,,,4,2,,,,,6,3,,,
R_22Lv0cAzqqCZVqF,,,,5,,1,,,,,,,4,,6,3,2,,1,6,5,,2,,,,,4,3,,,,,,,,,,,,,,1,5,2,,,4,,3,,,,6
R_872tzJzXJNDR7lG,,,,5,2,,,,4,,,1,,,,,6,3,,,3,,,,4,,,6,,,1,,5,2,,,2,3,,,,5,,1,,,6,,,4,,,,
R_8fjGbAad5v3dBtv,2,,,4,5,1,,,,,,,,,,6,,3,,6,,,,,,,,,5,4,2,,1,,3,,,,4,,,,3,5,6,1,,,,2,,,,
R_8Xo3wnOT2BDvfLr,,,,3,,,,4,2,5,,1,,,,,6,,,,4,,6,5,2,,,,,,,3,,,,1,4,3,,,,,,,,,6,,1,,2,5,,
R_81WN3fdkEUyrH21,,1,6,3,,2,,,5,,,,,,,,4,,5,,,,6,,,1,,2,,,4,,,,,3,,,,,,,6,,,,1,3,,5,2,4,,
R_8tQXFhlIDQj5uQV,3,5,,4,6,2,,,,,,,,,,,,1,,,,,,,,,,,6,,2,5,1,4,3,,,,6,,,,3,1,5,2,,4,,,,,,
R_8d9XqzIYDPI9pcA,,,,3,4,,,,,6,,5,,,,,2,1,,,,,,,6,,,,4,,2,1,5,3,,,3,2,6,,,1,,4,5,,,,,,,,,
R_2dys3NSXH0ogl07,,,4,3,,,6,,5,2,,,,,,1,,,,3,,,1,2,,,,,5,,,,4,,6,,1,,,,,,,4,,,,6,2,5,,,,3
R_2f0i51iqINQsEjn,,,,4,2,,,,,,,1,,,5,6,3,,5,2,,,,,,,,,1,,3,6,,,,4,,,6,,,3,2,1,5,4,,,,,,,,
R_8XYiMaqeZIzMpIl,2,,4,3,6,1,,,,5,,,,,,,,,,1,,,,,3,2,,,,,6,,,5,,4,,,,,,,,,5,,2,6,,1,4,,3,
R_2gEiXMMWIiLV4eR,,,,,3,,,,,,,,6,4,5,,2,1,2,4,3,6,,5,,,,,,1,,,,,,,,,,,,,2,6,5,1,3,,,,,4,,
R_8B26nlBO4kHXKHn,6,,5,3,,2,,,,,,1,,,,,,4,,1,,,2,,,6,,,5,,,4,,,3,,,,,,,,1,,3,2,,,4,,5,6,,
R_8oZvqL2yhD9JuiR,,2,,,3,4,,,5,6,,1,,,,,,,,,,1,,,,,,,3,,5,,4,2,,6,5,,6,,,,3,4,,,,,,1,,,2,
R_84je22ynRyxssb2,,3,,1,4,5,,,,,,,,,6,,2,,4,,2,,,,,,,,5,,1,,,6,,3,,,,,,,4,2,5,3,,1,,6,,,,
R_8dioqdMyIfZ2wrZ,,,,,1,,5,,3,2,,4,6,,,,,,,2,5,1,,,,4,,,,,,,,3,,6,3,,,,,2,,,,,6,,,1,4,,5,
R_29bqqa5csudIpoy,4,3,,,,,6,,2,1,,,,,,,5,,,,4,1,3,2,,5,,,,,,,,,,6,,,,,,,,,,,3,5,4,1,2,6,,
R_261q4HtKCAfOXKx,,,,2,,1,,,,5,,,3,,,6,4,,3,,5,,,,,,,,2,4,,,1,,,6,,6,,,5,,4,2,3,,,,,1,,,,
R_2QMFCFVk5G22Xrb,,5,2,1,,,,,,,,,,,6,3,,4,3,,,,4,1,,,,,,5,2,6,,,,,,,,,,,4,6,5,3,2,,,,,,1,
R_8QXADk2Huudf48Q,,,,,2,,,,3,4,,5,,,,6,,1,5,2,,1,,3,4,,,,6,,,,,,,,,,1,,,,,4,,,,,2,6,3,,5,
R_2rTP4RyLsmsFe1T,6,,,1,2,4,,,,,,,5,,,,,3,,6,,,,,5,,,1,,,,4,,3,2,,,,3,,,,,4,1,,6,5,,,2,,,
R_8wMHmzXmsxCmK3c,,3,,5,,,,,,,,4,,,,2,1,6,,,6,,3,5,,,,2,,,,4,1,,,,2,,,,,,4,6,3,,5,,1,,,,,
R_25HJkqS6ETZeHU8,3,,1,6,,5,,,,,,2,,4,,,,,,4,,,2,,6,3,,,,,5,,1,,,,,,,,,,,,3,6,2,,,,,1,4,5
R_8q8NA3vRH4WXRiR,,,,6,1,,,,,,,,,,3,2,4,5,,,5,,,2,6,,,,,4,1,3,,,,,1,2,,,,,,4,3,5,6,,,,,,,
R_2Qu62iDX6p5EQXl,,,2,1,5,,,4,,,,,,,,,3,6,,5,,,,6,,,,2,3,,,,4,1,,,3,,,,,,4,,2,,,1,6,5,,,,
R_2oHwC1LoclR1F17,,,5,1,3,2,,,,,,6,,,,,4,,,2,,,,,5,,4,,3,,,6,,,,1,3,,,,,,,1,,2,,,5,,6,4,,
R_2ODfPZQ7vtZ24V2,4,1,,2,5,,,,3,6,,,,,,,,,,,5,,,1,,,,,4,,2,,3,,6,,,,,,,,5,3,,,,4,,2,,6,,1
R_2kRkvbdS4cjiX0z,,,,5,,,,,,,,,3,6,4,,1,2,,5,,,2,4,,,,,6,3,,,,1,,,1,,2,,,,3,6,4,5,,,,,,,,
R_2HiUFuK3iBfNM09,1,3,,2,6,5,,,,,,4,,,,,,,,,,,,,2,5,,3,6,,,,,1,,4,,,6,,,,,,3,,,,5,2,4,,1,
R_2fCO40gWQrqBcu5,,,,1,,,,,,,,4,6,5,3,,,2,,2,,,,,,5,,6,4,,,,,3,1,,5,,6,,3,1,2,,4,,,,,,,,,
R_2HjUBkC1GyJS4s4,,6,,3,4,2,,,,,,1,,,,,5,,,,1,,,,6,,,5,,,3,,2,4,,,5,,,,,,,3,2,,6,,,4,,,,1
R_8P01MfJvEr6pZBX,,5,,2,3,,,,,,,,,,,6,4,1,4,,,,,3,,,,6,,5,2,,1,,,,,,1,,,,3,2,4,,5,,,6,,,,
R_8t9zk3vGJm03DqG,5,,,,,,4,2,,1,,,,,,6,,3,,6,,,,3,,,,,4,1,,5,2,,,,,,6,1,3,,,,5,,,,4,,,,2,
R_2Roowq8vFZfJpap,,,1,,5,,6,,3,2,,4,,,,,,,5,,,2,,6,,3,,,4,,,,,,,1,,2,,,,,,,,,,,5,4,6,1,3,
R_8BouEeaCv9QtVQt,,,,6,4,,,,,,,,2,,,5,3,1,,3,,,,1,,,,,6,4,,2,5,,,,6,,1,,,,3,5,4,2,,,,,,,,
R_84gZPtjw1u2Wdax,,5,4,,2,,,,,3,,,6,,,1,,,3,,,,,4,,,,,6,,,5,2,,,1,,,,5,,,4,6,3,,,2,,,,,1,
R_8gj9XEJbQ3kTpO7,,,,4,,,,3,,6,1,2,,,,,,5,,,6,,,,3,,2,,,,,1,4,,5,,6,1,,,3,5,,,,,,,2,,,4,,
R_2gTG2KkRyNG71Nm,,,,2,4,6,,,,,,3,,5,,,,1,,,1,,,,5,2,,,,,4,,,3,6,,4,2,,,,,,,5,3,6,,,,1,,,
R_2Dvfo4oPjnQQY7O,6,,,4,1,2,,,,,,3,,,,,,5,,2,3,,,,,,,,,,6,5,,4,1,,,,,,,,4,6,3,5,1,,,,2,,,
R_2eFE0ILoGLse2ZL,4,3,,1,,5,,,6,2,,,,,,,,,,,,,1,,2,3,,,,4,,6,,,,5,,,3,,,,,,,,6,,1,,2,4,5,
R_2GiDUNACa4V0Zd1,,6,2,3,4,,,,,5,,1,,,,,,,5,,,,,1,,6,,,,,2,,3,,,4,,,,,,,2,,3,,6,,,4,,5,1,
R_8aWsQ6Sz9RxGBS2,4,6,2,1,5,3,,,,,,,,,,,,,,,,,,,5,,,,3,6,,2,4,,,1,,,,,,,,6,5,4,,,1,,,2,3,
R_8DD1pbvA3zFfRlL,,,,1,6,,,,,,5,,,4,,,2,3,,,,,,2,4,,5,,,1,,,6,3,,,5,6,3,,,,,4,,2,,,1,,,,,
R_8gTtqHcIqSkHYjL,,,,2,5,,,,,,3,1,,,,4,6,,,,,,,5,,,,1,,,4,3,6,,,2,1,2,3,,,,5,6,4,,,,,,,,,
R_2og7R0rPTDmjmRX,5,,,,1,2,,,6,,,3,,,,,4,,,,5,3,,,4,,,2,,,,,,6,,1,,4,,,,,,5,,,6,,1,3,2,,,
R_2zIv9SjoTRW4297,4,,2,,,1,,,3,6,,,5,,,,,,,,,,3,,,1,,,,,,4,6,5,,2,,3,,4,,,6,,,,5,2,,,,,1,
R_8sC46ONKWtajuKd,,5,,6,,,,,,,,1,2,4,,3,,,,,,,2,6,,,,,4,,,,1,,3,5,1,,3,,,,6,2,4,5,,,,,,,,
R_2diKhF90BwXbJh7,,4,,6,,3,,2,,,,,,,,5,1,,,,4,,1,,,,,2,,5,6,3,,,,,3,,,,,,1,,5,,4,,,,6,,,2
R_80xFq2jMYZIoxUD,,,,,,,,,,,,,3,1,6,2,4,5,1,3,4,2,5,6,,,,,,,,,,,,,,,,,,,1,4,3,2,6,5,,,,,,
R_2Srwp6b3jVduEEW,,4,6,,1,2,,,,,,,5,,3,,,,,,,5,,,,2,,6,,,,1,,,3,4,4,,,,,,1,,2,,5,3,,,,6,,
R_8HC3ADr0w58t56h,5,,,,,4,,,,,1,3,,,,6,2,,,,,6,3,,,5,,4,,,2,,,,,1,,1,5,,,,6,,4,,,,,3,2,,,
R_20N5crpcBnmQ7uh,,,2,3,5,,,,,,,4,,,,,6,1,,,,,,,,,,1,6,,3,2,4,5,,,4,3,,,,1,5,2,6,,,,,,,,,
R_2B6ugfoQ4kbDOEx,,,,5,3,2,6,,,4,,1,,,,,,,,4,3,,,,,6,5,,,,,,,2,,1,2,,,,,,,,,,1,,4,3,5,,6,
R_8hptC44Se4LiIHn,,,,4,,,,,,,3,,6,,,5,1,2,6,5,1,,2,3,,,,,,,,,4,,,,,,,,,,6,4,3,5,,1,,2,,,,
R_8fvnUi66hV5vVVT,,,,,,,5,,,,,3,,4,2,6,,1,,3,4,2,,,,6,,,,,5,,,,1,,6,,,,3,2,,,4,5,1,,,,,,,
R_264n2Ebo9UsrYou,4,5,,1,3,2,,,,,,6,,,,,,,,,4,,,,3,,2,1,,,6,5,,,,,,,,,,,,1,,,3,,,,6,5,4,2
R_2a9wDusFWNrRHJN,,2,,3,5,1,,6,,,,4,,,,,,,5,,,,,,,,4,,,,6,3,2,,,1,,,3,,,,4,,,6,5,,,,,1,2,
R_8HhICoB3MjlhE42,,,2,,3,5,,4,,,1,,6,,,,,,,1,,2,,,,,3,,,,,5,4,6,,,3,,,,,,6,,,5,,4,,,,,1,2
R_21aSS0bBIOZSKH0,,6,,,4,5,,,,,,,3,,2,,,1,5,,6,3,,,,,,,,,,1,,2,4,,,,,,,,4,5,6,3,1,2,,,,,,
R_200trPyeJ3Yy9db,6,3,,1,2,4,,,,,,,,,,5,,,,,6,,,,5,,4,3,,1,2,,,,,,,,,,,,,5,,,6,,,1,4,,3,2
R_2CBLbPLXI1SMwTK,,3,,1,2,,,,,,,4,5,,,,,6,4,,,,,1,,6,5,,,,,,2,3,,,,,1,,,,6,,,5,2,,,4,,,3,
R_2KIr4ToSy6bExFG,6,,,,4,,,,,,,,,2,3,5,,1,,5,,6,,,3,4,,,,,2,,,,1,,,,2,,,5,,,4,6,1,3,,,,,,
R_2eWfPd5hUtmienn,,,,,,5,,,3,,4,2,,1,,,,6,,5,4,,1,,2,,,3,,,,,,,6,,4,,,5,,,,1,,,,,6,,3,2,,
R_2TBh27rZqK6eEWO,,,3,5,,,,4,6,,,1,2,,,,,,6,,,,2,1,3,,,,,,,,5,,4,,,2,,,,,,,,1,3,,,4,,6,,5
R_2DGpaGprPrJvrl6,3,,,2,,5,,,,,,4,6,,,,,1,,3,2,,1,,6,4,,,,,,,5,,,,,,,,,,,,1,3,4,,,2,,5,6,
R_28S8AaA7Id1tNqE,,6,,4,2,5,,,,,,,,,,,3,1,2,,6,,,,5,4,,,,1,,3,,,,,,,,,,,,,2,1,4,,6,,5,3,,
R_8TQQDtOSPk69YlQ,,,5,2,4,1,,6,,,,3,,,,,,,,,,,,,,,1,4,6,,3,5,,2,,,5,1,,,,,4,,,,,,,,2,,6,3
R_8KOrjXw82Z7kE13,,6,,4,,3,,,1,5,,2,,,,,,,3,,1,,,,4,2,,,5,,,6,,,,,,,,,1,,,,,,,,5,,2,4,3,6
R_8absVP2VFOuPTDp,,,,4,,,,,,5,6,1,,,,3,2,,,,5,,6,,4,,2,,,,1,3,,,,,4,1,,,,2,,6,,,,,,,3,,,5
R_8ZIiVHfUh01h7k0,3,2,,1,5,,6,,,,,,,,,,,4,,,,,,6,,,,,,,5,4,1,3,2,,,,2,,,,,6,4,3,5,1,,,,,,
R_8J8Wn3v9z94YKAL,,1,,,2,,5,,,,,,4,6,,,3,,3,,1,5,,,,,,,,6,,,,2,,4,,,,,,4,,6,2,5,3,,,,1,,,
R_845Eb8NuBRMPDJ7,,,4,5,2,3,,,,,,1,,6,,,,,2,3,,,,,1,4,6,5,,,,,,,,,,,,,,,,,,,5,,1,,3,4,6,2
R_22YkbXzTgnHFExC,,,,6,,,,,,,,,5,4,,2,3,1,,5,,,,,2,,6,4,3,,,,1,,,,5,,3,,2,4,,6,,,,1,,,,,,
R_8GNugD7NTQLUSo3,,,,,,,5,3,,,,2,4,1,,,6,,,,5,6,,,,,,4,,,,,3,1,,2,1,5,,,2,6,,,3,,4,,,,,,,
R_2tzHrY45i7heNFF,,,,2,6,3,,,,,,1,,,,4,,5,,,,,,,6,1,,,,,5,2,3,,4,,4,3,6,,,,,,5,1,2,,,,,,,
R_2FsStrmCHHuRVNw,,,,,,,,,,,6,4,,2,,3,1,5,,,4,6,2,,5,1,,3,,,,,,,,,5,3,,,,6,,,2,,,,4,,1,,,
R_8gc6DKIAwg5WXBL,,1,,5,,2,,4,3,6,,,,,,,,,,,,,2,,3,,,,4,1,,,5,,,6,1,,2,,,,,,,,,,4,5,,6,3,
R_2dX5wUPdjsVbcFW,,,,,6,,1,,,5,,,3,,,2,4,,6,1,,,,,,,,,2,4,,5,,,,3,,,6,1,,5,,4,2,,,,,,3,,,
R_2JgGsv9HiERxD9K,,,,,,2,,,5,,,,,3,,6,1,4,5,4,,2,6,,3,,,,,1,,,,,,,,,2,,,,,4,,6,3,,5,,1,,,
R_2hm3oHkbTlQ23dk,4,,,,,,,,5,2,1,3,,,,,6,,,6,,3,4,1,2,5,,,,,,,,,,,,,1,,,,,,,,,,5,4,6,3,,2
R_8JgXddCh3zOwAaq,,,5,6,4,2,,,,,3,1,,,,,,,1,,,,,,6,,,,,,,4,5,3,,2,,2,,,,,,4,3,1,,,6,,,,5,
R_2Ez5RPnyYdrykow,4,,,5,2,3,,,,,,6,,,,,,1,,1,4,,,,,,,6,,,2,,3,5,,,,,,,,,2,1,3,,6,,,4,,,5,
R_8XcmJupHoX89aNP,,5,,,2,4,,,,,,3,,,6,,,1,2,,3,4,,,6,,,,,,5,,,,1,,,,,,,,,2,6,3,5,,,1,,4,,
R_2sR9r3IfdmKPhOI,3,,,6,1,,,,,,,2,,,4,,,5,,4,,,,3,5,1,,6,,,,2,,,,,,,1,,,,,,2,,6,,4,,,5,3,
R_8JpZ0TUWO8nbycD,,,,5,1,4,6,,,,,2,,,,,,3,,4,3,,,,,,1,2,,,,6,,,5,,6,,,,,,,1,,,4,,3,,5,2,,
R_8UU4gkLobH679bX,,6,5,,2,3,,,,,,1,,,,,,4,1,,,3,,,,,,6,5,,,4,2,,,,,,,,,,2,5,6,,,,4,,,1,3,
R_2yrg4eYafV9F8TT,,6,,3,5,4,,,,,,1,,,,,,2,1,,,,,,,,,,,,3,2,5,4,6,,,,2,,,,3,4,5,1,6,,,,,,,
R_8ZR2mZtjYTKDr7H,,2,,1,3,4,,,5,,,6,,,,,,,,,,,,,,,,,,,2,4,5,3,1,6,2,,1,,,,5,6,,4,3,,,,,,,
R_85LxpISK0XdAKwS,,5,,,1,3,,,,4,,2,,,,,6,,6,,,1,,,4,5,,,,,,2,,3,,,,,4,,,,,,2,,1,,6,,5,,,3
R_8XieX6bnEUjHCpN,,3,2,4,1,,,,,6,,5,,,,,,,2,,,,,1,4,,3,,,,,5,6,,,,,,,,,,,3,,,6,,1,,,2,5,4
R_2hyj28PrzrQcijO,4,3,6,2,5,1,,,,,,,,,,,,,,,,,,,,,,,5,2,,3,6,1,4,,,,,,,,5,6,4,3,,,2,,,,,1
R_8PdaTRz2TadARAo,5,2,,4,,1,,,,,,,,,6,,3,,,,,,,,4,6,5,3,,,2,,,1,,,,,3,,4,,,,,,1,6,,2,,,,5
R_2Hx6UveHItBVn3j,,,4,,6,,,,,,,1,,3,,,5,2,,4,,1,,2,3,,6,5,,,,,,,,,1,,,,,,,6,,,2,,4,,5,3,,
R_8ksQxphGF3qNN5s,2,3,,,,5,,,,4,,1,,,,6,,,,,,4,1,,5,6,3,,,,,2,,,,,,,6,,,,,,,,5,,2,,1,,4,3
R_2qEduqB4SalsnVI,,,,3,,,5,4,6,2,,1,,,,,,,4,3,,,,1,,,,,,,,6,5,,,2,,,5,,1,,,,,,6,,4,,,3,2,
R_8lYLicJSntEVbUM,,,,,5,1,,,,,,,3,,2,6,,4,5,4,3,1,,,6,,,,,2,,,,,,,,,,,,,,6,3,4,5,,,1,,,2,
R_8fK1KQLHdPo3DOz,2,3,,1,,,,,,5,,,4,,,,,6,,,,,4,3,2,5,,,6,1,,,,,,,,,1,,,,,,2,,,,,3,6,5,4,
R_8OhKu0LWFfbyMs9,,,,,4,,,,,,2,,3,,5,,1,6,4,5,,,,6,,3,,,,,,2,,1,,,,,3,2,,,4,,6,5,,1,,,,,,
R_8tumKhD0HfUEg5C,,,,,,,5,4,,3,,6,1,,,,2,,6,,,1,,5,,,3,,,,,,2,4,,,,3,4,,6,,,,,,1,,,5,,,,2
R_8gRFWdqvxteB52F,5,4,2,3,1,,,,,,,6,,,,,,,,,,,,3,,,,,,,6,2,,5,4,1,,,,,,,3,6,5,2,4,,,,1,,,
R_2KBB3RkfCZw53oY,,5,2,1,,,,,,,,,,,,3,4,6,2,,,,5,,,,,4,,,1,6,3,,,,,,,,,2,1,6,5,,3,4,,,,,,
R_8jqu2lvK2yqniQv,5,,6,,2,1,,,,,,,,,3,,,4,,6,,4,,,5,,,,,,1,2,,3,,,,,,,,,,4,6,5,3,2,,,,,1,
R_8B8OQ7mYSDtYhe0,,,6,,5,,,,,,,,4,,,3,2,1,3,6,,,,,,,,,2,4,,5,1,,,,,,,1,,2,5,6,3,4,,,,,,,,
R_2cW1mhKnBypv4id,2,5,,6,4,1,,,,,,3,,,,,,,,,2,,,,,,,,,,1,5,,6,4,3,,,,,,,5,3,4,2,6,,,,1,,,
R_8hsDWMnp09zS5eG,,3,4,5,1,2,,,,,,,6,,,,,,2,,,,,,,,,,,,,3,5,6,4,1,,,,,,,3,6,4,2,1,5,,,,,,
R_2aFQWISMtTMDsKo,,,,1,6,,,,5,2,4,3,,,,,,,5,4,3,,,,,,,,,,6,2,,1,,,,,,,,5,2,3,,,,,,,4,,1,6
R_8KjsJTFMsljc4e7,,,,,,2,4,1,,,5,,,3,,6,,,,,1,,5,,,,,2,,3,4,,6,,,,1,3,,6,,,,,4,,,,,,,,2,5
R_8FKXgHhu3Iu1r8T,4,,,,,5,,2,,,,1,6,,,,,3,,,1,6,2,,,,,,,,,5,3,4,,,,1,,,,,6,,5,2,4,,,,,,3,
R_23agrm5IYutUoxT,,,,4,,6,,,,3,,1,,2,,,,5,,,3,,6,,4,1,5,,,,,,,,2,,4,3,,,,,,,,,1,,5,,6,2,,
R_2tzcUDrcmUIQGxj,,,,3,5,1,,,,,4,6,,,,,,2,4,1,5,,,,,,,,,,,3,6,,2,,,,,,,,1,5,4,6,,,3,,,2,,
R_8osYeJNWlxJDHoB,,,,,2,,4,,,,,1,5,,,,3,6,6,,,1,,3,,,,,,,,4,5,2,,,,5,1,,,,,6,3,4,2,,,,,,,
R_21zcLciQE5PDuOq,4,,,,,2,,,6,,,,,,,5,3,1,,,,4,6,,1,,,5,,,3,,2,,,,,3,2,,,,,4,,,5,6,,1,,,,
R_2VJALJCx9qGvPwN,,,,6,,,,3,1,,,,5,,2,4,,,3,,6,,,2,,,,,1,5,,4,,,,,,3,,,2,,1,,,6,,,,,,,4,5
R_8VfNNiEJjBPCRKY,,,2,,4,5,,,,,,6,,,,3,,1,,,,5,,,,6,,,1,,4,2,3,,,,6,4,,,,,3,,2,1,,,,,,,5,
R_8V3zeSkLHmfWCdP,,,,3,,4,5,1,,,,2,,,,,6,,,5,3,,,,,,2,1,,,4,6,,,,,2,,,,3,,,,,,6,,,,5,4,,1
R_87glkfI7PccyTGi,,4,,1,,5,3,6,2,,,,,,,,,,,,5,,3,,,,,4,,6,,,,1,,2,5,,,,,,,,,,6,,1,3,2,,4,
R_8YQi8Z2YXuJB5Y4,,1,4,2,,3,,,,,,,,,6,,,5,,,,,,,6,,4,3,2,,5,,,,1,,2,,,,3,,,4,,,,5,,6,,1,,
R_2pPEOG5ZBtsFvoy,,,,5,,6,,,3,1,,2,,,4,,,,,2,5,,6,,1,3,,,,,,4,,,,,1,,,,,,,,,,6,,3,,,4,5,2
R_8lYvhzYzD5OiDIL,,5,6,3,2,1,,,,,,4,,,,,,,6,,,,,,3,5,2,4,1,,,,,,,,,,,,,,,,,,,,5,4,3,2,6,1
R_2f1orrKGqvdmoed,5,,,3,4,6,,,,,,1,,2,,,,,,1,,,,,3,,4,,,,6,,,,5,2,,,5,,,,,4,,1,2,,,,3,6,,
R_8Fjuc34ZTJX3PmV,5,3,,1,4,2,,,,,,6,,,,,,,,,,,,,2,4,3,1,6,,,,,,,5,,,1,,,,,,,,,,3,5,4,6,2,
R_8gkxVPtvP0WG1Ws,,,,,,,,,6,,,,,1,4,5,3,2,,,4,,,,6,2,,1,5,,3,,,,,,6,2,,4,3,5,,,,,,1,,,,,,
R_8CophG04C3BmHtv,,,5,,3,4,,,,,,2,,,,,6,1,1,,,3,,,4,,,,,,,6,5,2,,,,3,,,,,,6,5,1,2,,4,,,,,
R_2TSPJJEXPBLoMY7,,5,3,4,2,6,,,,,,,,,,,,1,5,,,,,,2,3,,1,,4,,6,,,,,,,,,,,,,1,,2,,4,,5,3,6,
R_8PXhsaRDv8AE3yr,,,,,1,6,,,,,,3,,4,,,5,2,2,4,,1,,,5,3,,6,,,,,,,,,,,5,,,,,,1,,2,,4,,6,3,,
R_8M5TQgnNrCFaN4v,,,5,1,,4,,,2,6,,3,,,,,,,,3,,,2,,5,,,,,,,,6,,4,1,3,,,,,,,5,,,6,,2,4,,1,,
R_2nHKrKHBUPCUVjr,,,,,,,,,,,,6,4,3,5,2,1,,,,5,1,6,,4,,,3,,,,,,,,2,1,2,,,,4,,5,6,,3,,,,,,,
R_8g3IU6yX4lKsxd7,,,,,,,,,,6,3,,4,,,5,2,1,,5,,2,3,,,,,,,6,,4,1,,,,1,,5,,,2,6,3,4,,,,,,,,,
R_8IcwQqxuPzQ3CXw,,,,,,,,,,,,,3,5,1,2,6,4,3,6,1,,2,,4,,,,,5,,,,,,,,,,1,,5,,4,3,2,6,,,,,,,
R_8R7wGsgTi9Nhfja,,6,,,,,4,,,,1,3,,5,,,2,,5,,3,,,1,,,,6,,,,,,4,,2,,,,4,5,,,6,3,,,,2,,1,,,
R_2stqH1NNiV8xZmI,,,,,,,,,3,1,,2,,4,,6,5,,,,,1,,6,2,5,,,,,4,,3,,,,3,2,4,,1,,,,,,5,,,,,,,6
R_89tx92TVqu1gr3N,,,,3,2,4,,,,,,,1,,,6,5,,1,5,,,,,,,4,6,2,,,,3,,,,,,4,,,,2,6,,,,3,,5,,,,1
R_8Wnk6Gy0YymPGKZ,,,,,1,3,4,,5,6,,,,,,,,2,,4,5,3,,,,2,,,6,1,,,,,,,1,,,,,,,,,,,,5,3,6,4,2,
R_2gRoy6Dwg247Usx,6,,2,,1,4,,5,,,,,,3,,,,,,,,,,,1,,,6,,,4,,3,,2,5,,6,,2,,,,,3,,4,1,,,,5,,
R_2OtEMkIIsUXWTfP,,,5,3,1,6,4,,,2,,,,,,,,,,,,,,,,4,,,2,6,,3,,,5,1,4,5,,,,,,,1,,,,2,,6,3,,
R_8dGG8KCn2Psaijk,5,6,,1,4,2,,,,,,,,,,,,3,,,4,,,,3,,,6,,,5,,,2,1,,,,,,,,,4,2,,6,5,,1,3,,,
R_2nv2dKtGNrOQDUf,4,,6,,,,,,,1,5,2,,,3,,,,,,,3,1,,,,6,,,,,4,,5,,2,,1,,,,4,6,5,,,,,3,,,,2,
R_8IwAUVqt4nZfth7,,3,,2,4,5,,,,,,1,,,,,,6,,,,,,,3,,6,1,,,4,,5,2,,,6,,3,,,,,1,,,5,,,4,,,2,
R_8YP2trRQQYJJAFk,5,3,,1,4,2,,6,,,,,,,,,,,,,1,,,,5,,3,4,,2,,,,6,,,,,,,,,,,,,1,,2,5,3,,6,4
R_8isPc1aK5ntS6Gp,,,,,6,4,,5,,,,1,,3,,,,2,5,,1,4,,,,,2,3,,,,,,6,,,,2,,,,,1,,,,4,,5,,6,,3,
R_8rGXqxENK4CwVVW,,,,1,,,,,,3,,,2,5,,6,4,,,,,,4,3,6,,,,,1,,,5,,,2,1,2,4,,,,,5,3,,6,,,,,,,
R_8t5b3qEgJpxNkA3,,4,,6,2,3,,,5,,,,,,,,,1,4,,6,,,,2,,,,,5,,,1,,3,,,,,,,,,3,,4,6,,1,5,,2,,
R_8oqkdDNnRJvtd19,,,,2,6,,,,,,5,4,,,,3,,1,,,6,,,1,,,,,,,4,2,5,,3,,2,1,,,,,5,4,6,3,,,,,,,,
R_8BWa6fhVUrFJm9f,4,3,,5,1,2,,,,,,6,,,,,,,,,3,,,,6,,,,,,2,1,4,,,5,,,,,,,,4,3,1,6,,,,,2,5,
R_81tXqMfAh7RLW8v,,,,,,2,4,,,6,5,1,,,,,,3,2,1,,4,,,,3,6,,,,,,,,5,,,,4,,1,,,,,,,,5,2,6,3,,
R_2nVXvTt0NUSYG1d,,,,3,2,1,4,,,,,5,,,,,,6,,4,1,,,,,5,3,2,6,,,,,,,,4,,,,,,,,,,,,1,6,5,2,3,
R_2fj7xCynlvcvj2i,,,,2,,,,,,,5,,3,,6,,4,1,,1,6,,,,,,,5,,2,,3,,4,,,1,,,,5,2,6,3,4,,,,,,,,,
R_29oIc44pWTUWdTX,,,,5,2,1,,,,,,3,,,,6,4,,,5,,,,,,,,6,,,3,4,2,,,1,4,,2,,,,1,6,3,,5,,,,,,,
R_2FT1DBJ6SsIdMLn,,4,,2,6,1,,,,5,,3,,,,,,,,,5,,,,1,2,3,,,,,4,6,,,,5,,,,,,,,,,1,,2,,,4,3,6
R_8TRlyMsqJdzNNrK,,,4,,,,,6,,,,1,5,2,,,,3,,1,,6,,,,,,,3,,,,4,2,5,,1,,,,3,2,4,,6,5,,,,,,,,
R_23BtMeepCNAOcfL,,,,6,2,3,5,,,,,4,,,,,,1,6,4,3,,,,,,,,,,5,,,1,2,,,,,,,,,3,2,1,6,,,4,5,,,
R_8NxGH8MsqmfKYMt,,,,,,,,,,,6,2,,5,4,,1,3,,4,,2,3,6,,,,,,,1,,,5,,,6,,5,,,,4,3,1,2,,,,,,,,
R_8FX65bLU3uxjSLi,,4,,,,,,,5,,,1,6,3,,,,2,1,,,,,2,5,,,4,,,,,3,6,,,,,5,3,6,,,4,,,2,,,,,,1,
R_2qa2RXKaXk3vrXX,2,4,,6,1,5,,,,,,3,,,,,,,,,1,,,,4,,,,5,,2,,,3,,6,,,,,,,,4,3,2,,,,5,6,,1,
R_2QyLSBxZ1jByETW,,6,2,5,,1,,,,,,,,,3,,4,,,,,,2,,5,,6,,,,1,3,,,,4,5,,,,,,,2,,3,6,4,,,,1,,
R_8coQmAeDjbwzEtz,,6,,4,3,,,,,,2,,,,,5,1,,,,2,,,,,,4,5,,,6,,3,,,1,4,,,,,6,3,5,,,,1,,2,,,,
R_2jTVn8X5kE4M9Uq,6,,,,,3,,,,,,1,,4,,5,,2,,,,3,6,,,4,,2,,,5,,1,,,,,3,4,,,,6,,5,,2,,,,,,1,
R_82bc7qMQ2796R9t,4,,,,,6,,,,,,2,5,,,3,1,,,4,,1,5,,2,,,,3,,,,,,,6,,,3,,,,,6,4,5,,,,2,1,,,
R_2l3Ge7AOg1gYFMB,,,2,,4,,,,,,,3,,,6,,5,1,,2,,,,3,,,4,6,5,,,,,1,,,4,,,1,,,6,3,,,,,2,5,,,,
R_8PMJJRRxdqaczdV,,,,,,,,,,,,2,4,,5,3,6,1,2,3,,4,1,6,,,,,5,,,,,,,,,,1,,,,5,4,6,3,,,,2,,,,
R_8OQ6LglmIqfxp16,,,,6,2,,,,,,,,1,,5,4,,3,5,6,2,,,1,,,3,,,,,4,,,,,,,,,,,3,6,,4,5,2,,,,,1,
R_2xLdbg00Jjr6dWs,,,,6,,,2,3,5,4,,1,,,,,,,3,,5,,,,,,,,4,,,1,,2,6,,,3,,,2,4,,,,,,,5,,6,,,1
R_2D13ybuxUT0Vv5W,6,,,5,3,,,,,4,,,,2,,,,1,,,6,,,,4,,3,,,1,,,,2,5,,,5,,,,3,,4,,,6,,2,,1,,,
R_8WQ2i7FlsDnbNcJ,4,5,,2,,3,1,,,,,6,,,,,,,,,2,,,,,1,4,3,5,,,,,,,6,,,,,6,,,,,,,,2,5,3,1,4,
R_8eq2mF792Fhe4Hs,4,6,,,,5,,,3,1,,,,,,,2,,,,3,2,5,,6,4,,,,1,,,,,,,,,,,,,,,,,6,,1,3,2,4,,5
R_8g27XYkNnTQQ8Lf,,,6,,1,3,,,,4,,2,,5,,,,,,,,1,,,3,,4,,5,,6,,2,,,,1,2,,,,,,5,,,,,,,,3,4,6
R_8OokC28w1JCBvq3,,,,,,,,,5,6,,,,2,,3,4,1,6,,4,5,1,,,,,,,2,3,,,,,,,1,,,,6,2,3,,,4,,,,5,,,
R_2yg76A74qLyIcSE,,,,2,,1,6,5,,3,,4,,,,,,,,1,,,2,,,,3,,6,,4,,,,,5,2,,1,,,,,,,,,,,5,4,6,3,
R_8Ct2NYQTMFjDH6p,,1,,3,,5,4,,,,,,,,6,,,2,,,,,,,,,,4,5,1,,2,,3,6,,6,,5,,1,,,4,2,,,,3,,,,,
R_2wtdOPFu3rhHUwc,5,4,,1,3,2,,,,,,6,,,,,,,,,1,,,,3,5,4,2,,,,,,,6,,,,,,,,,,,,2,,4,3,6,5,,1
R_82nfLnfM0F7exGY,,,,3,1,,,,,,,5,6,,,,4,2,5,4,1,,,2,,,,,,,,,3,6,,,,,,,,,4,6,5,3,2,,,1,,,,
R_8QG7fzU1HGAPYje,,4,,1,,6,,5,,2,,,,,,3,,,,,4,,6,,3,,5,,1,2,,,,,,,3,,,,,,,,,,,,2,1,5,,4,6
R_22EumgLaEifOTc9,,2,6,5,,,,,,1,,4,,,3,,,,6,,,,5,,1,3,2,,,,4,,,,,,,,,,,1,,,,,2,,,4,,3,6,5
R_2szAqR4fqi64OBD,6,,,2,,1,5,4,,,,3,,,,,,,,5,3,,,,,,1,2,,,,4,,,6,,,,,,2,,,,,,6,,1,,3,4,,5
R_8Qt75JTsfFjddtG,,,,3,6,4,,,,,,5,,2,,1,,,,6,,,,,,2,,,,,3,,4,,5,1,6,,1,,,,4,,5,3,2,,,,,,,
R_84nOr45PFs18L8x,,,,,,,,,,,1,,5,,6,3,4,2,,5,,4,3,6,,,,,,2,,1,,,,,6,,5,,,,3,1,4,2,,,,,,,,
R_82M5vobG06WRGtE,3,6,,2,,5,,,,,,1,,,,,,4,,,6,,1,,2,4,3,5,,,,,,,,,,,,,,,,,,,6,,1,4,5,2,3,
R_2aeoIqrVIRHQUbn,,,4,3,5,1,,6,,,,2,,,,,,,,1,,,,,,,3,2,6,,,,,,4,5,1,,,,,,4,,,,,,2,5,3,6,,
R_8vDOJAi85EDgf8R,,,,,5,1,,6,,,,2,,,,,3,4,6,2,3,1,,,,,,5,,,4,,,,,,,,,,,,1,,4,,6,,,5,2,3,,
R_8L3ATClyxLsh2ZH,,,5,1,,,6,,,3,,,,,,4,2,,,3,,,,1,,,,,6,,,5,2,,,4,3,,,,5,,,4,6,,,2,1,,,,,
R_8rdeaIjJk7XWUlJ,5,4,1,6,,3,,,,,,2,,,,,,,,,,,1,,,,,,,,2,5,,4,6,3,,,,,,,4,5,6,3,1,,,,2,,,
R_8cClknpWgnzTkTD,,,,,3,,4,2,,5,,1,,,,,,6,,6,3,2,,1,,,5,,,,,4,,,,,5,,,,,,,,,,6,,4,,3,2,1,
R_8pWwHP2SGu98wQN,,1,3,,4,,,,,,5,,,2,,6,,,,,,1,,,,5,,4,,,2,,,,6,3,3,,,,,1,5,,6,,,4,,,2,,,
R_2otzdvwr0xsm8x3,,,,,,1,,,,4,,2,5,,,3,,6,,,1,,6,,,3,5,,2,,,,,,4,,6,4,,2,,,5,,,,,,,1,3,,,
R_8GeizSZyFDoNWOR,,,,,,,,,,,4,,3,6,1,2,5,,,,4,5,,,1,6,,2,,,,,,,,3,5,2,,,4,6,,,1,,,3,,,,,,
R_84NRVTGBgtqoBdx,,,,6,,,4,2,3,5,,1,,,,,,,,3,2,,4,1,,,,,,,5,,,,,6,2,,,,,,,,,,1,,,3,6,4,5,
R_2hrEbpMXqhLAbfj,,,3,5,4,,,,,,,2,6,,,,,1,,5,,,,,,,,1,,,,4,3,2,6,,5,,,,,6,1,2,4,,3,,,,,,,
R_8JlQVINr6qg8f3s,4,,5,6,,,,,,2,,,,,,3,1,,,,,,,4,3,,6,,2,,1,5,,,,,,4,,,2,,,3,,,,5,,,6,,,1
R_8m4RfsY9t9jge9L,,,6,4,,,,,2,,,,,1,5,,,3,,,,,,3,5,,,,2,6,,,,1,4,,1,3,,,5,,,4,,6,,,2,,,,,
R_2GBQniGDdf2rTYD,,,,4,6,,3,,,,,2,,,,,5,1,,6,,,,,,,,3,,,1,4,2,5,,,4,,6,,,5,,1,3,,2,,,,,,,
R_8fjxy5enAxV2LH0,5,,,4,3,2,,,,,,,,,,,6,1,,1,,,,,2,,,6,5,,3,,4,,,,,,5,,,,,2,6,,,1,,4,,3,,
R_8OoET1q55kRVrS0,,3,,1,,5,,,,,,4,,,,,6,2,2,,,,1,,,,6,4,,,,5,,3,,,,,2,,,,1,5,,,6,,4,,3,,,
R_2EZo1wKMPv8WBuq,,,,5,2,,,4,,,,,3,6,,,,1,,,5,,,,6,,1,2,,,,,,4,3,,6,5,,,,3,,,,,2,1,,,4,,,
R_2du3FRgHQZ2uf7x,6,,,4,2,3,,,,,,,5,,,,,1,,2,3,,,,,,,6,1,,,,5,,4,,,,,,,,3,6,5,,,4,,2,,1,,
R_2fiFBCjZqJv7wWw,5,,,4,,6,,,,,,,2,,1,,,3,,,5,,1,,,,,,,3,,2,,4,6,,,2,,,,,3,6,5,4,1,,,,,,,
R_2rIG2DXW2zM5nlE,,,1,,2,4,,,,,,,,,5,3,,6,,,,2,,,,,,,1,4,5,6,,,3,,4,5,,,,,3,6,2,1,,,,,,,,
R_84cKYkTp5s8KOqu,,,,,,,,,,,,,6,2,4,3,5,1,,1,6,2,,3,,,,,4,5,,,,,,,6,,,,4,,2,1,5,3,,,,,,,,
R_2mWu47t4XuQXT50,3,,,,,,,,6,,,2,,5,,4,,1,,5,,4,1,2,6,,,3,,,,,,,,,,,1,,,,,6,,,4,,5,,3,,2,
R_2LGlgYEwyXO0eBz,,,,,1,,,,,,,3,6,5,4,,2,,4,,,2,,1,3,,,6,,,,,,,,5,,4,3,,,,,6,1,,2,,,,,5,,
R_2UKuOjOaXMYr1AJ,,,,,2,3,4,5,6,,,1,,,,,,,3,2,,1,,,,,,6,,,,5,,,,4,,,6,,,,,,,,3,,1,,2,4,5,
R_2Q6BJ5Bjx0M2FvE,6,4,3,1,,,,,,,,,,,,2,,5,,,,,3,4,,,2,,6,5,,1,,,,,,,,,,,5,6,,4,,,1,,3,,2,
R_2iwXQAahYL6nDkx,6,,2,,,,1,,,,4,,5,,,,,3,,,,3,5,,,6,1,,,,,2,4,,,,,5,,,,4,,,,6,,2,,,,1,3,
R_8HIyOdJqEUbdEMH,,6,,1,5,3,,,,,4,,,,,2,,,3,,5,,,,,,,,,4,1,6,,,,2,,,,,,,2,6,5,1,,,,,3,,4,
R_8YaWqpNCGNI2SwA,,,5,1,6,4,,,,,,,,,,,2,3,4,,,,,,,,6,,,3,1,5,2,,,,,5,,,,,2,4,,3,6,,,,,1,,
R_2tbZIsBxXaC3dWY,,6,,2,3,1,,,,,,5,,,,,,4,6,,,,,,5,,,4,,,1,,2,3,,,,,2,,,,,1,3,,4,,,5,,,6,
R_2pR8iWo8uuOuCDR,6,,2,1,,5,3,4,,,,,,,,,,,,2,,,6,,,,3,5,,1,4,,,,,,,,,,,,,,,,6,,,2,1,5,3,4
R_8I497VnU0YUV3O9,,,2,1,5,,,,,,,,,,,3,6,4,5,,,,,2,,,,,,4,1,6,3,,,,,1,,,,,3,6,5,4,2,,,,,,,
R_20wQJMeP9EjwZDj,,,,3,,1,,,,,5,,6,,4,2,,,1,3,5,,2,,,,,4,,,,,,,6,,,,,,,,1,5,2,,,4,,6,,,,3
R_25LpWBMUNBkPspe,,4,6,3,1,2,,,,,,,,,,,,5,3,,,,,,2,,4,1,,5,,6,,,,,,,,,,,,1,,,6,,5,,3,2,4,
R_20MZF8zda0goi4z,,,,,,,,,,,,,3,6,2,5,4,1,,3,,6,4,,,,5,2,1,,,,,,,,2,,6,,,4,5,1,,,,3,,,,,,
R_2WuOozoBynjr8nC,,,,3,2,,,,,1,,,,6,,5,,4,4,2,1,,,,,5,,,,3,,,6,,,,,,,,,6,2,,3,,4,,5,,,,1,
R_8a9nhifMfOu8mJP,,3,,,5,,,1,6,,,4,,,,,2,,,,6,4,,,1,,,3,2,,,5,,,,,3,,,,,4,,,,,,,1,,6,2,,5
R_8OUO4We7So1BYlE,,1,,4,6,5,,,,3,,,,,,,2,,6,,,,,,4,3,,,,,5,,1,2,,,,,5,,,,,,6,,2,3,,1,,,,4
R_2MFkxvnkOlpv58L,4,,6,,,,3,2,5,,,1,,,,,,,,,,,,,,,,1,5,,4,6,3,2,,,,5,,3,4,6,,,,,,,,,,,1,2
R_8Gy3Z1toL0VvcH3,,,4,2,,3,,6,,,,,,,,1,5,,1,2,,,,,4,,3,,,,5,6,,,,,,,,,3,,,,,1,4,6,,,2,,,5
R_8hFtbmMU9FsORer,,2,,,,5,,,,,4,,6,,,,3,1,4,,3,2,5,,,,,,,,,,1,6,,,,,,,,,3,5,6,4,,1,,2,,,,
R_20362ZlTUVz0omt,,,,,,,,,,,5,6,3,2,,4,,1,1,2,3,5,,,6,,,4,,,,,,,,,,,,,3,6,,5,2,,,,,,1,,4,
R_2EmLBx4CbkBPA5D,,5,,,6,,,4,,,,,,1,,,2,3,,,,6,,,,,,5,3,,1,,4,2,,,1,,3,,,5,4,,6,,,2,,,,,,
R_86Flh7dJOHLmSk1,,,,,,,,,,,,5,2,4,3,,1,6,4,,,3,6,5,,,,,2,,,,,1,,,,1,2,,,,3,6,4,5,,,,,,,,
R_2kYaNYBHK9dx6x6,,,,5,,4,,,,,,,,3,6,,2,1,,2,5,,1,,,,,,,6,3,,,4,,,1,,,,,,2,4,5,3,6,,,,,,,
R_8KNRL5P1DUMtNHt,6,5,,3,4,2,,,,,,1,,,,,,,,,,,,,3,4,2,1,5,,,,,6,,,,,6,,,,,,,,,,1,4,2,,5,3
R_2f3IKawjjtOgDXX,,,,4,2,,,,,6,5,,,,,3,1,,4,6,,,,,5,3,,,,,1,,,,,2,,,6,,,3,,,5,,,2,,1,4,,,
R_24lEdnDGieSq6pr,6,,5,,,2,,,,,,,3,,,,4,1,,3,,2,1,,,,,,5,4,,6,,,,,,,,,,,3,6,4,5,,,,,1,2,,
R_88fI91LaSvBucGR,,,5,,3,,6,,,,4,1,,,,,2,,,2,,5,,3,,4,,,,,,,6,,,1,2,,,,,,,,5,6,,,1,3,,4,,
R_8lKtzK5VD1N5yDc,6,,4,1,,3,,2,,5,,,,,,,,,,2,,,,,4,,,,5,1,6,,,,,3,,,,,5,,,,4,,,,,6,1,3,2,
R_8DAMGOdiCxbcFE2,,,,,5,,,,,,,3,1,2,,4,,6,,,5,1,,,,4,,6,3,,,,2,,,,5,3,,,,1,4,,6,,,,,,,,2,
R_8lTeF0EZk9AX6b7,,6,,5,1,,,,,,,3,4,,,,,2,4,,,,,,,,,,6,,,1,2,5,3,,,,1,,,2,4,5,6,3,,,,,,,,
R_2qoNWSdSyqHJpzH,4,2,,3,5,1,,,,6,,,,,,,,,,,1,,,,4,,2,,,,,,,3,5,6,,,,,,,,2,,,6,1,5,4,3,,,
R_2j0Yj4TN2ci4DPZ,4,6,,,2,,,,,,,5,,,,,3,1,,,5,4,,,,,,6,1,,2,,,3,,,,,,,,6,3,4,5,,,,,2,1,,,
R_2WIogTup8iasW9W,3,,5,6,4,,,,,,,2,,,,,,1,,1,,,,4,6,,,3,,,,5,,2,,,,,,,,,,1,6,,4,,5,,2,,3,
R_84iv7QQ0h9FPBXN,,6,,,5,,4,3,1,2,,,,,,,,,3,,4,,,2,,,,,,1,,,,,6,5,,,,1,,,,,,,6,,3,4,2,5,,
R_2bIejIvS4bvaB8g,,,,2,1,3,,,5,6,,4,,,,,,,,3,5,,,,2,1,,,,,,6,,,,4,1,,,,,,,,,,2,,4,,3,5,6,
R_80YBot8Ggh7HFRv,,1,,5,4,2,,,,,,,6,,,3,,,3,,,,,,,,,6,,,,1,5,,2,4,,,5,,,,3,6,4,,2,1,,,,,,
R_2VQiwaVkBgEdVC1,,2,,,5,,,3,,,,,,6,4,1,,,3,,,6,,4,2,,,1,,,5,,,,,,,,4,,,,,,2,,6,3,,,,,5,1
R_2HKMs8z0c8cdBM5,,2,,1,,5,3,6,,,,,,4,,,,,1,,,,6,,,,,,,2,,,5,,3,4,,,6,,,,,,5,1,3,,4,,,2,,
R_22DdDnLljDdqZdn,3,,,4,,5,,,,,,,,6,,1,2,,,5,,,,,3,,,,4,6,1,,,,,2,,,6,,4,,,3,5,1,,,,,2,,,
R_2D5uFxo3X6PXlrL,,,,1,3,6,5,,,4,,2,,,,,,,1,,4,,,,,2,5,,,,,,,6,,3,,1,,,,,,,,,6,,4,2,5,,3,
R_8axZlhXIS4X4TTD,,2,,1,,6,,,,,,,,4,,3,5,,,,,,6,,,,,4,1,3,2,,,,,5,3,,1,,,,5,4,6,,,,,,2,,,
R_26TMxtNCkrs1W9z,6,,,,3,,,,,,,,4,2,5,,,1,,5,,3,,6,,,,,,4,,,,1,2,,,,1,,,,3,6,2,5,4,,,,,,,
R_8G85tjxrDv7Tm8N,3,,,5,2,4,,,,,6,1,,,,,,,,1,3,,,,5,,2,4,,,,6,,,,,,,,,,,,1,,,,,5,,4,6,3,2
R_8a7MxM75mp6bv8Z,,,4,1,3,,,,,,5,,,,,2,6,,2,1,,,,,5,3,,,,6,,4,,,,,,,,,,3,,,1,2,,,5,,4,,,6
R_8E6jANYOof8oai5,,,2,3,1,,,5,,,,6,,,4,,,,,5,,,,,1,,,2,3,,,4,,,,6,4,,,,,2,,,6,,,,3,,,1,5,
R_8CML9df8kMJrndn,,5,,3,2,,,,,,,,,,,4,6,1,3,,,,,,,,,2,,4,5,1,6,,,,,,4,,,1,3,5,6,,2,,,,,,,
R_82TluQxe1XwlWmt,,,,,,6,2,,3,1,,5,,,,,,4,6,,,2,4,,,,,,1,,3,,,,5,,,2,1,,,,,4,,,,,,3,6,5,,
R_2mltfrYanyzdSCZ,,,5,,,6,,,,,,1,2,3,4,,,,,1,,,,,5,2,3,4,,,,,,,,6,3,,,2,1,,,,,,4,,,,,5,6,
R_7TWP41UppONbaZX,,,,,1,,,,,,,3,6,,5,,4,2,4,,,5,,,,,6,,2,,,1,,3,,,,2,1,,,3,5,4,,6,,,,,,,,
R_2TbYUJMbKVKTBAZ,6,3,,,5,4,,,,,,,,,,,2,1,,,,,,,,4,,,,6,1,3,2,5,,,,,5,3,,,6,,1,4,2,,,,,,,
R_8w7ak6Ruy5pJkPa,,,,3,5,4,,,,,,1,6,,,,,2,4,1,6,,,,,3,,,,,,,,5,2,,,,,,,,5,,6,4,2,,,3,1,,,
R_8drVAiItmhP4qbk,,5,,,1,,4,,3,,,2,,,6,,,,,,,5,,,,3,,2,,,6,,,4,,1,4,,3,,,6,,,,,1,,,5,,,2,
R_8k08xZQEWUmvgMt,,,,,,,,,,,,,2,6,3,1,5,4,,,2,6,3,4,5,,,,,1,,,,,,,3,1,,,,,,5,4,2,6,,,,,,,
R_2P6wCKwHK8tjHl4,,,,,,,,6,4,3,,,2,,1,,5,,5,,4,,,1,3,,,,6,,,,,,,2,,6,,4,1,,,,,,,5,,3,,2,,
R_211NTfSyUiMX3Qn,5,2,,,6,4,,,,,,,,,,,1,3,,,1,3,,,5,,,,2,4,6,,,,,,,,,,,,,1,5,2,,,,3,6,4,,
R_2vHk1c9upzHvwyZ,,,5,,1,,,,,,3,6,,,,,4,2,1,2,,,,5,,,4,,,,6,3,,,,,,,,1,,,4,5,,3,,,,,2,6,,
R_8EzNMGzj5FjBNN6,,,6,2,,,,,,,,,3,,4,,5,1,3,1,,,4,2,,,,,5,,,,,6,,,,,,,,,5,6,3,4,,2,,1,,,,
R_8COn1NVgzRpaqP5,,2,,5,4,3,,,,,,1,,,,,6,,1,,,,,,,,2,3,,,4,,6,,,5,,,5,,,,1,3,,,6,,,2,,4,,
R_80r5DJYoxMfcs48,,,5,,6,,,,,,3,2,,,,,1,4,,,,,,,1,3,4,2,,,5,6,,,,,6,2,,4,,5,,,,,,,,,3,1,,
R_89n2Gbj2FFH6pZ2,3,,,,,,,,2,,,,,,4,5,6,1,,,2,,,,6,5,,3,,,1,4,,,,,,6,,5,1,4,,,,,2,3,,,,,,
R_87Dz4QSqJ5oCFEB,,6,5,,3,,,,,,4,,2,,1,,,,,,,3,,5,6,2,,,,1,,4,,,,,6,,,,,,,,4,3,,,,,,1,2,5
R_2eF34yHt7ELkuR7,,5,2,6,1,3,,,,,,,4,,,,,,6,,,,,,,,,,,,,5,1,2,4,3,,,,,,,2,4,3,5,6,1,,,,,,
R_8VJuRJ1ljA3203O,6,4,,5,,2,,,,,,1,,,,,,3,,,,,3,,2,,,1,,,6,,5,,4,,,,6,,,,,5,4,,2,,,3,,1,,
R_2kNwyvrBvG7Uor9,,,,,5,2,,,,,4,1,,,,,6,3,,6,,2,,,3,,,4,,,1,5,,,,,3,,2,,,,,6,1,,,,,,5,4,,
R_8dHApMsoSiz9KgB,,,,1,2,3,,,,,5,,,,,,4,6,4,1,,,,,,5,,3,,2,,6,,,,,,,2,,,,1,,3,,,,5,,6,4,,
R_80A7LyvekFmtZYG,6,4,,,,,,,,2,,,,3,1,,5,,,,5,1,,4,,,3,,2,6,,,,,,,,,,,4,,3,5,,,,,2,,,6,,1
R_8fIJlz7K3Zxcxdn,,,,,,2,,,,,,,5,,3,4,6,1,2,3,5,1,,,,,,,6,,,4,,,,,,,,,3,,1,4,2,5,,6,,,,,,
R_8bSqlE5FngCXjPz,,,,5,1,,,,,,6,,,,,2,3,4,,6,,,,4,5,,,2,,1,3,,,,,,1,,4,,,,,3,5,,,,,2,6,,,
R_2h3xWqlQ2q98Tys,6,3,2,1,4,,,,,,,,,,,,,5,,,,,,,6,,,5,4,,,,3,1,2,,,,,,,2,,4,6,,,3,1,5,,,,
R_8Kdu12Nrkx8s6Gc,,2,,1,,3,,,,,,,,4,5,6,,,,,6,,3,,,,,,4,,2,,,,5,1,2,,,,,,3,5,4,6,,1,,,,,,
R_84LhwX1ngBIDpIt,,,,1,,6,,,,2,,5,,,,3,,4,,,,,2,,6,,,,3,,5,4,,,1,,1,2,5,,,,,3,6,,,,,,4,,,
R_2CJUBnUXQLKtBmY,2,4,3,1,,,,,5,,,,,,,,6,,,,,,4,,,,,,,1,6,,2,3,,5,,,,,,1,5,6,,4,3,,,2,,,,
R_2LR1VWdumnUW4db,5,,,,,,4,6,3,,,,2,,,,,1,,5,4,2,,,,,,,,3,,6,1,,,,,,,,5,2,,,,1,6,,,,,3,4,
R_82lzF9VYNSgFXYN,,,,2,6,1,,,,5,,,,,,4,,3,,,,,,,,,,,3,1,4,5,6,,2,,4,1,3,,,,5,6,2,,,,,,,,,
R_2EL2B0oxtVMxLSF,,1,,,,,,,,,,,2,5,4,,3,6,,,5,2,,,4,,6,3,,,,,,1,,,3,,,,5,4,,1,,,6,2,,,,,,
R_2Ofzhry7DUBTUpD,4,2,,1,3,6,,,,,5,,,,,,,,,,,,,,,,,,,,4,1,6,5,2,3,,,2,,,,3,5,4,1,,6,,,,,,
R_2DWSjHzJiFbpWg1,,5,,,1,,,,,,3,2,,4,,,,6,,,,3,,6,4,1,,5,,,,,,,2,,6,,1,,,,,,3,,,,5,,4,2,,
R_2V8e7H84vjnKwal,,6,,2,,5,,,,,1,4,,,,,3,,1,,,,2,,6,,,,,,3,5,,4,,,,,3,,,,,4,6,5,,,,,2,,,1
R_2eUW4nLykfmBhJg,2,4,5,,1,,,,,,,,,,,,3,6,,,,1,,2,,,3,,5,4,6,,,,,,,,,,,,4,2,,3,,,,6,1,5,,
R_2OOUA7GECKstYmy,,,,,2,3,,,,,,,4,,6,5,,1,,,6,2,,,5,,4,,,1,,,,,3,,5,4,,,,,,2,,1,6,,,3,,,,
