ResponseId,R1_Drinking water from plastic bottles that contain Bisphenol A (BPA),R1_Eating food with phthalates transferred from plastic packaging,R1_Taking pharmaceutical products that contain parabens used as preservatives,R1_Eating foods that contain per- and polyfluoroalkyl substances (PFAS),R1_Consuming fish caught in waters contaminated with Brominated Flame Retardants (BFRs),R1_Eating fruits and vegetables treated with pesticides,R1_Applying body lotions containing Bisphenol A (BPA) directly to the skin,R1_Using deodorants with phthalates in their fragrance,R1_Using sunscreens that contain parabens as preservatives,R1_Applying face creams containing per- and polyfluoroalkyl substances (PFAS) directly to the skin,R1_Sleeping on a mattress that contains Brominated Flame Retardants (BFRs),R1_Using insect repellents with pesticides on the skin,R1_Breathing in Bisphenol A (BPA) particles from indoor dust,R1_Breathing air containing phthalates from indoor air fresheners,R1_Breathing in paraben particles from indoor dust,R1_Breathing in per- and polyfluoroalkyl substances (PFAS) particles while spending time in a carpeted indoor space,R1_Breathing in brominated flame retardants (BFRs) released from electronic devices,R1_Breathing air containing pesticides that have migrated from landfills,R2_Drinking water from plastic bottles that contain Bisphenol A (BPA),R2_Eating food with phthalates transferred from plastic packaging,R2_Taking pharmaceutical products that contain parabens used as preservatives,R2_Eating foods that contain per- and polyfluoroalkyl substances (PFAS),R2_Consuming fish caught in waters contaminated with Brominated Flame Retardants (BFRs),R2_Eating fruits and vegetables treated with pesticides,R2_Applying body lotions containing Bisphenol A (BPA) directly to the skin,R2_Using deodorants with phthalates in their fragrance,R2_Using sunscreens that contain parabens as preservatives,R2_Applying face creams containing per- and polyfluoroalkyl substances (PFAS) directly to the skin,R2_Sleeping on a mattress that contains Brominated Flame Retardants (BFRs),R2_Using insect repellents with pesticides on the skin,R2_Breathing in Bisphenol A (BPA) particles from indoor dust,R2_Breathing air containing phthalates from indoor air fresheners,R2_Breathing in paraben particles from indoor dust,R2_Breathing in per- and polyfluoroalkyl substances (PFAS) particles while spending time in a carpeted indoor space,R2_Breathing in brominated flame retardants (BFRs) released from electronic devices,R2_Breathing air containing pesticides that have migrated from landfills,R3_Drinking water from plastic bottles that contain Bisphenol A (BPA),R3_Eating food with phthalates transferred from plastic packaging,R3_Taking pharmaceutical products that contain parabens used as preservatives,R3_Eating foods that contain per- and polyfluoroalkyl substances (PFAS),R3_Consuming fish caught in waters contaminated with Brominated Flame Retardants (BFRs),R3_Eating fruits and vegetables treated with pesticides,R3_Applying body lotions containing Bisphenol A (BPA) directly to the skin,R3_Using deodorants with phthalates in their fragrance,R3_Using sunscreens that contain parabens as preservatives,R3_Applying face creams containing per- and polyfluoroalkyl substances (PFAS) directly to the skin,R3_Sleeping on a mattress that contains Brominated Flame Retardants (BFRs),R3_Using insect repellents with pesticides on the skin,R3_Breathing in Bisphenol A (BPA) particles from indoor dust,R3_Breathing air containing phthalates from indoor air fresheners,R3_Breathing in paraben particles from indoor dust,R3_Breathing in per- and polyfluoroalkyl substances (PFAS) particles while spending time in a carpeted indoor space,R3_Breathing in brominated flame retardants (BFRs) released from electronic devices,R3_Breathing air containing pesticides that have migrated from landfills
R_8FKJm458JboHe5r,5,,,3,,4,,,,,,,6,2,,,,1,,,6,,1,,,,5,,,4,,,3,2,,,,1,,,,,2,4,,3,6,,,,,,5,
R_2QeAOuK8feCcVnr,3,6,,4,,1,,,,,,,2,,,5,,,,,,,,,,2,,4,5,,,6,1,,,3,,,2,,5,,3,,4,,,6,,,,,1,
R_2LYZ6krTvxi7lcB,4,,6,5,,,,,,,,,1,3,,2,,,,,,,5,,,,,2,6,,,,1,,4,3,,1,,,,6,5,2,3,,,4,,,,,,
R_8Oi8KGuivvcnyJQ,2,3,,6,,1,,,,,,,5,,,,,4,,,,,,,,,6,,4,,,5,3,1,2,,,,6,,2,,4,1,,5,,3,,,,,,
R_8N8t1Jojupe7nPP,6,2,,,,,,,,,,,4,,1,5,,3,,,5,3,6,4,,,,,1,,,2,,,,,,,,,,,3,2,4,6,,5,,,,,1,
R_8jPK3ofIVEgOLd0,5,,6,3,,1,4,,,,,2,,,,,,,,4,,,,,,2,1,6,3,,,,,,,5,,,,,3,,,,,,,,6,1,5,2,4,
R_8UWvX0GJmjullLK,,6,,,4,5,,,,,,,,,3,,1,2,3,,4,,,,,6,5,2,,1,,,,,,,,,,6,,,2,,,,5,,3,4,,1,,
R_8tXxnuh6zajmYYp,,3,,2,,1,,,,,,,5,,6,,,4,3,,,,1,,,,,,,6,,5,,4,2,,,,6,,,,2,3,4,5,1,,,,,,,
R_8nGckix2TOlwBhf,4,,1,,,,2,,,,,,5,3,6,,,,,,,1,4,,,,5,3,,2,,,,6,,,,5,,,,3,,6,,,4,,,,,,1,2
R_24FPPx0L2QSijAZ,3,2,,1,,4,,,,,,6,,5,,,,,,,2,,,,,6,,,,,,,3,4,5,1,,,,,1,,4,,2,3,6,,5,,,,,
R_8wzDu1vp3fDKIKc,,,1,,2,6,,5,,,,,,,,3,,4,,5,,1,,,,,,3,,2,4,6,,,,,4,,,,,,5,,6,,3,,,,2,,1,
R_82FGZ87YzixxYLQ,6,4,1,2,3,,,,,,,,,,,,,5,,,,,,2,,,6,,,,3,5,4,,1,,,,,,,,3,2,,5,1,6,,,,4,,
R_2o3vt590RD4ccO5,4,3,,2,,1,,,,,5,,,6,,,,,,,,,1,,6,,,,,,4,,2,3,,5,,,5,,,,,3,6,1,,2,,,,,4,
R_2Yuzg3HyC89HSNz,,,2,4,5,,,,,,,,6,,,1,,3,,2,,,,4,,6,,,,,,5,3,,1,,6,,,,,,2,,3,1,4,5,,,,,,
R_8y1n1MCXaLpaTEy,,,,4,1,3,,,,,,6,,,,,5,2,3,6,5,,,,2,1,,,,,,4,,,,,,,,,,,,,2,1,6,,5,,4,3,,
R_8HYpNjus1YbLs2G,5,3,6,4,1,,,,,,,,,,,,,2,,,,,,1,6,5,,,,,4,2,,,3,,,,,,,,,,4,5,6,3,,,1,2,,
R_8YGr0hbQTjzs8sb,3,,5,,1,,,,,,,,4,,,,2,6,,1,,6,,,2,,,,,5,,3,4,,,,,,,,,2,,3,4,1,6,,,,,5,,
R_2vhRRikRcP8qtgA,3,2,5,,,1,,,,,,,,,,,4,6,,,,1,6,,5,,,,4,,3,,2,,,,,,,,,,,3,5,4,,6,,1,,2,,
R_2DcqgeZ5aPBPA2m,,6,,4,,5,,,,3,,2,,,,,,1,,,,,1,,2,5,,,,,6,3,4,,,,2,,5,,,,,,3,,4,,,,,1,6,
R_8jSAB5mV3H22LhY,6,,,3,5,,,,4,,,2,,,,,,1,,,,,,1,,2,,3,,,6,5,4,,,,,3,4,,,,2,,,,5,,,,,1,6,
R_2vTFjFUY9KBlahz,,,,,2,,,,,,,,3,4,,5,6,1,3,,,4,,,5,,,,6,2,,,1,,,,,2,4,,,3,,6,5,1,,,,,,,,
R_81TebtCbNjhg1eV,5,4,,3,1,2,,,,,,6,,,,,,,,,1,,,,,3,,2,4,,,5,,,6,,,,,,,,1,,2,,,,3,,4,5,,6
R_2PATbaKL4uQg4XY,,2,,1,3,4,,5,,6,,,,,,,,,,,,,,,6,,5,,,,4,1,,3,,2,1,,3,,,,,,,,2,5,,,4,,6,
R_2R2m7x58ZyOwfh0,,1,,,2,5,,,,,,,,,,3,4,6,4,,5,1,,,,,,,,,2,3,6,,,,,,,,,,5,6,4,2,3,1,,,,,,
R_2SiyylbS2KpiOHA,,,,6,1,,,,4,,,,5,,3,,,2,6,3,4,,,,,,,1,2,5,,,,,,,,,,,,4,5,6,,,,,,2,,1,3,
R_2RqGoF1F5vICht2,,,6,1,,2,,3,,,5,,,4,,,,,,1,,,,,4,,,5,,,3,,2,6,,,3,,,,5,,,,2,,,4,,,,,1,6
R_8NhrDF62Yn1jdCL,,6,,,4,2,,,,,,5,,,3,,,1,,,,1,,,5,,3,,,,,4,,6,2,,3,,4,,,,,5,,6,2,,1,,,,,
R_8qlVOpj5Ls3t6Lx,,,3,,,4,,,,,,,6,,2,,5,1,,5,,,,,3,,,,1,2,,6,,4,,,1,,,3,6,,,4,5,2,,,,,,,,
R_2qz0gUaIjZKzq9k,,2,,5,,,,,,,6,,1,,4,3,,,,,1,,4,3,,,,,,,,6,,,2,5,1,,,,,,5,2,3,4,,6,,,,,,
R_21pFcy9bf6GZMjW,,4,,2,,,6,,,3,,1,,,,,5,,5,,,,3,4,,,,,,,,1,,6,,2,,,5,,,,,4,3,,6,,2,,1,,,
R_8VvwDVSCMNZf5Ch,1,2,,6,3,,,,,,,,,,,,5,4,,,,,,,,,,5,4,2,,6,3,1,,,,,3,,,5,1,4,6,,,,2,,,,,
R_2JoFqjrSbuL8WB3,,,,,,,,,,,,,3,5,1,2,6,4,2,1,,4,5,3,,,6,,,,,,,,,,,,2,,,,1,4,,3,5,6,,,,,,
R_276KNP4yHD0TdG9,,4,,5,1,3,,,,,6,2,,,,,,,1,,4,,,,,,,,,,,5,,6,2,3,,,,,,,5,3,2,1,,,6,,4,,,
R_2uxqf33zZD1thy9,,1,,4,3,2,,,,,,,,6,5,,,,1,,,,,,5,4,,,6,3,2,,,,,,,,6,,,,,,3,1,,,,,,2,4,5
R_2assfly2FiOEAso,,6,,4,1,,,,,,,,,,,5,3,2,,,,,,,6,3,4,,5,,2,1,,,,,4,,3,,,6,,,,2,,5,,,1,,,
R_87xSd1mVB76sklL,,3,1,,6,,,,2,4,,,,5,,,,,5,,,1,,,,4,,,,3,,,6,,,2,,,,,,1,2,,,,4,,5,,,3,6,
R_2HI5T7Osg3rONNL,2,1,5,4,,,,,,,,6,,,,,,3,,,,,6,1,,5,,,,,,3,2,,4,,,,,,,,6,,3,5,4,,2,,,1,,
R_2q7tEqZjw2UFKc7,5,2,,,3,4,,,,,,,,,,,6,1,,,,1,,,,,,,2,5,3,,6,4,,,,,5,,,,2,3,6,1,,,,4,,,,
R_83tYLIhtnWNho2J,5,6,,,,4,,,,,,,2,,,3,,1,,,1,3,4,,,,,,6,,,2,,,5,,,,,,,,4,6,3,2,,5,,,1,,,
R_81otbVSJiadyBKx,,2,3,1,6,4,,,,,5,,,,,,,,1,,,,,,,,,2,,5,6,4,3,,,,,,,,,,6,3,5,,,,,,,1,4,2
R_2j9eoqfURxzJ68u,,5,2,,,,,,,,,,,4,6,3,,1,5,,,,,,,,6,,2,4,3,,,,1,,,,,5,6,4,2,1,,3,,,,,,,,
R_2kU55gELDokQ9TX,,,,,,,,,,,,,4,3,6,5,2,1,3,4,,1,2,5,,,,,6,,,,,,,,,,2,,,,4,3,6,1,,5,,,,,,
R_877k1ztBKpbJF5J,,2,1,3,,5,,,,,,,,4,,6,,,3,,,,,,,,5,,2,4,6,,,,1,,,,,,1,,6,3,,5,,,,,4,,,2
R_8EmU9f39iVom03N,,5,2,,,,,3,,,,,1,4,6,,,,,,,,,6,2,,,4,3,,,,,,5,1,1,,,4,3,,,,2,,,6,,,,5,,
R_2EtmWedvfNXZiZw,,,6,,,,2,4,5,,,,,,,,1,3,2,4,,,1,5,,,,6,,3,,,,,,,,,,1,,,,,,,2,,4,3,6,5,,
R_2uOkwMg6LAhODQq,,,3,6,2,,,,,4,,1,,,,,,5,2,4,,,,1,5,3,6,,,,,,,,,,,,,,,,,,,,6,,3,5,1,2,4,
R_2qDAgM9uy1L2jvx,,,5,6,1,2,,,,,,4,,,,,,3,1,2,,,,,,,3,,,,5,,4,6,,,,,,,,,5,3,,6,2,,,4,,,1,
R_8pQaqRCGZBJ8juR,1,3,5,,6,2,,,,,,,,,,,,4,,,,1,,,3,4,5,6,,2,,,,,,,,,,,,,,,,,1,,2,3,4,5,6,
R_8dowGP0wCxttG6J,,4,,,1,,,,,,,,3,5,,6,,2,6,,,1,,,2,,,4,,3,,,,,5,,,,2,,,3,,6,4,,5,,,,1,,,
R_29fVLEDCQ39W48N,,,3,,2,,,4,,,,,,6,,5,,1,,,,2,,,4,,,3,,,1,,5,,6,,1,2,,,,3,,,6,,5,4,,,,,,
R_2hQoN1o7RasnUJz,3,,,,2,,6,,4,,1,,,,,,,5,,3,1,,,6,,4,,,,2,,5,,,,,,,,3,,,,,,6,,,5,,4,2,1,
R_8vl86bWS3YMGelr,,,6,,,3,,,,2,,4,,1,5,,,,5,,,2,3,,1,,,,,,4,,,,6,,,5,,,,,,3,6,,4,,,,,1,,2
R_82Jg0JO857wOFFM,,,5,,2,6,,,,,,,4,,1,3,,,1,6,,,,,5,,,3,,4,,2,,,,,,,,1,,,,3,2,,5,,,,,,6,4
R_8EH1dyrOZoMWaaY,,3,,1,6,5,,,,,,,,,,4,,2,,,3,,,,1,,,2,,5,4,,6,,,,4,,,,,,,2,1,,6,,,3,,,5,
R_8ePdH5nqiGiTvDd,,,,,4,,,,,,6,,,,2,3,5,1,,,,4,,,2,3,5,6,,,1,,,,,,5,1,3,,,6,,,,,,2,,4,,,,
R_8E007HUrAdTGcKZ,,,,,,,,,,,,,5,4,3,2,1,6,2,,,3,6,5,,,,4,1,,,,,,,,,2,6,,,,4,5,3,,,1,,,,,,
R_89dp0h8gQngt7X5,,5,6,3,1,4,,,,,,,,,,,,2,3,,,,,,,,,,5,2,,4,,6,1,,,,,,,,4,3,6,5,,,1,,2,,,
R_2sokUGx2gWxR79v,,,,6,1,5,,,,,,,,4,,,2,3,2,1,4,,,,,6,,,,,,,5,3,,,,,,,,,4,,6,3,5,2,1,,,,,
R_22Y1WljAL2WnCB8,5,,4,,,6,,,,,,,,2,,,3,1,,6,,1,,,4,,2,3,5,,,,,,,,,,,,6,,,4,,,,1,3,,5,2,,
R_8QSsXGJWXZuMdkv,,6,2,4,3,,,,,,,,,5,,,,1,,,,,,6,,3,,,,4,2,,5,,1,,4,,,,,,2,,5,3,6,,,,,1,,
R_89v85JtXmCxyhcB,1,6,,5,,3,,,4,,,2,,,,,,,,,6,,3,,4,,,,,,,,2,,5,1,,,,,,,,4,,1,6,,2,3,,5,,
R_8KcHCiQtavu1aPn,2,1,5,4,,3,,,,,,6,,,,,,,,,,,4,,1,5,,,,,,,2,6,,3,,,,,,,,,3,6,5,,1,2,,,4,
R_2rkSpIHMniM4QHW,,,,,,,,,,,,,1,2,3,5,4,6,,,6,5,4,,,,,2,3,1,,,,,,,3,4,,,,6,5,2,1,,,,,,,,,
R_2jB8Dut3s1ErjU9,,1,,6,,3,,,,,,4,,,,5,,2,,,6,,1,,,3,4,,,,5,,2,,,,4,,,,,,5,,,6,3,,,1,,,2,
R_29x0rDYQICmJJHX,4,,6,,,1,,,,3,5,,,,,,,2,,6,,1,5,,3,,,,,,4,,2,,,,,,,,,,,4,5,,,6,,3,,1,2,
R_8AyIAOH6aOTcjZL,3,,,,,,,,,,5,,4,1,6,,2,,,,2,4,,,,5,,1,,,,,,3,,6,,5,,,2,6,1,,3,,,4,,,,,,
R_8EQoYDAFefrcr73,,,,1,,,,,,,4,5,,,3,2,6,,4,6,,,1,5,,,,2,,,,,,,,3,,,5,,,,6,3,4,,,,1,2,,,,
R_22zPTXtctMU9Mkf,,,,5,4,,,,,,,,3,,,1,6,2,,5,,,,,,4,,,6,2,,3,1,,,,1,,3,,,2,6,,5,4,,,,,,,,
R_2YxemGlpZXJSPGp,,4,,6,3,,,2,,,,5,,,,,,1,5,,1,,,3,,,,2,,,,4,,6,,,,,,,,,5,,4,,3,,1,,6,,2,
R_86xHyhowZBgjmKd,,,3,1,,5,,,,,,,,4,6,,2,,1,4,,,,,,3,6,,2,,5,,,,,,,,,,6,,1,,,3,,4,,,,5,,2
R_2ITeYNNTmFmqtuN,,,3,2,,1,,,,,,,4,,5,,6,,,,,,,,6,5,,,,4,,1,,3,,2,5,1,,,3,,,,4,2,6,,,,,,,
R_8eEIGRRs0PrHxrp,,,,1,2,,,,,,4,,5,,,,6,3,2,5,,,,,6,3,,1,,,,,,4,,,,,1,,,4,,,6,,,5,,3,2,,,
R_24BJpX21yRCVAVX,1,5,,,,2,,,,,,4,,,6,3,,,,,3,6,,,,,,5,,,4,2,,,1,,,,,,2,,4,1,6,,3,,,,,,,5
R_8cbaXqmVFPRNCI1,,5,,2,,,3,,,1,,6,4,,,,,,,,1,,,,,6,,,,,,,4,3,5,2,4,,,,1,6,,,3,,5,,,2,,,,
R_8e0CpNSPTPnsLe1,,5,,3,2,4,,6,,,,,,,,,,1,1,,,,,,,,6,,,,3,2,5,4,,,,,4,,,,3,,,1,5,2,,,,,6,
R_2qg62iAiqVipwPh,,,1,,5,6,3,,,2,,,,,,4,,,,3,,4,,,,,,,1,6,2,,,,5,,2,,,,,,,6,1,,,,,5,3,,,4
R_81F9xH5alvntdp5,,,,5,,,,,,4,3,,,6,,1,2,,,,3,,,,5,6,,,,,2,,1,,,4,6,3,,,5,4,,,2,,,1,,,,,,
R_2fCXwZzWgKU5tex,5,6,3,2,,1,,,,,,,,,,,4,,,,,,1,,,,,,,,4,2,5,3,,6,,,,,,,1,5,2,3,4,6,,,,,,
R_2Mhe0PGwAPWWO93,5,2,4,1,,3,,,,,,6,,,,,,,,,,,1,,,6,,,2,,4,3,,5,,,,,,,,,4,,6,5,,,,,3,,1,2
R_2TC5BmR1Ng3EPWj,1,2,,,,5,,,,,6,,,,3,,,4,,,,1,,,6,,,,,,3,5,,2,4,,,,6,,1,,,3,5,4,,2,,,,,,
R_804N9QVv7wFt4LT,6,,5,1,2,,3,,,,,,,,4,,,,,5,,,,1,,3,4,2,,6,,,,,,,,,,,,,,,,,5,,1,2,,3,6,4
R_88V9KGiijBwC3HH,,,,,3,,,,,,1,,,2,4,6,5,,,5,1,4,,6,,,,,,,2,,,,,3,1,,,,,,4,5,6,2,,3,,,,,,
R_2qmW6ZSpvTmxgJ7,,,,,3,,,,,,1,,,4,2,5,6,,,,4,3,,6,,,,,,5,1,,,,,2,2,1,,,,,5,4,6,3,,,,,,,,
R_8Wy6j8awj8LJ2Kt,,2,,1,5,3,,,,,,,,,4,,6,,4,,,,,,,,,,3,,1,6,,2,,5,,,1,,,,5,2,6,4,,3,,,,,,
R_80NhnK3cGExJuTJ,,,,,2,,,6,5,3,4,1,,,,,,,,,,1,,2,3,,,,,,5,,,6,,4,5,4,6,,,,,,,,,,,2,3,,1,
R_2xSNZvRT3cZUIp3,,5,6,1,2,,,,,3,,4,,,,,,,2,,,,,,,1,,,4,,,6,,3,5,,,,,,,5,3,,1,,,,4,,2,,,6
R_2PhkkBLwuL2nxRL,,2,,5,3,1,,,,,,,,6,,,,4,3,,,,,,6,,,,,1,2,,5,4,,,,,2,,,,,3,4,1,5,,,,,,6,
R_8dzgWR71QPRLo74,,,1,,,5,,3,4,,,,,,,2,6,,,,,2,3,,6,,,4,,,,5,,,,1,5,3,,,,,,,,,6,4,2,,1,,,
R_8pR2s4IqM6UeHmh,1,3,,,5,,2,4,,,,,,,,,,6,,,5,1,,,,,3,6,4,,2,,,,,,,,,,,6,,,,,,3,,1,4,5,2,
R_8zijTqLFDIMSUk4,,,,,3,2,,,,,4,5,,,,,6,1,,2,3,1,,,,,,,,,,5,4,6,,,4,,,,,,6,3,5,1,,,2,,,,,
R_2awS0bEySCk9l2j,,5,,,6,,4,,,,2,1,,,3,,,,3,,,1,,5,,,,6,,,,,,,2,4,,,1,,,,,6,3,,,,5,2,,4,,
R_25ewJF6JoMM8tfX,,,,1,5,3,,,,,6,2,,,,,,4,,,,,,,1,3,,2,,,,5,6,4,,,5,2,3,,,,,,1,,,,4,,,,6,
R_2aJOxmG6Fob1ozz,3,5,,6,,4,,,,,,,,,,,2,1,,,1,,,,,,,5,6,4,,3,2,,,,,,,,4,,3,2,1,,,,5,,,6,,
R_8PXO7d2r0CTc6Er,5,1,4,2,,,,,,6,,,,,3,,,,,,,,1,6,5,,,,,,3,,,,4,2,,,,,,,,5,4,,6,1,,3,,2,,
R_82LYAxmaoeVpPpj,4,2,,,5,,,,,6,,3,,,,,,1,,,4,2,,1,,,,,5,,,3,,,6,,,,,,,,3,2,4,,,,1,,5,6,,
R_8soVeXLSzNpmJ1v,2,5,,,3,4,,1,,,,,,,,,,6,,,,3,,,6,,,,,2,5,,1,4,,,,,6,,,,,,5,3,1,,,2,,,4,
R_2PH7mLm3sxWGg7G,,,,,,5,,,,,,4,2,1,,3,,6,3,6,,4,1,,,,,,2,,,,5,,,,,,5,,,,3,4,1,6,,,,,,,2,
R_2wz4BzLnX8p30U0,,,,,,,,,,,,,2,3,4,6,5,1,,,,1,2,,5,4,,6,3,,,,,,,,2,1,4,,,6,,,3,,,5,,,,,,
R_2HnWjT0V8UumQm9,5,4,1,2,,,,,,6,,,,,,3,,,,,,,4,,1,5,6,,2,,,,,,3,,,,,,,6,,,,,,1,2,3,4,,,5
R_8afR9LQvH1jJTDP,4,6,,1,3,2,,,,,,,5,,,,,,,,3,,,,5,,,6,,,,,4,,1,2,,,,,,,,2,4,,5,3,,1,,6,,
R_8fVSIAK4lzu7QnR,2,3,,5,,1,6,,,4,,,,,,,,,,,1,,4,,,3,2,,,,,,6,5,,,,,,,,,,,,,4,6,3,2,,,1,5
R_2MPt1RAGlbP7kwd,5,4,,,2,,,,,,3,,,,,,6,1,,,5,2,,,,,,4,,1,,6,,3,,,,,,,,5,3,6,2,,,,1,,4,,,
R_8PIfVQxl1FA99Cm,,,4,,,,,1,6,3,,,,2,,,5,,,3,,,,,2,,,,5,,,,4,6,,1,1,,,2,5,3,,,,,,4,6,,,,,
R_29jkMP9AHmC1GhX,,,,,,,,,,,,5,3,2,6,4,,1,,6,2,3,5,4,,,,,,,,,,,1,,4,,,,,,2,5,1,3,6,,,,,,,
R_8NknKGejq9J5xKg,,6,4,,,1,,,,5,,,,,,,3,2,6,,,2,1,,3,,4,,,5,,,,,,,,,,,,,,1,,,2,,4,5,3,6,,
R_8COxfBMzkkrK1Zt,,,3,4,,2,,,,,,1,,5,,,,6,,5,,,,,4,,,,3,,2,,1,,6,,4,,,,2,,,5,6,1,,,,,,3,,
R_2g8ffn0l9v9ZPTu,,,,,,,,5,,3,,6,2,,1,,,4,,4,,1,6,3,5,,,,,,,,,2,,,2,,4,,,,,,3,,6,,,1,,,5,
R_8ooY1QgEVGHiahH,2,,,6,,,,,,4,,,1,,3,,,5,,4,,,6,,2,,5,,,,,,,1,3,,,,2,,,5,,4,,,6,3,,1,,,,
R_8n9J2fAnlkc1oHH,2,,3,5,6,,,,,,,,,4,,,1,,,5,,,,3,,6,,,1,4,,,2,,,,,,,,,,2,,1,3,,,5,,,4,,6
R_8jVPaqWzbTjiBRD,,,,,1,,,,,,2,,3,,6,4,5,,,,,,,6,3,,,5,,2,,4,,,,1,6,2,1,4,,,,5,3,,,,,,,,,
R_20k0Eu7QeiV4bQt,1,,4,6,,3,,,,,,2,,,,,,5,,2,,,3,,4,5,,1,,,6,,,,,,,,,,,,,,2,,6,,,3,1,4,5,
R_8NKgEiICxpbkVGN,2,3,5,,4,1,,,,,,,,6,,,,,,,,1,,,5,,6,,,2,,,4,,,3,,,,,,,,4,,3,5,,2,,,1,6,
R_2qR7pSwE0nwHUg9,2,4,,,1,6,5,,,,,,,,,,,3,,,,1,,,,5,3,,,4,,2,6,,,,,,1,,,,,,,3,2,,4,,,6,5,
R_8upQF526Ldg2zRw,,,5,,,,,,,,,,6,3,2,,4,1,,3,,5,2,1,,,,,6,,,,,4,,,1,,,,,,5,2,4,6,,3,,,,,,
R_22LJydpGJG26ARj,,,6,3,,,5,,,,,,1,,,4,2,,2,,,,3,,,,,6,,,,4,1,,,5,,2,,,,1,,4,3,,5,6,,,,,,
R_2hxPGWdZ7xReNbz,,6,1,,5,3,,,,,,2,,,,4,,,6,,,1,,,,,2,5,,,3,,4,,,,,,,,,,1,2,,,4,,,3,,,6,5
R_2E5raealKlYgKhJ,,,,4,,,,,,,,,6,,2,5,3,1,3,2,,,5,1,,,,4,,,,6,,,,,,,3,,,,2,5,1,,6,4,,,,,,
R_2w0fKbLfbBKTHgZ,6,,,,5,,,,,,,,3,4,,,2,1,,2,4,6,,1,,5,,,,,,,,3,,,,,,,,,4,,5,3,2,6,,,1,,,
R_8DU9fDE4z0tgkkg,6,,,2,5,1,,,4,,,3,,,,,,,,3,4,,,,6,,,,,,,2,,,5,1,,,,,,,,2,,1,6,,5,,4,3,,
R_2MbcLr6pubRunn7,,,1,,,,,,,6,,,4,5,2,,,3,,6,,2,,,,3,,,4,,,,,1,5,,1,,,,3,2,5,,4,,,6,,,,,,
R_8xmiGamWP1X5PUd,6,,3,,4,5,,,,,2,,,,,1,,,,,,2,,,,6,5,1,,3,,4,,,,,,5,,,,,1,,,,,,2,,3,,6,4
R_2qxzfBCAr3QvdXP,6,,4,1,5,2,,,,,,,,3,,,,,,1,,,,,,,,,3,6,4,,2,5,,,,,,,,,3,2,1,5,,,,,,,4,6
R_8ER6n091ltJOv7B,5,,2,,3,1,,,,4,,6,,,,,,,,6,,2,,,1,3,5,,4,,,,,,,,,,,,,,,,,,,,4,1,6,3,2,5
R_2sB6idlLnauX0CB,,,5,3,6,1,,,4,,,2,,,,,,,1,4,,,,,2,3,,5,6,,,,,,,,,,,,,,,,,,,,5,3,6,1,2,4
R_26kTS4D8NEUbxwg,,6,1,,4,,,,,,,5,2,3,,,,,,,,5,,,,,,6,,,,,1,2,4,3,3,,,,,6,2,4,1,,5,,,,,,,
R_2Leo0buV9HmhJvz,1,4,,,,,,,6,2,,,,5,,,,3,,,,4,2,6,5,,,,,,1,,3,,,,,,3,,,,,1,,,4,6,,,,2,5,
R_8BMFor1RnMaEJ0Z,2,4,,,,1,3,,6,,,5,,,,,,,,,2,,,,,6,,,,,,3,4,5,,1,,,,4,1,,,,,2,6,,5,,,,3,
R_8115HwH8nM3n8hr,4,,,1,,5,,,,,6,,3,,,2,,,,6,,,3,,5,,,,,1,,,4,,,2,,,6,,,,,4,5,1,,,,2,,,3,
R_8aVSgpQOwFKNcso,,,,3,4,,,,,,,,2,6,,5,,1,,5,6,,,3,,,,,,4,,,1,,2,,1,,,,,,4,5,3,2,6,,,,,,,
R_8hEJrhgWsJgfoRq,6,2,,1,,5,,,,,,,4,,,3,,,,,4,,,,,,,,6,5,,2,1,,3,,,,,,2,,5,3,4,6,,,,,,,,1
R_28Col5W0D9ROpHP,5,6,,,,3,,,,,,1,,4,,,,2,,,3,5,,,,6,4,2,1,,,,,,,,,,,,6,,1,,,,,,3,,4,5,2,
R_8EfETIW68hDpEf2,4,6,,,3,2,,,,,,,,,5,,1,,,,,3,,,,,,,6,4,2,,,1,,5,,,1,,,,2,4,6,3,,,,5,,,,
R_2Xce9LZPwzt19RZ,4,3,,2,1,5,,,,,,,,,,,,6,,,1,,,,4,6,5,3,,2,,,,,,,,,,,,,,,,,1,,5,6,3,2,4,
R_29lVyl5x63TUPKx,3,,,4,2,,,,,,6,,,,,,5,1,,6,,,,1,,,3,4,,5,,2,,,,,,,5,,,,4,6,,,,,3,,2,1,,
R_26TjaKW8nj0V8Ax,,2,,6,,,,,,,,3,4,5,,,,1,2,,,,3,1,,,,,,,,,6,4,5,,,,2,,,,1,3,4,5,6,,,,,,,
R_8OOaNgfuvZq8DXR,3,6,,,,1,,,,,5,,2,,4,,,,,,3,1,,,,6,,,,,,5,,,2,4,,,,,5,,2,,6,3,,4,,,,1,,
R_8FVhhmsrZCZBmIA,2,3,,5,6,4,,,,,,,,1,,,,,,,1,,,,2,5,4,,,3,,,,,,6,,,,,,,,,,1,5,,2,,3,4,6,
R_2G9r2ogw5FqShPe,,,,,1,,,,,,,,2,,6,5,3,4,,3,4,1,,2,,,6,,5,,,,,,,,6,,,,,,3,5,,4,,1,,2,,,,
R_2ktBDPJ9TRwtDwj,,,5,,,,6,,,,,,1,,2,4,,3,,,,,,,,6,4,5,,3,,1,,,2,,1,4,,5,2,6,,,,,3,,,,,,,
R_2TNttE4MY4qbFad,,2,,1,4,3,,,,,6,,,,,,,5,1,,6,,,,,,,,,,3,,4,2,5,,,,,,,,4,1,6,2,,5,,3,,,,
R_8Xna2CpB6K6Klwt,,,,1,,3,,2,,,,6,5,4,,,,,2,,5,,3,,,,,,,,,,4,,6,1,,3,,,,,6,,2,5,4,,,,,1,,
R_8dj4EOdrhcj9PUU,6,,1,5,2,,,,3,,,,,,,,,4,,6,,,,1,,,,2,,3,5,,,,4,,,,,,,,3,5,,,6,,,1,2,4,,
R_8fiViUbFAREfYtM,,,,,,6,,5,4,,,3,,2,,,,1,5,6,,1,2,,3,,,4,,,,,,,,,,,3,,,,,,,,2,,5,,6,4,1,
R_8wylb3W9xl3RO61,,,,3,,6,,5,,,,,1,2,,4,,,,,2,,6,,5,,,,,4,,,1,,,3,1,5,,,,,,,6,3,4,,,,,,2,
R_8DART0MWLAxYiIN,6,,4,1,3,5,,,,,,2,,,,,,,,3,,,,,4,1,2,5,6,,,,,,,,,,,,,,,,,,,,2,1,4,3,5,6
R_2ekN3JEbVmIXPnQ,,5,4,,3,2,,,6,,,1,,,,,,,,,,5,,,1,6,,3,,,,,,,4,2,6,,,,,,,,,,3,,5,1,2,4,,
R_8R8JwEz5Ehqe8oY,,,,,,,,,,,,,4,2,1,3,6,5,,4,2,3,1,5,,,,,6,,,,,,,,5,,,,,,3,6,4,1,,2,,,,,,
R_8B8pbmJw7SJyagl,,,,6,1,,,,,,5,,3,,,2,4,,,6,4,,,5,2,,,,,,,,3,,,1,3,,,,,,,4,5,1,,6,,2,,,,
R_2rTETEIc0QXz3w9,,,,,,,,,,,,,2,4,1,6,3,5,,6,,5,1,4,,2,,3,,,,,,,,,4,,6,,,,2,,1,,5,3,,,,,,
R_8e8unFhiIEKo5nv,6,3,,2,5,1,,,,,,,4,,,,,,,,1,,,,,,,,,3,,2,4,5,,6,,,,,,,6,2,3,4,1,,,,,,5,
R_8s4LXdL22K9egb2,,,5,,,,,,,,,1,,2,,6,3,4,,,,1,2,3,,4,,,,,5,,6,,,,2,1,,,,,3,,5,4,6,,,,,,,
R_8qWIozstkYEHzmn,2,3,,,,1,,,,,,,,6,,4,5,,,,1,2,5,,,6,,,,,4,,3,,,,,,,,,,2,,1,3,5,4,,,,,,6
R_2uWL5dvbdKpXLk4,,,,,2,6,,4,,,,1,,3,,,,5,,2,,1,,,4,,5,3,,,,,,6,,,5,,1,,,,,,,,4,,3,,2,,6,
R_8HkxjVauq7vyve1,,,,,,1,,,,,,4,2,,5,,6,3,3,2,5,,,,,6,,,,,,4,,1,,,,,,2,1,,4,,3,6,5,,,,,,,
R_8P8d9Do8GAhxpBL,,4,5,2,,,,,,,,,6,,,1,3,,,,,,,3,1,,,2,4,,,,5,,,6,5,,,,1,,,6,3,,,4,,2,,,,
R_8c6Zo5nlkeewTUI,,,,4,3,1,,,,,,2,,,,6,5,,,1,,,,,,4,,,5,,6,2,,,,3,6,,5,,,,2,,4,3,,,,,1,,,
R_25uN0mmbA6WLOne,,6,,,,2,,5,,,4,1,,3,,,,,,,4,1,,,5,,,6,,,3,,2,,,,1,,,,6,,,,3,,,,,,,2,5,4
R_8cw4vaGtMkDAWen,,,2,,5,,,,,,,,6,3,,4,,1,6,4,,5,,2,,,,,3,,,,,,1,,,,,,,,4,1,2,5,,6,,,3,,,
R_800NfutS3HRih1X,5,2,,1,4,3,,,,,,,,,6,,,,,,6,,,,,,,,,,1,5,,2,3,4,,,,,,,2,3,5,1,6,4,,,,,,
R_8LCCrvv8pIqu59H,,,,5,,,,,,,,,4,1,3,6,,2,3,2,6,,,1,,,,,4,,,,,,5,,,,,,1,,5,3,6,4,,2,,,,,,
R_20ZdvLjOdGU5bLM,,4,,5,1,3,,,,,,,,,6,,,2,1,,,,,,,6,,,5,,4,,,3,2,,,,2,,,,3,,6,4,,5,,1,,,,
R_2Iguxbx9rt3lgWe,4,,,,,3,,,5,,,2,,,,,6,1,,1,,6,,,,2,,,,,,4,5,3,,,,,2,,6,,4,,,5,1,,3,,,,,
R_88BWj0RYnX2gYC3,,,1,,,5,6,,2,3,,,,,,,,4,4,,,6,,,,,,,5,3,,,1,2,,,,5,,,3,,,4,,,,,1,2,,,6,
R_2NUiosnellpQqTU,,4,6,,2,,,5,,,1,,,,,,,3,,,,6,,,2,,,1,,3,,4,,,5,,1,,,,,3,,,2,,,,5,,6,4,,
R_2ekoNzM5eN44zXv,6,3,,1,4,2,,,,,,5,,,,,,,,,5,,,,,6,,2,1,,4,,3,,,,,,,,,,1,,4,,,,,3,,6,2,5
R_2m7YPLSHB2cuwEh,,,4,2,5,3,6,,,,,,,,,,,1,2,4,,,,,,6,,5,,1,,,,,3,,,,,,,,,,3,,6,,2,1,5,4,,
R_2R360flkXw3fIwK,4,2,,6,3,5,,,,,,,,,,,,1,,,4,,,,,3,,,,5,2,,1,,6,,,,,,,,5,,6,3,2,,,4,,1,,
R_24OxJK5FzGRG6PN,4,6,,2,3,1,,,,,,,,5,,,,,,,,,,,,,,,,6,3,,4,2,5,1,,,6,,,,2,1,4,3,5,,,,,,,
R_8WfrZHnQ6Wk0Eil,,,,,2,,,6,,,3,5,,,,4,,1,1,,2,,,4,,,,,,,3,6,,,5,,,2,,4,,,5,,3,6,,,,,1,,,
R_22S9z4SWMAZpd14,4,5,,6,3,2,,,,,,,,,,,,1,,,5,,,,,,,,,2,6,3,4,1,,,,,,,,,3,5,4,1,6,,,,,,2,
R_2Rke8ggc4JK3nYI,3,,,,,6,,,,,,,1,5,4,,,2,,2,1,6,,,,4,,,,5,,,,3,,,,,,,6,,3,,4,5,1,,,,,,2,
R_2XgnH9DzCnbT8ye,5,,1,,,2,,6,4,,,,,,,,3,,,2,,3,6,,5,,,,,1,,4,,,,,,,,,,,,,,3,4,,2,,5,6,,1
R_8s0ljqsQqzJMsvo,,,,4,2,3,,,,,5,,,,,6,,1,6,1,,,,,5,,,,,,4,3,,,2,,,,1,,,,,6,3,5,,4,,,2,,,
R_8X4Z9BMn9nB0B7B,,,,2,1,,5,,,,3,,4,,,6,,,5,,,,,6,,,,,,3,,2,1,,4,,,4,5,,,,,6,2,3,,,,,,,,1
R_2fCZTywlP5MpWX4,,2,5,1,4,,3,,,,,,,,6,,,,,,,,,,,,,,4,2,6,3,,1,5,,2,,,,,1,,5,6,3,,,,,,,,4
R_2cct9A1nCH7zZDI,,3,5,2,4,1,,,,,,,,,,,,6,2,,,,,,,3,,,,,5,1,4,6,,,,,,,,,3,,4,2,5,1,,,,,6,
R_2g7SpT4dvfETG2l,,,,,,,,,,,,2,5,3,,6,4,1,,,,6,,,5,3,4,2,,,,,1,,,,4,3,6,,2,1,,,,,5,,,,,,,
R_8ZKsObhIntHh1hD,,3,6,,2,5,,,,,,4,,,,,1,,6,,,1,,,3,,,,5,,4,2,,,,,,,,,,,,3,4,6,,,,,2,1,,5
R_868RZIsgAATVrRD,,,,6,1,,2,,,,,,,,5,4,,3,,,,,,3,,6,2,,4,1,,5,,,,,5,6,3,,,,,,,4,,,1,,,,2,
R_2O61W0cI7rLkUUo,4,,,2,5,1,,,,,,,,,6,,,3,,1,4,,,,,6,,,,,2,5,,3,,,,,,,,,2,,3,4,6,5,,,,,1,
R_8NbtblcAcTivV2R,1,,,5,,3,,,,,4,2,,6,,,,,,1,,,2,,4,6,,,,,,,3,,5,,,,2,,,,,,4,5,,,1,,,3,,6
R_8QxsgE00VePsAzQ,,,3,,1,4,,,,,,5,,2,,,,6,4,,,6,,,,5,,,,,3,,1,,2,,,2,,,,,3,,5,4,6,,,,,1,,
R_8QybWHQsA9HIJOm,,1,,,,3,,,,,,6,,,,5,2,4,2,,5,3,4,,6,,1,,,,,,,,,,,,,,,,,1,,5,6,,4,2,3,,,
R_820aDqqbqU760Bi,,,,4,,5,,,6,,,,2,,,,3,1,,,,,2,,,,,,5,6,,4,1,3,,,5,2,1,,,,3,4,,6,,,,,,,,
R_2Y9T6B8RH6omgKV,5,,,3,6,2,,,1,,,4,,,,,,,,3,1,,,,4,5,,6,,,,,,2,,,,,,,,,,,,,5,,3,1,2,,4,6
R_8P4cWXMqV2qvAXf,,3,,4,1,,2,,,6,,,,,,,,5,2,,,,,5,,6,4,,,3,,1,,,,,,,6,,,,,,,,2,,1,,5,3,4,
R_2E4ByAUKegWk7HO,4,,3,1,5,,,,,,,,6,,,,,2,,5,,,,3,,,,,4,,,6,1,2,,,,,,,,,2,3,5,4,,6,,,,,1,
R_8LNe7n9Q5gs3GHk,,,,6,5,2,,,,,,,,4,3,,,1,6,4,1,,,,2,,,,,5,,,,3,,,,,,,,,,2,6,5,4,,1,,,,3,
R_8eQAGg9G36TWQCV,,,1,2,,4,5,,,,,,,,,6,3,,5,2,,,3,,,,4,,,,1,6,,,,,,,,,,,,6,,3,4,1,,,5,,,2
R_8t5yLR6EucY1Ulm,6,4,5,,,2,,,,,,,,,3,,,1,,,,2,5,,,,,,4,6,1,,,3,,,,,,,,,2,4,6,3,,,,1,,,5,
R_2Xd0url1yO0CDtL,,,,6,,1,2,,5,4,,3,,,,,,,5,1,6,,2,,,3,,,,,,4,,,,,,,,,,,,,,,2,,3,,4,1,5,6
R_8q3QC1Y4qmRW6gx,4,2,,1,5,6,,,,,,,,,,3,,,,,,,,,3,,,,5,,2,4,,,6,1,,,3,,,,,4,5,6,,2,,,1,,,
R_26TWvzaoTFK1iZb,,5,,3,,1,,,,,4,,6,,2,,,,2,,,,1,,5,,,,,6,,,,3,4,,,,3,,,,,6,5,1,,,,2,,,,4
R_8IEJIuaaSoAS8WR,,,,2,6,,,,,,,,,,3,5,4,1,2,1,,,,4,,,,,5,,3,6,,,,,,,4,,,,1,2,3,6,,5,,,,,,
R_2Qaos672eIDx70U,,,,,,5,,2,,,,,1,,6,4,,3,,1,,5,4,,,,,,,3,,6,,,2,,2,,1,,,,4,,5,6,3,,,,,,,
R_25FpR5j13jFwwHf,5,,,2,1,6,,,,,3,,4,,,,,,,6,,,,,4,,,2,,,,,,1,3,5,,,4,,,,,5,6,,,2,,3,1,,,
R_8RTTLbwOKQQDrCA,1,3,5,,,6,2,,,,,,,,,,4,,,,,1,5,,,3,,2,4,,,,,6,,,,,,,,,,,2,,,1,3,4,6,,,5
R_82Q21iQyBLK7Lvz,4,1,,,,,,5,2,,,,,3,6,,,,,,1,5,6,4,3,,,,2,,,,,,,,,,,,,,,,,4,,3,1,,,2,6,5
R_2u4pxhKNTw2sSOt,,3,,,,,1,2,,5,,4,,6,,,,,,,3,1,,4,,,5,,,,,,2,,,6,3,,,,5,,,,,,2,,6,,,1,4,
R_2Pk9ssloBJPo6d2,,,,,1,2,,,,,,,6,5,4,,,3,6,3,1,4,,,,5,,,,,,,,,2,,,,,,,,6,,3,4,2,5,,,,1,,
R_2BtcqsGWtfuUZNM,2,4,,,1,,,,,,,,3,5,,,6,,,,5,1,,2,,3,,,,,,,6,,,4,,,,,,,5,,6,4,1,3,,,,2,,
R_8BbRSOpWgJ9uH7P,4,,,2,3,5,,,,,1,,,,,6,,,,,4,,,,,6,,,,,2,3,5,,,1,,4,,,,,3,,2,1,,5,,,,,6,
R_8QKAwslL4UKVPmc,,4,1,5,,3,,,,,,,,,,,6,2,5,,,,,,1,,3,,6,4,,2,,,,,,,,,1,,,4,,2,,,3,,5,6,,
R_8CGccITDrF81gYN,,2,,4,6,,3,,,,5,,,,,,1,,2,,,,,6,,,,,,,1,5,4,,,3,,,6,,,,,4,1,2,,3,,,,5,,
R_21E7tsg6zRxGOsx,3,4,,1,2,5,,,,,,,,,,,,6,,,5,,,,3,,,6,,2,4,,,1,,,,,,,,,,2,1,,6,,,5,3,,4,
R_8905iNXhkD6l5Y1,5,,,6,3,1,,,,,,4,,,,,,2,,,,,,,5,6,3,4,,,1,,2,,,,,4,5,,,,,,,,6,,,2,,3,1,
R_2qH7DQlenAO4tod,3,4,,2,1,,,6,,,,,,5,,,,,,,,,,,1,,3,2,,,5,,,4,6,,,,4,,,1,,,,,6,2,,,5,,,3
R_8H17yvtTyKM63bv,,5,6,4,,,,,,,,3,,2,,,,1,4,,,,1,2,6,,5,,,,,,3,,,,,,,,,,,5,,3,6,,1,,,4,2,
R_8OP0Me9rbCE7S8b,,,2,6,3,5,,,,,1,,,,,,,4,6,1,,,,,,,,,,5,2,3,4,,,,,,,,,,2,5,6,4,,,,,,1,3,
R_2qgqvvRTrvdPrU7,,5,6,,,1,,,2,,,3,,,,,,4,3,,,,6,,1,4,,2,,,,5,,,,,,,,1,,,,,,,4,,2,,3,5,6,
R_8qkDifhSDuEZNek,,4,2,,1,3,,,,5,,,,6,,,,,2,,,1,,,,6,,,4,3,,,,,,5,,,,,,,5,,6,,,,2,,4,3,1,
R_8N8NP2stcfr4h3y,,,,,,,6,5,4,,,,2,3,1,,,,3,5,,,,6,,,,2,,4,,,,1,,,,,5,1,6,,,,,,4,,,,,,2,3
R_2AWgRQtWO2u9bX2,,4,2,,1,3,,,,,,,,,,,6,5,,,,1,,,,,,,6,,2,5,3,4,,,6,,,,,,3,1,4,2,,5,,,,,,
R_24wwstsIw9g1D4e,,,,,1,,,,,,6,,,3,2,5,,4,,4,,3,,,5,6,,,,,2,,,,1,,6,,5,,,1,,,2,4,,3,,,,,,
R_8k5FHUQA9aTIq0p,,,,3,5,,,,,,,,2,,1,,4,6,5,,,,,,2,,,3,,6,,4,,1,,,,3,1,,,2,,5,4,,6,,,,,,,
R_8N8pQoaVYj8gJXO,6,,,5,,2,,,,,,,3,,4,,,1,,4,6,,,,,2,,,,1,,5,,3,,,,,,,6,,1,,5,4,3,,,,,,2,
R_2FwRL6rOs2aKMWo,5,4,,1,,,,,,,3,,6,,,,2,,,,,,1,,3,,,,,2,,,5,4,,6,,,2,,,6,,5,3,1,,,,4,,,,
R_2thUaoCVnC2R3Zz,,,2,,1,,,,,,4,6,,,,,3,5,3,4,,1,,2,5,6,,,,,,,,,,,,,,,,,,,1,2,,,3,4,6,5,,
R_8Kr6rXW0rlX8qKs,,6,,,,,,,,,,,3,,2,5,4,1,6,,1,3,5,4,,,,,,,,2,,,,,,,,,,,4,1,6,5,3,2,,,,,,
R_80NKx684i27rJOZ,,,3,5,4,1,,,,6,,2,,,,,,,5,4,,,,,1,,3,,6,,,,,,,2,,,,,,,,6,,,,,1,3,5,2,4,
R_2SJCGV2rx2bADra,,,,,,,,,,6,,,5,,4,2,3,1,3,4,,2,,,,6,,,5,,,1,,,,,,,6,,5,3,2,,4,,,1,,,,,,
R_21zp64kKKraL49b,2,5,,1,4,3,,,,,,6,,,,,,,,,5,,,,2,1,3,4,,,,6,,,,,,,,,,,,,,,5,,2,,1,3,6,4
R_8O8J4IgJjKQwx6R,5,4,,,,2,,,,,,,6,,3,,,1,,,,1,2,,4,3,6,,,,,5,,,,,,,6,,,,,,,4,5,3,,,,2,1,
R_2q9ipKZpKrkSgBA,2,1,,6,3,5,,,,,,,,,,,,4,,,,,,,,5,,,,3,2,1,6,,4,,,,3,,,,6,,4,5,2,,,,,1,,
R_8jKzUfaFxcxmGKB,,,,3,,,,5,2,4,,,,6,,,,1,4,6,5,,3,,1,,,,,2,,,,,,,,,,,,1,,,,,2,,3,,6,4,5,
R_8c7sprTqoic9LaN,,,,2,,5,,,,,,,4,,6,,3,1,6,5,,,3,,,2,,1,,,,,,4,,,,,1,,,,4,,5,,6,3,,2,,,,
R_8Qnvwyet0Ttq4wx,2,,,1,6,4,,,,,,,,,,5,,3,,2,1,,,,,,5,,,4,6,3,,,,,,,,,,,2,6,,5,3,,,,4,,1,
R_86frj2XNVtuj5GI,,4,,3,2,,,,,,,,,6,5,,,1,,,6,,,1,4,,,2,,5,,,,3,,,4,,,,,,,1,6,,2,,5,,,,3,
R_8CxOYzCo0vuPBr4,6,5,,,2,1,,,,,,,,,,3,,4,,,,1,,,5,,4,,,3,,2,,,6,,,,1,,,,,5,,2,6,,4,,3,,,
R_8Xzw16iVrEZ0p4B,4,3,,5,1,2,,,,,6,,,,,,,,,,2,,,,,,,,,,,1,6,5,4,3,,,,,,,3,6,2,4,,5,1,,,,,
R_2egYosJCkt6Us41,5,6,,1,,2,,,,,,4,,,,3,,,,,,,,,4,1,,5,6,,,,2,,,3,,,5,,4,,,,1,,,,2,3,,,6,
R_2s0mjYuy1LMvoKP,,,,2,,1,,,,6,,,4,,5,3,,,2,1,,,,,4,3,6,,,,,5,,,,,,,5,,1,,,,,,3,6,,,,,4,2
R_824n505sCpUjBLi,1,3,,2,4,,,6,,,,5,,,,,,,,,,,,1,3,,5,2,,,6,4,,,,,,,6,,,,,,,,3,,,,2,1,4,5
R_2rCk7svngnbsUJX,,5,2,4,,3,,,,,6,,,,,,,1,,,,,4,,,6,,,,5,,2,,3,1,,6,,,,,,2,,4,3,,,1,,5,,,
R_2GCCnJFFElULhjL,,,,4,,,,,,,1,5,,6,,2,,3,5,2,,,4,,3,6,1,,,,,,,,,,,,6,,,3,,,,1,,,2,,4,,5,
R_8kcEHprxr9f86qk,2,1,,6,,3,,4,,,,,,,,,5,,,,,,2,,3,,,1,5,4,,,,6,,,,,5,,,,,,4,,,,3,6,2,,,1
R_28JCGD30iz9ZwOJ,,,,3,,,,2,4,,,,5,1,6,,,,,,1,,5,6,4,,,3,,2,,,,,,,1,2,,,,,,,,,3,,,,,4,6,5
R_8VOWJd78UiQ51Ev,,,,,,,,5,,6,,2,,,3,4,,1,4,6,5,,,,3,,,,,,2,,,,1,,,,,4,3,6,,,2,,5,,,1,,,,
R_8Ce9vN25wVJhoWb,,,,,1,,4,,,5,3,,6,,2,,,,,5,6,1,,,,2,,,,,,,,3,4,,6,,,,,4,,,3,,,5,,2,,,,1
R_2BhDzitS7YaBJOr,,3,,4,,1,,,,,,,,5,,,6,2,2,,3,,,,6,,,,1,4,,,5,,,,,,,,6,,,1,4,2,,,3,,,5,,
R_2dRxGd0L05pRru2,,,,1,3,,6,,4,,5,,,,,,,2,,2,6,,,,,,,,,3,,5,,4,1,,5,,,,,6,,4,,1,,,2,,3,,,
R_27kYn9rw2M1K1TZ,5,,,,6,1,4,,,,,2,,,,,,3,,2,4,1,,,,6,3,5,,,,,,,,,,,,,,,,,,,1,,2,4,6,5,3,
R_2rCvUY2MBMwxjkR,6,5,,3,2,1,,,,,,,,,,,4,,,,,,,,4,2,6,3,,5,,1,,,,,,,4,,,,,,,,5,,3,,1,2,,6
R_8frgw5TpdykWeti,,,,,5,,6,,,,3,2,1,,,4,,,,,,1,,,,,6,3,,,,5,,,4,2,5,2,3,,,4,,6,,,,,,,1,,,
R_8NzHK62yCuClsM9,,,,1,2,,5,,,4,,,,,,6,3,,,,,,,6,,2,,,,4,1,,5,,,3,4,3,6,,,,,,5,,2,,,1,,,,
R_2yrsGDkZ4g1kGVs,,,1,5,2,,,,,,,,,6,,,3,4,,4,,,,3,5,2,6,,,1,,,,,,,6,,,,,,,,,5,2,,1,,4,3,,
R_8CrWvlFFgfcdsn4,,3,,,4,5,,,,,,2,,1,,,,6,3,,,,,,6,,,1,,,2,,,5,4,,,,5,1,,,,4,2,,6,,,,3,,,
R_29goJlQzzZ3kTbD,,,,,3,,,,,,,,1,5,4,,6,2,1,2,,6,,5,,,3,,,,,,,4,,,,,6,,,,4,3,,2,5,1,,,,,,
R_89fMIXU2pakjMK5,,,,4,,3,,,,,,6,2,,1,5,,,,,1,,,,6,2,4,3,,,,5,,,,,6,3,,,4,,,,,,5,,,,,,1,2
R_8VfiiOehb1lStqh,,,,,6,1,3,,,4,,5,,2,,,,,,,3,1,,,,,6,,,,4,,2,5,,,3,4,,,,,,1,,,6,,,,,,5,2
R_8fPkWcbfQNwqOmN,,,5,2,1,,,,,6,,3,,,,,,4,5,4,,,,1,2,,3,,,,,6,,,,,,,,,,,,1,,,3,,4,,2,6,5,
R_2D2YmnU7RvYuTBf,4,6,,2,1,5,,,,,,,,3,,,,,,,,,,,,4,,5,,,,,6,1,3,2,,,2,,,,5,,6,,4,3,1,,,,,
R_8OVxI6C4Bbk1M10,3,,,,,1,,2,,,6,,,,5,,,4,,2,4,5,1,,3,,,,,,,,,,6,,,,,,,,,,3,2,,6,1,5,,4,,
R_8lJmql63MvTi6WE,,,,2,,1,6,,4,5,,3,,,,,,,,1,2,,,,,3,,,,,5,,6,4,,,2,,,,1,,,,,,3,,,4,,,6,5
R_8qgqgVEsw8HCKvX,1,,,5,3,,,,,,4,,2,,,6,,,,2,,,,1,3,5,,6,,4,,,,,,,,,6,,,,,,5,,,,,1,2,,4,3
R_2QKINdnpyDClW8c,,5,,,,2,,,,,,4,6,,1,,,3,,,2,3,6,,,,,,,,,4,,1,5,,1,,,,,,4,5,6,3,2,,,,,,,
R_86ElCiZJTqTwGTD,,4,,,,6,,,,,,5,1,2,3,,,,4,,3,1,5,,,,,,,,,,,,6,2,,,,,,,3,1,4,5,6,,,,,2,,
R_8WwZe0ddEkoyIP0,,,,,1,6,,,2,5,,4,,,,,,3,6,,1,,,,2,4,,,3,,,,,,5,,,5,,2,,,,,,,,,4,1,3,6,,
R_8A45bYuqJp9ZGpj,,,,,1,4,,,6,3,,,,,,5,,2,6,,3,,,,1,4,,,,2,5,,,,,,,5,,6,,,,,,,3,,,1,2,,4,
R_8Tn7Mu9McWuViy5,5,,,,,3,,2,,,,4,,6,,,,1,,5,,6,1,,,,,,,,,,2,3,4,,,,6,,,,5,,4,3,2,,1,,,,,
R_21gD7ftR4hTlbWO,,,6,,2,4,5,,,,,,,3,,,,1,,4,,1,,,,2,3,5,,,,,,,6,,1,,,,,,,,,,6,3,2,,4,5,,
R_2KxLoxAc9s5rFnA,,,,5,,1,,,,,6,2,,,,,4,3,2,3,,,4,,,,1,,,,,,5,6,,,,,6,,,,1,2,,5,,,3,4,,,,
R_2cYTvOt7828tgtX,,,,2,4,6,,,,,,,5,1,,,,3,,3,,,,,,,2,4,5,6,,,,1,,,3,,6,,,,4,2,,,,,,,1,,5,
R_802ndN1LwUtgGj4,5,3,,,1,,,2,,,,,6,4,,,,,,,2,,,4,,,6,,,5,,,3,,,1,,,,1,,,4,,,6,2,,,,,5,3,
R_2xVIqI5jlGd8KBe,,5,3,,,,,,,,,2,6,1,4,,,,4,,,3,,5,,1,6,,2,,,,,,,,,,,,4,,3,,,1,,,,,,6,2,5
R_8G0KzqBsIIIjZBx,4,,,6,5,,,,,3,,,2,,,,,1,,5,1,,,3,,,,,,,,2,6,4,,,,,,,,,1,2,6,,5,3,,,,,4,
R_2O1SQMBNIfCTH9C,,6,,3,1,,,,,5,,,,4,,,,2,1,,,,,2,6,5,3,,,,4,,,,,,,,5,,,,,,,,1,6,,,3,2,4,
R_23rMRdLMKqWXzg6,,,3,,,,,2,,,,6,1,4,5,,,,,,,,2,3,6,,,,4,,,,,5,,1,2,5,,3,,,,,4,6,,,,,,,1,
R_8SC98JNjbyvhRmb,,,,1,,,,,,5,,,2,,6,4,3,,6,,,,4,,,2,,,5,,,1,,,,3,,4,1,,,6,2,,3,,,5,,,,,,
R_814Na6DHDYuusMB,,,4,,,1,,,6,,,3,,5,,,,2,1,5,,2,,,3,,,4,,,,,6,,,,,,,,2,,,4,,,5,,3,,,1,6,
R_2LjMY0o0J8qvaty,,,,,,,5,,,,,,1,6,3,4,,2,,,1,2,3,,,,,6,,5,,,,,4,,6,3,,,,5,,1,2,,4,,,,,,,
R_2zvbsFBs7z2TxK1,,,,,,,,,,,,,2,1,5,4,6,3,,2,,,6,4,5,,3,,,1,,,,,,,4,,1,2,,,,5,,6,3,,,,,,,
R_8DAXstnCtUTY4vL,2,4,,5,,3,,,,6,,1,,,,,,,,,5,,,,,4,,,,,3,6,2,,,1,,,,,6,,1,,4,,5,,,,,2,3,
R_24duZD7HkUatI1P,,,,,1,,,,,,3,,,6,,4,2,5,,5,6,2,,4,,,,,,,3,,1,,,,2,,,,,,1,6,5,4,,3,,,,,,
R_8hGAZYhc9Ww8riQ,2,3,,1,6,,,,,5,,4,,,,,,,,,,,,,1,6,3,,,,2,4,5,,,,,,4,,,5,,,,,6,,,,,3,2,1
R_2xA8Bl5MlilJmT0,,4,3,5,2,1,6,,,,,,,,,,,,3,,,,,,,4,2,1,,6,,,,,5,,,,,,,,,,,,4,,6,2,3,5,,1
R_8G25Pfrh4fRXXxJ,,,,,,5,3,,,2,,,6,,4,,,1,3,6,,5,,,,,,,,1,,2,,,4,,,,4,,5,,,6,2,,3,,,,,1,,
R_8eJzOkTtFipiyUj,,,6,5,,,,,,,,,1,,2,,4,3,3,5,,,,,,6,,2,,,,4,,1,,,,,,,1,5,2,,6,,4,3,,,,,,
R_8ph6QnUCFUuUMHO,1,4,,,5,,,,,,,3,,,,6,,2,,,3,1,,,6,,,4,,,2,5,,,,,,,,,,5,,4,2,,6,,,,3,,1,
R_800Rth3EwLg2PvP,1,2,,5,6,4,,3,,,,,,,,,,,,,3,,,,2,,1,,,4,6,,,5,,,,,,,,,,,,3,4,,,1,6,,5,2
R_8qTZkDczfeYLnV3,,,1,4,,2,,,,,,,3,,,6,,5,4,6,,,5,,,,,,,,,2,1,,3,,,,,,,,4,3,5,2,6,1,,,,,,
R_2i7P7Ry6CKN7MWJ,,,,,,,,,,,,,6,3,4,1,5,2,5,2,6,1,4,3,,,,,,,,,,,,,,,,,,,2,6,5,3,1,4,,,,,,
R_2jdAWyLqO1X4H1j,,4,1,3,2,,6,,,5,,,,,,,,,,,,,,,,,,,,,6,1,4,3,2,5,6,,,,,5,,1,4,,3,2,,,,,,
R_2LHJh3ypQKiopEZ,,,2,4,,,,,6,,,5,3,,1,,,,,,,,,4,5,,,6,,,,1,,,2,3,5,1,,,4,,,3,,,6,,,,,2,,
R_24i6zAyU3fR6QxU,3,5,,,,2,,,,,,,4,,6,,,1,,,4,1,6,,,,,,2,,,,,3,5,,,,,,,,3,1,5,2,,6,,4,,,,
R_8f1IDdg3rHIDC3i,5,2,,1,4,3,,,,,,,,,,,6,,,,1,,,,4,3,,2,6,5,,,,,,,,,,,,,,,4,,,,2,5,1,3,,6
R_2EZlygimnf09eEY,1,,6,,,5,,,,,,,2,3,,4,,,,,,1,6,,,,,,,5,,,4,,2,3,,6,,,,,1,2,4,3,5,,,,,,,
R_2G6CQBTayXT5x3C,,,,,6,,,4,,3,1,,,,,2,,5,3,5,,2,,6,,,,,,,1,,,,4,,,,2,,,,5,,4,,,6,,3,1,,,
R_2gUv6btUMlJiKc0,,5,,4,1,2,,6,,,,,,,,,,3,,,1,,,,6,,,,,2,4,,3,5,,,1,,,,,,,,2,4,6,,,3,,,5,
R_2pcfLBDJa8DouF9,5,,,4,3,1,,,,,,6,,,,,,2,,1,5,,,,,,,6,,,4,2,3,,,,,,,,,,1,2,3,,6,,,,,5,4,
R_8CZPcCyd8a6svHC,3,,,2,,1,,,,,6,,5,,,,4,,,,,,,,3,4,,5,,1,,6,2,,,,,2,6,,4,,,,5,,,,,,,1,,3
R_80BtV000Bt8OzLj,1,2,,3,5,4,,,,,,,,6,,,,,,,2,,,,,5,6,3,4,1,,,,,,,,,,,,,1,,,,,,5,,2,3,4,6
R_8zSJpoM1AFfW8Q0,5,6,,2,,1,3,4,,,,,,,,,,,,,,,,,,,,1,5,,3,6,,,2,4,,,1,,2,,,,6,,,5,,,3,4,,
R_2i84tgwCEqNVIOx,,,4,,2,,,,,,,,6,,,5,3,1,6,4,,1,,,,,,,5,,,2,3,,,,,,,,,1,4,2,6,5,,3,,,,,,
R_2scMEFd15oKhivb,,,4,,,,,,3,2,,,,,,5,6,1,,,,6,3,5,2,,,,,1,,4,,,,,2,4,,,,,,5,,,1,,6,,3,,,
R_8wpELk7jP6f3OQJ,,,,,4,1,,2,,,,,,3,5,,,6,,,6,2,,,3,,,5,,1,4,,,,,,6,4,,,,,,,3,,5,,,,,1,2,
R_8SrYg72xaP8AB45,,,,,5,,,,,,,,2,6,4,,1,3,3,,2,6,,4,,5,,,,,,,,1,,,,2,,,,,4,,1,3,5,6,,,,,,
R_2nHc62xjscZqyJz,,,6,,4,2,,,,,,,,3,,5,,1,,,,1,,,,4,6,,,5,,,2,,3,,6,3,,,,,4,,,5,2,,1,,,,,
R_2WZOuQtSyt9aikN,,,6,3,,,,,,,,,,4,2,1,5,,,,,,3,,,,,5,6,4,1,,,,,2,5,6,,,,1,3,4,2,,,,,,,,,
R_2JK11H3VqWPsObf,,,,,,,,,,1,,,5,3,6,4,,2,1,,,,,6,3,2,5,,,,,,,,4,,,1,4,3,5,,,,,,6,2,,,,,,
R_2KImkgUnWfzrJfU,,,,1,4,,6,,,,,2,,,,,5,3,6,1,,,,,,5,,,,,3,4,2,,,,,,3,,,5,,,4,2,6,,,,,1,,
R_8J51sZSVjlWIRfX,,,,,,,,,,,4,,3,1,5,2,,6,,6,,2,3,1,,,,4,,,,,,,5,,2,,4,,,,3,6,5,,,1,,,,,,
R_8EFqUlRJVveIF22,4,2,,5,3,1,,,,,,,,,,,,6,,,,,,,,,,,2,,6,5,3,1,4,,,,6,,,,5,2,3,1,,4,,,,,,
R_8XarjfI5McohDKJ,,3,6,4,,5,,1,,,,,,2,,,,,,,,,4,,5,,,3,2,,6,,,,1,,1,,,,,,,,4,,,2,,,5,3,,6
R_8rpDWiuzQj8tcDT,1,6,4,,2,3,,,,,5,,,,,,,,,,,1,,,,,,,,6,,,2,4,3,5,,,,,,,1,4,2,6,,,3,5,,,,
R_8e4fwphRkN37gb6,6,,4,,,,,,,,,3,5,,2,,,1,,5,,,6,,,1,,,,,,3,,2,4,,,,,1,,5,4,,2,3,6,,,,,,,
R_2rJHagb07RZKmbF,,,,3,,,5,,1,2,6,4,,,,,,,5,4,6,,3,2,,,,,,,,1,,,,,,,,,,,,1,,,,,3,,2,4,5,6
R_8f2jslxCPzk2tbe,3,,,6,1,,5,,,4,,,,,2,,,,,5,2,,,,,3,4,,1,,,,,6,,,,,,,,6,,,,,,3,2,5,,,1,4
R_2BQmrvQQShV5e8e,,3,5,1,2,,,6,,,,,,,,,4,,1,,,,,3,,,6,5,,,,4,,,,2,,,,,,,3,,,,4,2,5,,6,1,,
R_87VvYwcKUDHHkIx,,,,,5,,,,2,,3,,1,6,,4,,,,4,1,3,,,5,,,,,6,,,2,,,,3,,,,,5,,4,,6,,,,,,,1,2
R_8xy0CyP3CLlOYdN,,6,2,,,4,5,,,,,1,,,,,,3,5,,,1,2,,,4,6,3,,,,,,,,,,,,,,,,,,,4,,1,5,6,2,3,
R_85EI3nzMwTv9V0V,,6,4,2,5,1,,,3,,,,,,,,,,,,,,,,2,,,,4,1,,6,,,3,5,3,,,,,,,6,,5,,,1,,4,2,,
R_29n6ezMJdLLa10L,4,5,,,,3,,,,,,,2,,6,,,1,,,1,5,,,,4,,,,,,2,,6,3,,,,,,1,,4,,3,5,2,6,,,,,,
R_8WuNfPqTTdmzbTI,,,,6,3,,,,,4,,5,,,,,1,2,,,2,,,1,5,,,,3,,6,4,,,,,6,3,,,,,,1,2,,,,,,5,4,,
R_2LbDGESIC7zEDjD,2,,,1,5,6,,,,,,,,,,,4,3,,6,5,,,,,4,,,,,2,1,3,,,,,,,,,,4,,5,1,6,2,,,,3,,
R_8IBHPU2dklIhxAZ,5,1,,,,2,,4,,,,,6,3,,,,,,,4,2,,,,,,,6,,,,3,1,,5,,,,,6,,4,,1,3,,2,,,,,5,
R_8fv6MG8WuECOYX7,,6,4,3,2,,,,,,,,,5,,,1,,,,,,,2,6,,,,,,4,,3,5,,1,4,,,,,,,5,6,1,3,2,,,,,,
R_80JdnvYS9zZ2tvC,2,,,5,4,,,,,,6,,,,,,3,1,,,6,,,5,1,4,3,2,,,,,,,,,,1,,,,,,,,,,2,5,3,6,4,,
R_2c10TIt74Kb7S06,,6,,3,1,,5,,,,2,,,4,,,,,6,,,,,2,,,5,4,,1,,,,3,,,,,5,,,,,3,,,,,1,,2,,4,6
R_8guKwVlDpZzQQ1L,1,,,,,6,3,,2,5,,4,,,,,,,,6,4,3,,,,2,,,,,,,,,5,1,,,,,2,,,,,,4,,3,1,6,5,,
R_2QmUvArB507Bthh,,,,,,5,,4,,2,,,,3,6,,,1,4,,3,2,,,,,,,5,6,1,,,,,,,4,,,6,,2,,5,,,,,,,1,3,
R_2gTIJvBRXQd8zQt,,,4,,,,,,,,,,6,5,3,,1,2,,,,,4,,6,,2,3,,5,,,,1,,,5,3,,6,,4,,1,,,2,,,,,,,
R_2hJPM3q8RKIRnaN,2,3,,1,5,4,,,,,,,,,,,,6,,,2,,,,6,,3,,,1,,,5,,4,,,,,,,,,2,,1,4,,3,5,,6,,
R_8ccnHhvTKwI3MYu,,4,,5,,1,,2,,,6,,,,3,,,,4,,,,,,,,,,,1,5,3,,2,,6,,,6,,2,,3,,4,5,,,,,,,1,
R_8iKXSJ2t9Ghr6jo,,,4,,,,,,,,3,6,1,,,2,,5,,,,5,4,,1,3,,,,,,6,2,,,,3,4,,,,2,,,5,6,,,,,,,1,
R_2vactZr0EKSQ5Db,,,,4,2,,,,,,,,3,,6,5,,1,5,,,,,2,,,,,6,4,,3,,,1,,,2,6,,,,3,5,4,1,,,,,,,,
R_8CHANZK20tB7Gb2,,5,4,3,2,1,,,,6,,,,,,,,,4,,,,,,5,3,1,,,6,,,,,2,,,,,,,,,,,,1,,3,4,2,5,,6
R_2PTNclyNUf68AhA,,6,,5,4,1,,,,,,,,,,3,,2,5,,,,,,,,4,,,1,3,,2,,6,,,,2,,,,1,4,,5,3,,,6,,,,
R_2gUT9XfOogmi9e1,,5,4,,,,,6,,,2,,3,,,,,1,,,,,1,5,6,,,,,,,,4,3,2,,3,,,1,,,,,6,5,,2,,4,,,,
R_8pY813dlt0e4Har,2,,1,4,6,5,,,,,,,,,,,,3,,,,,,,,,,,6,,4,2,5,3,1,,,1,,,,,2,5,4,3,,6,,,,,,
R_8VBGcGMsk254lDT,6,1,4,3,2,5,,,,,,,,,,,,,,,,,,,3,4,5,2,,1,,,,,,6,,,,,,,,,,,3,,5,1,6,4,2,
R_88YQ6uRnpk9hH75,,,,1,3,4,,2,,,,,,,,5,,6,2,,4,,,,,,,,5,,3,,1,,6,,,1,,,,,4,,6,3,,5,,2,,,,
R_8tDRsc1lrQIOUsA,,,,,,,5,,,,6,,4,3,,2,1,,4,5,,6,2,,,,,,,,,,1,,,3,,,1,,,2,,5,4,6,,3,,,,,,
R_83ayYZ22rX46i3v,3,,5,,1,4,,,,,,,,6,,,,2,,1,,2,,,3,4,,6,,,,,,,5,,,,,,,,,,2,,3,1,4,,6,5,,
R_27WjnSoDVpPtiaw,2,,,6,,3,,,,,,,,5,,4,,1,,4,,,3,,,,,6,,5,1,,2,,,,,,3,,,,1,4,2,,6,,,,,,5,
R_2lube4RGImODNvk,,4,1,2,5,3,,,,,,,,,,,,6,,,,,,,,,,,6,,3,4,2,1,5,,1,,,,,,2,3,4,5,,6,,,,,,
R_2mFb5BxtkwGInSF,,2,,3,1,,6,,,,,5,,,,,,4,,,6,,,,,2,1,3,5,,,4,,,,,2,,,,,1,,,,,,,5,,6,3,4,
R_2tsPax0jbEbMV6t,4,,,,2,,,,,,,,6,1,5,,,3,,3,2,1,,5,,4,,,,,,,,,6,,,,,,,,2,,6,3,4,1,,,,5,,
R_2ErLoTAlupkMSL3,5,,,4,1,,,,,,3,,,6,,,,2,,6,,,,,4,,,2,,,1,,5,,3,,,,2,,,3,,6,4,,,5,,,,1,,
R_2oi9DKyX98DVZWF,5,3,,,,6,,,,,,,4,,,2,,1,,,5,2,,,4,3,,6,,,,,1,,,,,,,,3,,,,1,,6,2,,5,,,4,
R_8ePwLDEa12l1mFd,,5,,6,4,2,,,,,,,,,,,1,3,5,,3,,,,1,,6,,,2,,4,,,,,,,,,,,,2,,1,5,,4,,3,6,,
R_8mCbI8G0Lb8kGqB,,,5,,,1,,6,,,,,3,4,,,2,,1,2,,4,5,,,,,,,3,,,,6,,,,,,,,,1,,4,3,6,,,,5,,,2
R_8fd77oWPi81dMyE,5,4,,3,2,6,,,,,,,,,,,,1,,,5,,,,,,,,,6,3,2,1,,4,,,,,,,,4,3,5,6,2,,,,,1,,
R_8RycfWLYso5QL8R,4,,,,3,,,,,,,,2,,5,6,,1,,6,5,3,,,,,,,4,1,,2,,,,,,,,,,1,6,5,4,3,,,,,,,2,
R_2UkilutGaniAzXr,,,6,2,,3,,5,,,,,4,,,,,1,2,1,,,,,6,,4,,,,,3,5,,,,,,,,1,,,,,2,3,4,,,,5,6,
R_8peVbS2hDZajTba,,,,,,,,,,,,,4,5,3,2,6,1,5,1,6,2,,3,,,,,,4,,,,,,,,,,,6,,1,5,2,3,4,,,,,,,
R_8HBqw3HzvSNu5wt,,3,1,,,,,,5,,,4,,,,6,,2,2,,,4,3,1,5,6,,,,,,,,,,,,,,,,,,,,1,4,,6,3,5,,2,
R_2xPj3Ww5FdZPCsc,,3,5,,4,2,,,,,,,6,,,,,1,3,,,,,,,,,,5,1,,4,6,,2,,,,,1,,,2,6,5,3,,,,,,4,,
R_8ot3VwsRiTpCJXj,,1,,6,5,,,,4,,,3,,,,,,2,3,,5,,,1,4,,,2,,,,6,,,,,,,,,,,,1,,,4,,3,,2,5,6,
R_8wRFFGrRay5crma,6,2,,1,3,,,,,,,,4,5,,,,,,,6,,,3,,5,,,4,,,,,2,,1,,,,,,,4,,6,5,,2,,,1,,3,
R_8zuuYLNTNWxWJv8,,,,5,2,,,,,,,6,3,4,,,,1,,3,5,,,,4,,6,1,,,,,,2,,,3,,,,,2,,1,,,5,,,,6,,4,
R_8KvTNLOko79thXX,,,,,,,,,,,,,1,6,3,2,5,4,5,4,,3,1,,2,,,6,,,,,,,,,,,1,,,6,,4,3,,2,5,,,,,,
R_8tgNnbyRXJX0Pyp,,,4,1,2,3,,6,,,,5,,,,,,,3,4,,,,,1,,,2,,,,6,,,,5,,,,,,,,,4,,5,,6,,3,2,1,
R_2tlqg82gGbz8XPX,,3,6,2,,,,5,,1,,4,,,,,,,4,,,,5,3,2,,1,,6,,,,,,,,,,,,,,,,,,,,4,1,6,5,3,2
R_2pVFoDTwnsi8lO1,,,,,3,,6,4,,,,5,,,,,2,1,,,3,2,,,,,5,4,,,,,6,1,,,2,5,,,,3,,,,,1,,4,6,,,,
R_2PdQpYSEKg6sMzT,,,2,,,1,,,,,4,,5,,,,6,3,2,4,,1,5,,,,,,,,,6,,3,,,,,,,,,4,2,6,5,,3,,,1,,,
R_2Cv8cYrbPebyUcT,,4,6,,1,2,,,3,,,5,,,,,,,,,,1,,,,,,,,,6,4,5,3,,2,3,,,,,,5,4,,1,6,,,,,,2,
R_2hz179bMSIy7npn,4,6,,5,3,1,,,,,,,,,,,,2,,,5,,,,3,,2,6,,,,,,4,1,,,,,,,,,2,,,3,1,5,4,6,,,
R_2aehgJEJUb9gb2C,,,,2,,3,,,1,4,,,,,5,,,6,,,5,,,,6,,,,,,2,3,,1,4,,3,4,,,5,,,2,,,6,1,,,,,,
R_2xHabpiJ0UUJfIl,,4,,,,,,,,,,,2,6,,1,3,5,5,,,4,3,,,1,,,6,,,,2,,,,,,4,,,1,5,,6,3,,2,,,,,,
R_8vkOOgQk3MgS14Q,6,5,,4,1,2,,,,,,,,,,,,3,,,,,,,4,3,,5,6,1,,2,,,,,,,5,,,,,,6,,,,2,,4,3,1,
R_8Vz71V38wUIrnFu,,,2,,,1,,,,,3,4,,,,,5,6,6,1,,3,2,,4,,,,,,,5,,,,,,,,,,,,5,3,2,,,6,,1,4,,
R_8jPb0RHBjUSUj4b,,,,,5,,,,,,,,1,4,2,,3,6,5,3,,4,,6,,,,,1,,,,,2,,,,,1,,,,4,5,3,6,,2,,,,,,
R_8653GrwKz97L2c9,,1,,,,4,2,3,5,,,6,,,,,,,6,,5,2,,,,,,3,4,,,1,,,,,,,,,2,,,,,,,,5,,4,1,3,6
R_2S1DMQ3MMBiQE4P,,,,6,,4,5,,,,1,,,,,3,,2,4,,,,5,,,,,6,,1,3,,2,,,,,1,5,,,,,6,3,,,,,4,,,2,
R_8XtB6SxhJRvNNdv,,,4,,,,,,,3,,2,,6,5,,,1,,5,,,1,3,2,,,,,,6,,,,4,,6,,,1,,,,2,3,,5,,,,,4,,
R_2pDrngpOWZlF4x8,,,,5,4,1,,,,,,3,,,,,6,2,4,2,,,,,,,,,1,,,6,5,3,,,,,3,,,,6,2,4,5,,,1,,,,,
R_8NCiP48ThfuGDnl,,5,,,2,1,,,,,6,3,,,,,,4,3,,,1,,,,,6,,,,,2,4,5,,,,,4,,,,6,3,,5,,,2,,,,1,
R_8QoRmBL6t90fa1W,,,,,,,6,1,,,,,4,2,3,,,5,1,4,,6,,,,,3,2,,5,,,,,,,,,2,,3,1,,,,,4,,,,,5,6,
R_8Sj1yGrdmoC0WkV,,,4,6,5,3,,,,,,,,,,,2,1,,4,,,,,,,5,,,2,,3,6,1,,,4,,,,,,2,5,,3,6,,1,,,,,
R_2MlmhKWSCCwGBmV,3,2,,1,4,5,,,,,,,,,,,,6,,,,,,,1,6,,5,,4,,,,2,3,,,,6,,,,,,2,,5,,3,1,4,,,
R_2t5fEpB3YjlXlUl,,,,5,1,6,,,,,,3,2,,,4,,,,2,6,,,,,,,,,,,3,1,,5,4,4,,,,,,1,5,3,2,6,,,,,,,
R_2D1SHXT502ggLMQ,,,,,4,,,,5,,,1,,2,3,,,6,4,1,2,,,,,,,6,3,,,,,5,,,,,,2,,1,5,4,,,,,6,,,,3,
R_8xJVXH14jc9a1W1,,4,6,3,5,2,,,,,1,,,,,,,,6,,,,,,,,,,,,4,,2,1,3,5,,,,,,,4,1,6,5,,3,,2,,,,
R_8uD5OrVkPDeDcx6,,,,6,,,5,3,,,2,,4,1,,,,,3,1,4,,,,,,2,6,,5,,,,,,,,,,,6,2,,,,,,,,,4,5,3,1
R_80NiKyBU5n3khxL,,,5,6,,,2,,,3,,1,,,,,,4,,5,,,4,3,,2,1,,,,,6,,,,,5,,,,,,,,,,6,,3,,2,4,1,
R_2g5WbwJFxjVVrsK,,,6,1,2,,4,,5,3,,,,,,,,,6,,,,,5,,,,,,1,2,4,,,,3,,1,,,,,,4,,,5,,,,3,2,6,
R_2j7OM0kM4yChcZ4,,5,,2,,4,,,,,6,3,,,,,,1,2,,3,,4,,,,,,,,5,,1,,6,,,,,,,,4,5,6,3,,,,2,,1,,
R_2nECiR5AUnULHrP,5,,,2,,,6,,,3,,,4,,,1,,,,,,,1,,,4,,,2,,,6,,,3,5,,3,6,,,5,,,2,,,1,,,4,,,
R_8xiskIxWE93LlM5,4,2,,1,3,5,,6,,,,,,,,,,,,,1,,,,,,,,,,5,3,4,6,,2,,,,,,,2,,5,4,1,3,,,,,6,
R_8VD3coSTANNHAD5,,,5,2,,1,,,,,,,,,6,4,3,,6,1,,,5,,,3,,,,2,,4,,,,,,,,,,,4,,3,5,6,,2,,,,,1
R_2gCNAOK4mueMbnf,,,,,,3,5,,,,4,1,6,,,,,2,6,,,2,1,,,,4,3,,,,5,,,,,,1,6,,,,,4,,,,,,,5,3,2,
R_2hnl9XG3sRxnGjV,,,,,5,,,6,,,,,,2,1,3,,4,,,3,6,,5,,,,,4,,1,,,,2,,6,1,,,,,3,,2,4,,5,,,,,,
R_22PRtHjnb1WViw6,,2,,,1,,,,5,,,4,,,,,3,6,2,,,,,3,4,6,,,1,,,5,,,,,,,1,2,,,,,,3,,,4,,6,5,,
R_8QPAkNIyrWDEc6S,,,2,5,,,,,,,,,3,,,6,4,1,5,4,,,,,,3,,,,6,,1,2,,,,,,,,2,5,1,,4,6,3,,,,,,,
R_2uTWUSIKlQbvpJ2,1,4,6,,,2,,5,,,,,,,,,3,,,,,3,,,,,6,,1,,4,5,,,,2,,,,,6,,1,,,2,,5,,,4,3,,
R_23hVydUQM14PNy9,3,6,,,1,,4,5,,,,,,,,,2,,,,,1,,3,,,6,5,2,4,,,,,,,,,1,,,,,,,,,,4,2,5,3,,6
R_8mRzrENtNCEFBiV,6,5,4,,,,2,,1,3,,,,,,,,,,,,5,3,6,,,,,,4,,,2,,,1,,,,,,,,1,,,2,,4,3,,6,5,
R_8rC369hkg6mBTms,,,,5,2,1,4,,,,,3,,,6,,,,3,,6,,,,,,1,,,,,4,,2,,5,,5,,,,,,6,,4,3,,1,,,,2,
R_2TXh3iZgni1Mv2e,2,,,1,,,,,,,,,5,3,4,6,,,,,,,1,5,,,6,3,,,,,,,4,2,,1,3,,,,5,2,,,6,4,,,,,,
R_2KTl9aKnJXdrQsm,3,5,4,6,2,1,,,,,,,,,,,,,,,,,,,,,,,2,,5,4,1,6,3,,,,,,,,1,4,5,3,,6,,,,,,2
R_2L8RCoY5iiGPQB3,,6,2,,,,,,,3,,,,,5,4,,1,5,,,2,,3,1,,,,,,6,4,,,,,,,,,1,,,3,4,,6,5,,,,,2,
R_8ub71LnuBZ0g0yR,,,,6,1,,,,,,,3,,5,,,2,4,4,3,5,,,2,,1,6,,,,,,,,,,,,,,,,2,,,1,3,,5,,4,6,,
R_2WY4soc3RmKXnK9,3,6,,,,2,,,,,4,,5,,,,,1,,,1,4,3,,,,,,,6,,,,2,5,,,,,,,,3,5,2,6,,,,4,1,,,
R_2e8FSYw6fsykx5n,2,4,,5,3,1,,,,,6,,,,,,,,,,2,,,,,5,,,,6,4,,,,3,1,,,,,,,4,,5,3,,,,6,1,2,,
R_2Ev2UmtwGfDJ9kV,,3,,,2,4,,,,,,,6,,5,,,1,2,,,1,,,,6,,,,,,5,,4,3,,,,1,,,,5,,3,4,2,6,,,,,,
R_2KIT6ofMrzcQKLG,6,,3,5,2,,,4,,,,,,,,,,1,,1,,,,2,,,3,,,,,5,4,,6,,,,,,,,5,,,4,3,6,1,,,2,,
R_27Dwgb3DKwAcsy5,,4,,1,,,6,2,5,3,,,,,,,,,1,,,,,2,,,,,,6,4,,5,,3,,,,3,,2,,,,,,6,,,1,,4,,5
R_8SBT3AGG3ZJGK0W,,,,2,,,,6,,,1,,,,,5,4,3,6,2,,,1,4,,,,,,,3,5,,,,,,,1,,,,4,,6,5,,3,,,2,,,
R_2LOqtAHFweGmA9z,,,,,3,2,6,,,,4,,,5,1,,,,6,5,1,2,,,,,3,,,,4,,,,,,,,,,,,,1,,4,,6,,,,5,3,2
R_2ZHr2xu6Wt4fXGR,,4,,5,2,,,,,,6,3,,,,,,1,2,,3,,,1,6,4,,5,,,,,,,,,,,,,,,,,1,,,,4,2,3,5,6,
R_8UWsJYPstQJy4RZ,6,,5,,2,3,,,,,,4,,,,,,1,,5,,4,,,2,,6,3,,,,1,,,,,,,,,,,,1,,,6,,2,,3,4,5,
R_2usAh65OUZhvSlH,,,,3,,1,6,2,,,4,5,,,,,,,1,,,,,,,,6,3,,,,5,2,,,4,,3,5,,1,,,,,,,,2,,,6,4,
R_8gOCOX8YAYCP4pR,,,,,1,2,,,,,,,6,,5,4,3,,,,,3,,,5,,,,4,6,,2,,,,1,3,1,2,,,,,6,5,4,,,,,,,,
R_8pncVyg0LlzsmZ3,5,,,,,4,2,,,6,,,,3,1,,,,,,5,6,,,,,,,,,1,,,4,3,2,,1,,,4,,,5,6,,3,2,,,,,,
R_8lMkXtSEMvk8bUh,,,,,4,5,,,,,,6,3,,2,1,,,3,5,,1,,,6,,,2,,,,4,,,,,,,3,,,,,1,2,,6,,,,,,5,4
R_2QJYkT4x9UPaE0x,3,5,,1,,,,,,,6,4,,,,,2,,,,1,,,,,2,3,,,,5,4,6,,,,,,,,4,1,2,,,5,,,,,,6,,3
R_2C9pNvI8zjaehaN,,6,,4,,5,,3,1,2,,,,,,,,,,,6,,,,,,,,,,3,5,2,4,,1,2,,,,1,,3,,,,4,6,,,,,5,
R_8wytXj36EgPx78c,,,,4,2,,,,,3,,5,,,6,,,1,,,5,,,,6,,,,,,2,4,,3,1,,2,3,,,,4,,5,6,,1,,,,,,,
R_8LUMafrMPZcyueN,5,,4,3,1,6,,,,,,,,,,,,2,,3,,,,,5,6,,,1,,,,2,,4,,,,,,,,,,1,3,,2,6,4,,5,,
R_2zMbuUskZWc5RYX,,,4,,,6,,,,,,,1,5,3,,,2,,6,,,5,,1,4,,,,2,,,,3,,,1,,,2,,,,,4,3,6,,,,,,5,
R_2dz6Pc6dXnPp5gg,,,,,1,,,,,,,2,3,4,,,5,6,,5,,6,,4,3,,,,,,,,2,1,,,2,,3,,,,,6,5,4,1,,,,,,,
R_2YgqxQY5PJmNjym,,,,,3,,,,,,2,,6,5,4,,,1,5,3,,1,,2,,,,,,,,,,4,6,,,,6,,,,4,5,3,2,,1,,,,,,
R_8DiP7KEUtSYM4c4,,,3,,,,,,,,,,4,,5,2,6,1,,4,,2,3,,,6,,5,1,,,,,,,,5,,,,,4,2,,1,,,6,,3,,,,
R_8IeVlXrgQ6bquVH,,6,,3,2,,,5,,,,,4,,,,,1,3,,,,,4,2,,,5,6,,,1,,,,,,,2,,,,,,3,,,1,,,6,5,4,
R_8nLOrF6yfwTIjD3,,4,,2,3,,,,,,,,6,,,5,1,,,,,,,5,,,,6,3,,,4,2,,,1,5,,6,,,,1,2,4,,,3,,,,,,
R_2D2kixRmJ9Xx0OG,,,,,1,,,,,,,,4,6,5,,3,2,,,,2,,4,6,,5,,,3,,,,1,,,6,5,3,,,,,1,,2,4,,,,,,,
R_82SbDbe9X4oLvbo,3,6,5,4,,,,,2,,,,,1,,,,,,,,,1,,,2,,,,3,5,,,,6,4,,,,,,5,1,,,3,2,,,,4,6,,
R_2s6JwqSVAc0tmtZ,4,,,1,2,,,,,3,5,,,,,6,,,,1,,,,4,2,,,,,,6,5,,,,3,,,1,,,,,2,4,,,3,,,6,,5,
R_2CEqSr5ZZniYDZN,6,,,,3,1,,,,,,,4,5,,,,2,,1,,2,,,5,6,,,,4,,,3,,,,,,3,,,,,,5,6,1,,,,,2,4,
R_2rHoSw5jaKFo9bf,,,5,1,2,,,,6,3,,,,,,4,,,,4,,,,,2,3,,,5,,6,,,,1,,1,,,,,6,,,,,,5,,2,3,,,4
R_8hqmx2MNMqXiPPb,5,2,6,1,3,4,,,,,,,,,,,,,,,,,,,,,,,1,,,5,2,6,4,3,,,,,,,2,6,5,3,,1,4,,,,,
R_8QKeifxewazIHO1,3,2,,5,,1,,,,,,4,,,,,,6,,,5,,3,,,6,,,,,4,2,1,,,,,,,,,,4,,3,6,5,,,,,1,2,
R_2OplOF9gSWsnGJv,,4,5,1,,3,,6,,,2,,,,,,,,4,,,,5,,2,,,6,,,,,,,3,1,,,,,,,,,2,,,4,6,1,5,3,,
R_2YVCCU77EjajO8S,,,,2,,5,,,,,1,,,4,6,,,3,5,3,6,,4,,,,,,,,1,,,2,,,,,,,,,1,4,2,5,,6,,,,,3,
R_8bVuVJFujSiA5WE,,4,,,6,,,,,,,,2,,5,,1,3,3,,5,4,,,6,,,,,,,2,,1,,,,,,,,2,,3,5,1,4,6,,,,,,
R_83pbjWxJRpSucgo,,,,,,,,,,,,,5,6,4,3,2,1,,3,,2,,5,4,6,1,,,,,,,,,,3,,1,,4,,,,,5,6,2,,,,,,
R_8qwJY8G9FXiPPB1,2,5,,,6,3,,,,,,,,,4,,,1,,,5,6,,,,,,,,,3,2,,1,4,,,,,,,,2,5,4,3,6,1,,,,,,
R_8Hw9tlcRMYGDBW6,4,2,3,5,1,,,,,,,,,,6,,,,,,,,,,5,2,4,1,,,,,,3,,6,,,,,,1,,,,,6,2,5,3,,,4,
R_2g1aaLUff60ilDm,,,,6,2,,,5,,,,4,,,,1,,3,4,2,,,,,,,6,1,,,,,3,,5,,,,5,,,6,4,,,,2,,3,1,,,,
R_8xAE0Qoucc52EG5,2,,,,5,6,,,,,,,4,3,1,,,,,3,1,5,,,,6,,,,4,,,,2,,,,,,,,,4,,3,2,5,,,,,,6,1
R_8E18CPMfxFd8z2o,4,,,,2,6,,,,,5,,,,,,3,1,,2,,1,,,,3,,,,,5,6,,4,,,,,5,,,,3,,6,4,,2,,,1,,,
R_8EFPPoNizO4xdLY,6,,,,,4,,5,,,,,,,1,2,,3,,,3,4,,,,,,,6,5,,2,,,1,,,2,,,6,,3,,5,4,,,1,,,,,
R_8pY2dGLSpVmLOho,4,,5,,,2,,1,,,,6,,,,,,3,,2,,3,4,,,,,,6,,,5,,,1,,,,,,,,3,,6,2,,,4,,5,1,,
R_2dnm5m9HN7IeUj9,,,3,6,2,,,,,,,,5,,4,,,1,6,3,,,,,,,,4,,2,,1,,,5,,,,,,,5,2,3,4,,6,,,,,1,,
R_2WNojceQsxfRQ5X,,4,,2,,,,,,6,,,,5,,3,,1,,,2,,4,5,,,,,6,,3,,,,1,,6,,,,,,4,5,3,,,1,,,2,,,
R_8bMBn79e1F8Ec49,1,,,2,,4,,,,,,,6,,3,,,5,,1,,,6,,,5,,,,,,2,,3,4,,,,3,,,,2,,4,1,6,5,,,,,,
R_8imnGNLvFRntrnC,,3,4,,,6,,,,,,,,5,,2,1,,6,,,1,,,,,,,5,,4,,2,,,3,,,,,1,,3,2,6,5,,4,,,,,,
R_2o7jDlpGmyweEJI,2,,,4,1,3,5,,,,,6,,,,,,,,1,,,,,,5,3,4,6,,,,,2,,,,,1,,,,,,,,,,3,4,2,,6,5
R_8CkcL1qeskVYhl7,,4,,3,1,2,,,,,,6,,,,,,5,,,5,,,,,,6,,,,4,3,1,,2,,6,,,,,,5,3,,2,1,,,,,4,,
R_2FgISk1p9a15Gwl,2,5,,4,3,1,,,,,,,,,,6,,,,,4,,,,5,,,,,3,1,,6,,,2,,,,,,,,6,5,4,2,,,3,,,1,
R_8Eik0TXeX1k4xwQ,4,5,,,2,3,,,,,,6,,,,,,1,,,4,,,,6,,,5,2,,,,3,1,,,,,,3,,,,1,5,,,,2,6,,,4,
R_8rTrP6wfyPyWVlR,,5,,,,4,,,,,,,,6,2,,1,3,5,,6,3,4,,,,,,,,1,,,2,,,,,,,,,5,2,4,6,1,3,,,,,,
R_8E56FsrfwxwXoVe,,,,,,5,,6,,,,3,2,,1,,,4,6,,,,,,,,1,2,,,,4,,5,3,,,4,3,2,6,,1,,,,5,,,,,,,
R_8R901TMocXTCuP1,,5,,,2,1,,6,,,,3,4,,,,,,4,,,5,,,,,,,3,,,2,6,1,,,,,4,,,,5,,6,3,,,,,,,2,1
R_8nkmU5VEFP3ExGh,,,,,,,,,,2,,,6,4,5,,1,3,2,,,5,,,3,,1,,,6,,,,4,,,,4,1,,2,3,,5,,,6,,,,,,,
R_2dLLg1YgBmjd3RT,2,1,5,,,,,,,,,,,,3,,4,6,,,,5,,,2,,,3,,6,1,,,4,,,,,,,1,6,,2,3,,4,,,5,,,,
R_2kjhBDpxBeAPIY5,1,2,,,,,,4,,,,3,,5,,,6,,,,,1,2,,,,,,,,3,,6,4,,5,,,4,,,5,1,,6,2,3,,,,,,,
R_8QrN3fKv4ZnWSTy,4,,,1,2,,5,,,,,,3,,6,,,,,1,5,,,,,,4,3,,,,,,2,6,,,,,,,2,,3,,,4,6,,1,,,,5
R_8jVBlYGyyY4kPLn,5,6,1,,,3,,4,,,,,,,,,,2,,,,1,3,,6,,5,,,2,,,,,4,,,,,,,,,,,2,4,,6,1,5,3,,
R_2e82zRxP7GukFh4,,,2,,,3,,6,,4,,1,,,,,5,,,5,,,,,,,3,,6,,,,1,2,,4,1,,,4,5,,6,,,,,,3,2,,,,
R_21Gwd8nXvjFdUAZ,,6,,5,,1,,,,,,2,,4,3,,,,1,,4,,3,,6,,,,,,2,,,5,,,,,,,,,,3,1,2,5,,,,,,6,4
R_87mr4mA7dhLrNwR,,,4,,,,,,6,,,3,5,,,,2,1,,,,,5,,,6,,,4,,,2,1,3,,,4,2,,1,,3,5,,,6,,,,,,,,
R_8NX6LEv9AN6ZP0M,,,,2,1,3,,,,,,,,6,5,,,4,,1,3,,,,,,,,,4,5,,,2,6,,1,,,,,,3,4,6,5,2,,,,,,,
R_8FZttc1pZPmTrO1,6,3,5,2,,1,,,,,,,,,,,4,,,,,,6,,,4,,,,,3,,1,5,,2,,,,,,,2,,4,3,1,6,,5,,,,
R_2bZ5wgnzot9C4Qm,,2,,5,4,3,,6,,,,,,,,,,1,1,,,,,,,,,,,,3,2,4,6,5,,,,1,,,,3,,4,2,6,5,,,,,,
R_8BtFgxoFjxpiHpY,,4,,2,6,5,,3,,,,,,,,,,1,,,5,,,,4,,,,1,,,2,,6,3,,1,,,,,,,,2,3,,6,5,,4,,,
R_2CPEl7X5fIOpube,,,5,,2,,4,,,,1,6,,,,,,3,,3,,5,,2,,,,6,,,,1,,4,,,3,,,,,,,6,2,,,,1,,4,,5,
R_2flWAoG5GvWt04B,,,,,,,,,2,,5,6,,,,4,3,1,,,,5,,,3,,,2,,,1,6,4,,,,5,3,1,,2,4,,6,,,,,,,,,,
R_2YrkALkM1a4gBj7,,1,,4,5,,,,,,2,6,3,,,,,,,,,,,1,6,,,4,,,,,5,3,2,,2,,4,,,,,1,5,,,,,6,,,,3
R_8tnVjWutQEdYrog,2,,,,1,,,,,,3,,5,,6,,,4,,6,,5,,4,,,,,,,,3,,1,2,,,,1,,,,3,5,2,4,,6,,,,,,
R_8n15pC1cq4keTDG,,5,6,4,2,1,,,,,,,,,,,,3,1,,,,,,,4,6,3,5,,,,2,,,,,,,,,,3,,,,,1,2,5,,4,6,
R_2cYDd0NNeLWM4tX,6,,,,5,,,4,,,,1,,3,,,,2,,3,4,2,,1,,,6,5,,,,,,,,,,,,,,,1,,,,6,,4,,3,5,2,
R_8dbrxjR1vuR8Xzo,4,6,,,3,2,5,,,,,,,,,,,1,,,6,1,,,,,3,4,,2,,,,,5,,,,,,,,,4,,,2,,5,1,6,3,,
R_2hAfirgzfNFLrc6,,,2,6,3,5,,,,,,,4,,,,,1,2,1,,,,,,,,4,,,,6,3,,5,,,,,,,,1,5,3,,6,2,,,,4,,
R_2TXKvoTuGarw4EZ,,,1,,,2,4,,,6,,3,,,,5,,,6,1,,,,,,2,,,4,,,,5,,,3,,,,1,6,,,,3,,,,4,2,,,5,
R_8uJ0JzKNSoAwhkR,2,6,4,3,5,1,,,,,,,,,,,,,,,,,,,6,,,,,3,2,1,5,,4,,,,,,,,,5,4,2,1,,,,,6,,3
R_8nf2Er8xHqWBQ00,,,,,,,,,,,6,,4,3,5,,1,2,,,,6,,3,,2,5,,,4,,,,1,,,1,2,4,,3,,6,,,5,,,,,,,,
R_2DuHUvoyCduPfdp,,5,2,6,1,3,,,,,,,,,,,,4,3,,,,,,5,,4,6,,1,,2,,,,,,,,,,,,5,,,3,,6,,1,2,4,
R_8YGa2Kc1efb0ESd,6,4,,,2,,,,,,,,5,,,3,,1,,,2,5,,,,,,,,6,,4,1,,3,,,,,,,2,5,3,4,6,1,,,,,,,
R_2SAyCLlqTxV9eVg,5,4,3,,2,1,,,,,,,,,6,,,,,,,3,,,,,,1,6,,4,5,,,,2,,,,,,,1,3,2,,,4,,,,6,5,
R_2F98hXjkY90WOfg,5,6,2,4,,3,,,,,,,,,,,,1,,,,,5,,4,,2,,,,1,,6,,3,,,,,,,,,2,,1,6,5,,4,,3,,
R_80L2aycsYVkliwh,,,5,2,3,4,,,,,,6,,,,,,1,5,,,,,,2,3,6,1,,,,4,,,,,,3,,,,,,,,,2,,6,,4,1,5,
R_8M0vXwgD9VuSMxl,,,,,,,,,,,,2,4,6,3,,5,1,,4,,3,1,5,6,,,,,,,,,2,,,2,,5,,,,,4,1,3,6,,,,,,,
R_2QS5zUlp9NJlaz7,1,4,,,2,5,,,,,,3,,,,,,6,,,,1,,,,,,,4,,2,6,3,5,,,,,2,,,,4,6,3,5,,,,,,,1,
R_20Owxsnd6oxGD1h,,,,,6,1,,,,,5,,4,,,,3,2,6,3,,,,,5,2,,,,,,4,1,,,,,,5,2,,,,,3,6,,4,,,,1,,
R_8HRFN1j7Rb7u0aK,,2,6,4,1,3,,,,,,,,,,,,5,6,,,,,,4,5,1,2,,3,,,,,,,,,,,,,,,,,6,,4,1,2,3,5,
R_2IMJY4saLlvVT9n,5,,,4,,,6,,3,2,,,,,,,,1,,2,,,,3,,4,,,,6,5,,1,,,,,,4,,2,,,,,,6,,,3,,1,5,
R_8fUikNBFORVDTDx,3,5,6,4,2,1,,,,,,,,,,,,,,,,,,,5,6,,,,2,,3,,,4,1,,,,,,,,,2,1,6,,3,,5,4,,
R_8BrGLSMeJj5GNsL,3,,,,6,,,,,,1,,2,,,5,,4,,3,,6,,5,,,,,,,,1,4,,2,,,,1,,,,3,6,2,5,,4,,,,,,
R_2ty98Meui17jINe,6,4,,3,,,,5,,,,2,,1,,,,,,,,,2,1,,,3,4,,,,,,,5,6,,,6,,,,4,,,,1,,3,,5,2,,
R_2eX3VLxGoF5lJoY,,5,,4,6,3,,,,,,1,,,,,,2,1,,,,,,2,4,,3,,,6,,5,,,,,,6,,,,,,4,,3,,,2,,1,5,
R_8zwwDETGZtunUsx,,4,3,,2,,,5,,,6,,,,,,,1,1,,,5,,,,,6,3,,,,4,2,,,,,,,,,3,1,,,,,6,5,,,2,4,
R_22FzFvZo7ZZlrpz,3,4,,2,1,,,,,,,,,,5,6,,,,,,,,,4,6,5,3,,,1,2,,,,,,,6,,,3,,,,,1,5,,,,,4,2
R_81pMtcs9uhpNWZC,4,5,,6,1,2,,,,,3,,,,,,,,,,1,,,,4,5,2,3,,6,,,,,,,,,,,,,,,,,,,5,4,3,2,6,1
R_2wHMV5gi2ilKgLP,3,1,,2,5,4,,,,,,,,,,,,6,,,2,,,,,,,,3,4,,6,5,,1,,,,,,,,4,2,5,3,,,1,,,6,,
R_2Vk0a5MPiZNLrtE,,,2,,3,,,,,,5,6,,,,,4,1,,5,,6,,,,2,,,,,4,,3,1,,,6,,,,,5,2,,4,3,,,,1,,,,
R_8rH64La3vwMO6fD,,2,,5,1,3,,,,,,,,4,,,,6,6,,5,,,,,2,,,,,4,,,3,1,,,,,,,,5,,6,4,3,2,,,1,,,
R_2ccuqkzgmOVaTdg,,,6,,2,,1,,3,4,,,,,,,,5,3,4,,1,,6,,,,,,2,,,5,,,,,,,,,,,1,,,6,,4,3,,2,5,
R_8bVXyeKNOqtQaXL,6,,,,,3,,,,,5,,,4,2,,,1,,3,,2,,,,6,,,,,1,,,5,4,,,,5,,6,,3,,4,2,,1,,,,,,
R_22xYxWyI6tDGleR,,,,,,,6,5,,2,,3,,4,,,,1,,,,,1,4,,,3,,2,,6,,,,5,,5,4,6,3,,,,,,,,,,,1,2,,
R_8lSnoGTQY6Smdih,1,5,,,,2,,6,3,4,,,,,,,,,,,3,1,5,,4,,,,,6,,,2,,,,,,,,,,,,,,5,,3,2,,4,1,6
R_8PmCWrL8mZVzqQy,,,,6,4,,,2,,,,,,3,,,5,1,,2,1,,,,4,,,,6,,,,3,5,,,1,,,,,3,,,6,4,,5,2,,,,,
R_8c0zigI2R4QMVMQ,5,,4,,6,,,,,,,2,,3,,,,1,,2,,5,,1,,6,4,,3,,,,,,,,,,,,,,3,,,2,,,4,,6,5,1,
R_2M4UfShTb5kLzUd,5,,,,3,1,,,,,,4,,6,,,,2,,1,,,,,,2,,,,,4,,5,3,6,,,,2,1,,,4,,3,5,6,,,,,,,
R_2E56pPoRRjMVA6n,,,,5,4,,,,,,,,,,2,6,1,3,,3,4,,,1,,6,,,2,,5,,,,,,5,,,,,,4,,2,6,,1,,3,,,,
R_2X7yr28hCKbgNyx,,6,,4,1,2,,,,,,5,,,,,,3,,,,,,,,5,,,1,,4,6,,2,3,,4,,2,,,,5,,3,6,,,,,1,,,
R_2alarUF7hGpgKLy,1,5,,6,3,2,,,,,,,,,,,,4,,,,,,,,,,,,6,3,2,5,1,4,,,,2,,,,3,5,6,4,1,,,,,,,
R_2lu8n3sWOEoBgPw,1,2,,3,4,5,6,,,,,,,,,,,,,,6,,,,,1,4,3,5,2,,,,,,,,,,,,,,,,,,,2,4,3,5,1,6
R_8QFYFhFBRk5eddN,4,3,,6,2,1,,5,,,,,,,,,,,,,,,,,,,,,,,3,2,4,5,6,1,,,2,,,,5,,1,3,6,4,,,,,,
R_2ohkOFmL31lFvb2,4,,,3,2,1,6,,,,,5,,,,,,,,1,4,,,,,2,,,,,6,,,5,3,,,,,,,,,,3,2,4,,,1,5,,,6
R_2q7DAiUBp0ZAu9h,4,2,,5,1,3,,,,,,6,,,,,,,,,,,,,1,2,3,4,6,,,,,,,5,,,4,,,,,,,,,,2,6,1,3,5,
R_2NmiAdAFAdnhOs9,,,4,,2,3,,,,,,1,,,,,5,6,,,,1,,,3,5,2,4,,,,6,,,,,1,2,,,,,,,,,6,,3,,5,4,,
R_2rDOdVhfeNlpRVl,,4,,,,2,,,,,,6,,,,3,5,1,4,,,3,1,,,,,,2,,6,5,,,,,,,4,,,,5,3,6,2,,,,,1,,,
R_2v7KaQv0KRp0XAY,,6,,,1,,5,,,4,,,3,,,,,2,6,,,,,5,,3,,,2,4,,,,1,,,,,2,4,,,,,5,,,,,6,1,,3,
R_2ScLuMsCIkx1hIu,,4,3,,2,,,6,,,,,,5,,,,1,2,,,1,,5,,,,,,,4,,3,6,,,,,,,,,2,,5,4,6,3,,,,,1,
R_2sTlZpk1GdDIxTH,5,2,,,,3,,,,,,6,,4,,,1,,,,2,1,,,6,3,,5,4,,,,,,,,,,,,4,,,,5,,,,2,,3,1,,6
R_88wTNph0EpVm7vP,6,,,,,,3,,,,,2,1,,4,5,,,,,3,,,4,,2,,,1,,,5,,,6,,,4,,2,5,,,,3,6,,,,,,,,1
R_8zoUxWUmixptX0i,,,,,2,1,,,,,6,,4,5,3,,,,,,,1,,,4,3,,6,,5,,,,,2,,2,3,5,,,,,,6,,,,,,,1,,4
R_2yqqJdkbOXGiBgR,,6,,,,,4,,,5,,,,,1,,3,2,1,,,5,,,,,,,3,,4,6,,2,,,,,2,,1,4,,5,3,,,6,,,,,,
R_24eFNicYs1E2Gzw,6,,,,,5,,,,,,,1,,2,,4,3,,1,3,2,4,,,,,,,,,6,,5,,,,,,,,,3,4,5,2,1,6,,,,,,
R_2nDbe2aN8LybJuN,,3,,4,1,,,,,,,6,5,,,,,2,4,,5,,,1,,3,,,,,,,6,,2,,,,,,,,5,,3,4,6,,,1,,2,,
R_8UGzcnImrhuIocF,,6,,4,2,5,,,,,,,,3,,,,1,,,5,,,,,6,2,,,1,3,,4,,,,2,,,,,,4,,,5,6,,,,,1,3,
R_2MWIe2aPGXoUnmf,,2,,3,4,1,,,,,5,,,,,,6,,1,,3,,,,,,,,,,4,,6,5,,2,,,,,,,2,1,4,3,,5,,6,,,,
R_2TMi97f4es0RV3w,4,3,,1,,2,6,,5,,,,,,,,,,,,,,1,,,4,,3,,2,,5,,,,6,,,5,,,,,,,,2,,4,,6,1,3,
R_2LaxLDz5PFEgpxf,6,3,2,1,,5,,,,,,,,,,,,4,,,,,,,2,,5,,,4,1,6,3,,,,,,,,2,,,1,,3,6,,,,,5,4,
R_21ml6CkcVkvkUfW,,,2,,6,4,,,,,,,5,3,,,,1,,,,5,,,,,,,6,4,,,2,3,1,,2,1,,,,,5,4,3,6,,,,,,,,
R_2aPFR4zdomwHAyJ,,,,1,3,2,6,,,4,,5,,,,,,,3,2,,,,,,5,1,,,,,4,,,,6,,,3,,,,,,,,1,,5,,6,4,2,
R_2eUKI2wIHWWQKHh,,,,5,1,,,,,,2,3,6,,,,,4,4,3,,,,2,,,,,,,,1,,6,5,,,,4,,,,5,1,3,6,,,,,2,,,
R_8qvNExxok00qwTB,,2,1,4,,3,6,,,,,5,,,,,,,,,,,,,,4,1,2,,,,6,5,,,3,1,,,,4,,,,,,6,,2,,,5,3,
R_8mKNOC3PPOOhlBs,5,6,,4,3,1,,,,,,2,,,,,,,,,,,,,,,,6,4,,3,,2,,1,5,,,5,,,,1,3,4,,,,,2,,6,,
R_2Rz2hYCnVyEcBaj,,,,5,6,3,,,4,,,1,,,,,,2,2,1,5,,,,4,,,3,,,,6,,,,,,,,,,,,2,,,6,,3,,4,5,1,
R_8zAOnqLNqU76SDF,,,1,,2,,,,,,,,5,,,4,3,6,,,,2,,,3,4,,6,,5,,,1,,,,6,2,,,,4,,,1,,5,,,3,,,,
R_2CI99awUWNJVLVZ,5,,,,,,3,,,6,,,4,,2,,,1,,,1,5,2,,,,3,,,4,,6,,,,,,4,,,,6,,3,,,5,,,,,1,2,
R_8JJYdvKZNzhJztp,5,3,,4,1,2,,,,,,,,,,,,6,,,,,,,,,,,,6,4,1,5,3,2,,,,6,,,,1,2,3,5,4,,,,,,,
R_23fxev8m15WPlCN,,,1,2,,3,4,,,,,5,,,,,,6,,5,,,2,,,,6,,,,4,3,,1,,,3,,,,,,,2,,4,6,,,,1,,5,
R_2tycalygAui7750,,,6,,4,,,,,,3,,,,,2,5,1,,5,,1,,,4,3,6,,,,,2,,,,,6,,,,,2,,,,5,,3,4,,1,,,
R_2nxx39kaBnOmGbT,4,,,,2,1,,,,,,,,,,5,6,3,,2,,,,,5,,,1,,3,,4,6,,,,,,2,3,,,,5,4,,6,,1,,,,,
R_2mWTjeyNJ7pvx9u,,5,1,4,2,,,,,,6,,,,,,,3,,,,,,6,5,,,,,,2,3,1,4,,,1,,,,,,,2,4,5,,3,,,,,6,
R_8DbAovJ5DSqkRcJ,5,2,3,1,,4,,6,,,,,,,,,,,,,,,,,,,,4,2,,5,3,,1,6,,,,,,3,,2,,5,,,6,,,1,,,4
R_82CZG9Ohj1SiWng,2,5,,3,4,1,,,,,,,6,,,,,,,,,,,,,,,,2,4,,,5,1,3,6,,,6,,,,3,1,2,4,,,,5,,,,
R_8vKYdTQcQEFwKKB,1,4,3,,2,6,,,,,,,,,,,,5,,,,1,,,5,,,3,2,6,,,4,,,,,,,,,,,5,6,,,,2,4,,1,3,
R_25I6nxvE1jLQLUl,,4,1,,,3,,,,,,,6,,,,5,2,3,,,1,4,,,,,,5,,,6,2,,,,,,,,,,5,3,6,4,,2,,,,1,,
R_8RPtEaySirvvkBP,5,4,6,,,1,,,3,,,,,,,,,2,,,,4,,,,,,,5,1,6,2,,,3,,,,,,6,,4,1,,3,,,,,5,2,,
R_2s4cV3TMfE0FxKM,,,,,6,,,,,,,,3,,4,2,5,1,6,,,2,,,1,,5,4,,3,,,,,,,,1,4,,,5,,3,,,6,,,2,,,,
R_2xW6a0elJKflqRb,5,4,1,,,,,,,,,,,,2,6,3,,,,,3,2,,,,,,4,,1,6,,,,5,,,,,,1,5,2,6,4,,3,,,,,,
R_2jMRUE5cHsJT3B7,2,4,,3,,,,,6,,,5,,,,1,,,,,5,,,4,6,,,,,,1,3,2,,,,,,,,2,,,1,,3,6,,,,,,5,4
R_2EKbkLlcA5xFOH7,6,5,3,2,4,1,,,,,,,,,,,,,,,,,,,4,,,,5,3,1,,2,,,6,,,,,,,,3,1,2,,,,5,,4,6,
R_8ImjCRjmmRHO91E,,,4,,2,1,,,,5,6,,,3,,,,,3,,,1,,,,,,,,,6,,,5,4,2,,2,,,,,5,1,6,,,4,,,3,,,
R_25ErXVzpVPciZRT,,,4,1,2,,,,6,,,,,,,5,3,,,,,,,4,6,,,1,3,5,,,,,,2,5,6,,,,,,4,,,,,2,3,1,,,
R_2PgjRIGyDzeLRRv,2,,1,6,,4,,,,,,,5,,3,,,,,5,,,1,,,,,,,,,4,,2,6,3,,,,,,,5,2,4,6,3,1,,,,,,
R_2OMLCvlF0Ni8Sc6,,2,,,3,,,,,,,,5,4,6,,1,,3,,,5,,6,,,,,1,,,,,4,,2,,,2,,,,4,1,3,5,,6,,,,,,
R_2fgbgcKeWy9YYuI,6,,1,,2,,,,,5,,,,,4,,3,,,,,2,,,3,,4,,1,,5,,,,,6,,1,,,,4,,5,,,,3,,6,,2,,
R_2nNIYpNPzVOzY0f,,,,,6,,,,,,,,3,,1,2,4,5,2,1,,4,,3,,,6,5,,,,,,,,,,,5,,,,2,3,,,4,1,,6,,,,
R_8NsP2gTPrVYQqVr,,,,5,4,2,,,6,,,3,,,,,,1,1,5,3,,,,,,,,2,,,4,,,6,,,,,,,,1,5,,3,,,4,,2,6,,
R_8i41mt8MZ2dNyU9,,,,,3,2,,,4,5,,1,,,6,,,,,6,,,,,,,,,,,1,4,,2,5,3,3,,1,2,,,5,4,,,6,,,,,,,
R_2xxG5RFYl1xtw8s,,6,4,2,,3,,1,,,,5,,,,,,,2,,,,1,,3,,5,4,6,,,,,,,,,,,,,,,,,,,,2,1,4,3,5,6
R_8UX22gbKiz0k6oF,,,,,,,,,,,,3,,2,6,5,4,1,,2,5,6,4,1,,,,,,,3,,,,,,1,,,,,,5,2,3,6,4,,,,,,,
R_2fJy9c0lq54cX7E,,,,4,6,2,,,3,,,5,,,,,,1,3,1,6,,,,4,,,5,2,,,,,,,,,,,,,,,1,,,,,3,5,4,6,2,
R_2hFQ4DEkkCyKXi0,,,,,,,,4,,,3,5,,1,2,,,6,,6,,5,3,,1,,,2,,,,,,4,,,5,,4,,,2,,,6,,,,1,,,,3,
R_8n2b6odzvjw5suL,,,,,,,,,,,5,,,3,4,2,6,1,1,5,,4,6,3,,,,,,,2,,,,,,,,2,,,,5,3,4,6,,1,,,,,,
R_2pumx72D9a0fo21,,4,3,6,,,,,,,5,2,,,,,,1,,,,,,5,,6,,,,,1,3,2,4,,,2,,,,3,,5,,4,6,,,,,,,1,
R_8cRLBBMInlGjkHj,1,2,3,,,6,,4,5,,,,,,,,,,,,,4,,,,,,,,1,2,3,,,6,5,,,,,4,,2,,,1,3,,,,5,6,,
R_2G8KYsayjiNWPSs,,6,2,,,,,3,,,5,4,,,,,,1,1,,,4,2,,,,6,3,,,,,5,,,,,,,,,5,2,,,,,,4,1,,3,6,
R_2a65XSPR9anA4E1,,,,4,3,,,,,,,,,,2,5,1,6,,,5,,,,6,,4,1,,,3,2,,,,,2,3,,,,5,,6,,,4,1,,,,,,
R_8j1BZSVGULS1c5f,3,5,,6,4,2,,,,,,,,,,,,1,,,1,,,,,3,,,,2,6,4,,5,,,,,,,,,3,,6,4,5,,,,1,,2,
R_2hAWZspaZQ0zCrj,4,,,,6,1,,,,,,3,,,,,5,2,,3,2,1,,,5,,,,4,,6,,,,,,,,,,,,,5,6,1,,,,3,2,4,,
R_2CfY0vFEngIIIHe,4,,,,,,,,,,,,2,,1,3,5,6,,,4,2,,5,,3,,,,6,,1,,,,,,1,,,2,,4,,6,3,5,,,,,,,
R_8znCdHAEBbW1mAz,6,,,,,3,,,,1,,5,4,2,,,,,,4,,5,,,,,2,,,,,,3,,6,1,,,5,,3,,6,4,,,1,,,,,2,,
R_2s2CchnY6O5D30J,,,6,,,,5,,,,,,2,3,4,,,1,6,4,,2,1,,,,,,,3,,,,5,,,,,,,,1,,4,2,3,6,,,,,,5,
R_8Fh4taBNLrqRfah,6,3,,1,,2,5,,4,,,,,,,,,,,,1,,3,,,,,2,,,,5,6,4,,,,,,,,,,1,,,6,2,3,,,,4,5
R_2Zevk3DmvLxyPIZ,4,,,2,,,,,,,1,,5,,,6,,3,,,,,3,,5,,,6,,,,1,4,,2,,,6,1,,,5,,3,2,,,4,,,,,,
R_8Dx0T6RckL9zxAh,6,2,,,1,5,,,3,,4,,,,,,,,,,6,2,,,,,,3,,4,,,,,1,5,,,,,,,5,4,,,,,6,2,3,1,,
R_8hA15XLiIdPHkWM,3,,,4,2,1,,,,,,5,,,,,6,,,4,6,,,,5,3,2,,,,,,,,,1,,,,,,,,,,2,5,,1,6,4,3,,
R_21JuStUXGa3xou5,4,3,,5,2,,,,6,,,1,,,,,,,,,1,,,,2,,,5,4,,6,3,,,,,,,,,,4,,5,,,,,,,1,2,3,6
R_8lnHbz45JyDzjPB,,,,3,,5,,2,,,,,6,1,4,,,,,,,,,,,,6,1,5,,,,,2,3,4,6,5,3,,1,,2,,,,,4,,,,,,
R_8h9MBx7FeMsbITo,,,,,,4,,,,,2,3,,,1,,5,6,3,1,6,2,,,,,,,,,4,5,,,,,,,,,6,,2,4,5,1,,,,,,3,,
R_2CDu24Kvw5OhF62,4,,,6,1,,,,,,,3,,,,,5,2,,2,1,,,4,3,,,5,,,6,,,,,,,,,,,,,3,4,,6,,,2,1,5,,
R_802zKN9CCEOFYQC,,,3,4,,6,5,,2,,,,,1,,,,,,,,,3,,,5,,4,,1,,,,6,,2,5,2,,,,,,,,,6,,3,,1,,4,
R_2mh4PqbAM1IBDXZ,3,5,,6,2,4,,,,,,,,,,,,1,,,1,,,,,3,,,,,4,5,2,6,,,,,,,,,3,,5,4,6,2,,,,,1,
R_2iX8P6csUAyu8WW,,,,,5,,,,,,2,,,,6,4,3,1,,,,4,,,5,3,6,,,1,,2,,,,,5,4,6,,,3,,,,2,,,1,,,,,
R_2CezZjUMDr75O5C,,4,2,1,,,,,3,,,,,,6,,,5,,,,,,5,,6,,1,,2,,3,,,4,,1,,,,2,,6,,,,3,,4,,,5,,
R_2ptevTiTLoJ5Fk5,,4,,,6,,,,1,,5,3,,2,,,,,,,1,6,,4,3,5,,2,,,,,,,,,4,,,,,,,,,,,,3,,2,1,6,5
R_8OOBarsJuHhoH7I,1,4,,2,5,6,,,,,,,3,,,,,,,,,,,,,5,,,2,,,,6,3,4,1,,,2,,,,3,,6,5,,4,,1,,,,
R_2wp9fS8j02LFrKp,5,,,1,4,6,,,,3,,,,,,2,,,,,,,,,2,,,,6,3,,5,,,1,4,,6,4,,,,,5,1,,,,3,,2,,,
R_8hlnkIsSBdnktaW,6,,,1,4,,,2,,,,,,,,5,,3,,1,,,,2,,,6,,4,3,5,,,,,,,,1,,,,4,,,5,,,,6,2,,3,
R_8dzpFvbiFxJQkw9,6,1,,2,4,3,,,,,,,5,,,,,,,,,,,,4,,,,,5,,6,3,2,,1,,,2,,,,,3,1,6,5,,,,,,4,
R_2CkfyY1ZmzABrnL,,,6,,,,,,,,,,2,,3,4,5,1,,4,,2,3,6,,,,,1,,,5,,,,,6,,,,,,4,5,3,1,,2,,,,,,
R_8QEzhgzcUIH2XRj,,3,,2,1,,,6,,,,5,,,,,,4,,,,,,1,,,,,,,3,4,5,6,2,,1,,6,,,,3,,5,2,4,,,,,,,
R_2mmYZnbT7TGaeZe,4,,,,5,3,,,,,,1,,,6,,,2,,2,,3,,,6,,,5,,,1,,,4,,,,,4,,,,,6,5,,2,,,1,,,3,
R_2RpRTzMD2j5BpQ0,,1,,2,,3,,,,,6,,,4,,5,,,2,,,,3,,6,5,,,,,,,,,4,1,,,4,,,,,,6,3,,5,2,,1,,,
R_8gZ75tle9rpgjnU,3,6,,,,1,2,,5,,,4,,,,,,,,,,3,,,,,,,4,,6,,,2,5,1,,,1,,2,,,3,,4,,,,6,5,,,
R_83R2yJ15zkUDOIp,4,5,,,,1,,6,,,,2,,,,,,3,,,,1,2,,3,,5,,,,,,,4,6,,,,5,,,,,,,4,6,,2,1,3,,,
R_8tJhslf6vIDIdt7,,,,5,6,,,,,,1,,,,,4,2,3,5,1,,,,,4,,,,,,2,6,3,,,,,,3,,,6,,1,4,2,,5,,,,,,
R_2ilQlD95gd2qH94,,2,,5,,1,,,,,3,,4,,,,,6,2,,,,1,,,,,6,,,,3,5,,4,,,,6,,,,5,3,1,,,4,,,,2,,
R_2OTsHwkM5hhbkD9,5,4,,1,6,,3,,,,,,,,2,,,,,,6,,,,,,,,,,1,4,,3,5,2,,,,,,1,,2,5,3,6,4,,,,,,
R_8PCn3gGxF1xkW2u,,,,2,6,3,,,,,,4,,,,,5,1,,1,3,,,,5,,,,,,6,4,,2,,,1,,,,,,,4,5,3,6,,,,2,,,
R_2n6R9Vvgrpxrje9,,,,2,5,,,,,,4,,,,,3,6,1,,4,5,,,6,,,,,,,2,1,3,,,,3,,,,,,1,4,5,6,,2,,,,,,
R_2d0M8UsE68nEBhM,4,,,3,6,,,,,,2,,1,,,,,5,,4,,,,3,1,,,,,5,,2,6,,,,,,6,,,,,1,4,2,,,,,,3,5,
R_8wfV1Mp4O86bmE1,,,,,5,,,,2,,,,4,,3,,1,6,5,6,,2,,,,3,,,,,,4,,1,,,,,6,,,5,2,,,3,4,1,,,,,,
R_8Jyp0EZjVlUAyTw,1,,,6,,3,5,,,,,4,,2,,,,,,3,,,4,,,1,6,2,,,,,,5,,,,,6,,,,,,,,4,,1,,2,,5,3
R_8mO7niA7iUkwd8J,,,,5,1,3,,,,,,2,,,,,6,4,,,,,,,2,6,,5,,,1,3,4,,,,5,3,4,,,,,,2,,6,,,,,1,,
R_8S0QWjlUVekpOEx,,,,,2,,4,,6,5,,3,,,,,,1,,6,1,3,,4,,2,,,,,,5,,,,,3,,,,,,,,,,1,,2,,4,5,6,
R_8KVm2yZSRConhF0,,,,,,,1,,,4,6,2,,3,,,5,,,,1,4,3,,,,2,,,,,,6,5,,,3,4,,,,2,,5,,,,,1,,,,,6
R_2nIMWSIG9eDEyC5,,,,2,1,4,,,,6,,5,,,,,,3,4,5,1,,,,3,,2,,,,6,,,,,,,,,,,,,2,,,4,,,3,1,5,6,
R_2R1RCjTNA7wuO4q,,,4,5,,,,,,,6,,1,,2,,3,,5,4,,,,1,2,,,,,3,,6,,,,,,,,,3,,,4,6,5,,,,,,2,,1
R_2rPVKVr8Dw4ZKfg,3,5,,4,2,,,,,,,,,,,,6,1,,,,,,2,,,,3,6,5,1,4,,,,,,,6,,,,3,1,2,,,,,,5,4,,
R_8G0Tsh1p016NjhX,2,1,5,6,3,,,,,,,,,,,,,4,,,,,,4,,,6,5,,,2,,1,,3,,,,,,,,2,3,,,6,1,,4,,5,,
R_8YQzvQXNZwhUS05,,,,3,1,,4,2,,,,,,,5,,,6,,3,1,,,2,,,,,5,,4,,,6,,,5,,,,,,,,6,1,,2,,3,,,4,
R_2f9Hn2Jkh8MHqA6,,3,,4,,,6,,,,,,5,,,1,,2,,,,,6,2,,,5,,,3,,,4,,1,,2,,6,,,,,4,,5,3,,,1,,,,
R_2lmlEFkW8tzvb7Z,,,,,,3,5,2,,4,,,,,6,1,,,2,3,4,,,,,,6,,5,1,,,,,,,,,,6,4,,,,,,,,1,3,,,5,2
R_8ULcZD3pV66Hx8l,6,,3,,4,,,,,2,,1,,,,5,,,,4,,5,,,,6,3,,,,,1,,,,2,,,,,,5,1,,,,6,,2,,3,,4,
R_2CoYpkt04YPwpmP,,4,5,2,3,6,,,,,,,,,,,,1,5,,,,,,,6,,,,,3,2,1,4,,,,,,,,,4,,5,2,3,1,,,,,6,
R_8F0CHIawNv2zQOZ,5,,,,3,4,,,,,1,,,,,6,,2,,2,,1,,,,5,,,,4,,3,,,6,,,,6,,,,3,,5,4,,,1,,2,,,
R_8nbG1sjMWCIOt0J,6,,,,3,1,,,,,,,5,,,,4,2,,2,5,1,,,,,,,3,,,,4,6,,,,,,,,,3,6,4,5,,2,,1,,,,
R_2UYG8SkSuvziBdJ,,,,6,3,,,4,1,5,,,,,2,,,,,2,,,,3,,,,,,5,,6,,,1,4,5,,2,,,,1,,,,3,,4,,,6,,
R_2H66pnZ1IGNtlTh,,,,6,,,,,,,1,,2,,,3,4,5,,,,,1,,,4,,2,,6,,5,3,,,,5,2,1,,,6,4,,3,,,,,,,,,
R_8TT69nEdf9sMfWk,,6,5,4,3,2,,,,,,,,,,,,1,1,,,,,,,,,,2,,3,,4,5,6,,,,,,,,4,2,6,3,,5,,1,,,,
R_8hhzwWfr8AZZvlF,1,3,,,2,5,,6,,,,4,,,,,,,,,5,1,,,,,,,,,4,,,6,3,2,,,,,,,6,,4,5,2,,,3,1,,,
R_2jiA1LDVkyILgg3,,,4,5,3,,,,,,6,,,,,,2,1,6,,,,,,5,,,2,,,1,3,,4,,,,1,,,,3,,4,6,,,5,,,2,,,
R_8KvB5Pliishiq71,,,2,6,,3,4,,,,,5,,,,,,1,4,1,,,2,,,6,5,3,,,,,,,,,,,,,,,,,,,6,,3,1,5,2,4,
R_8gpBENHx3jMvYIr,5,3,,,,,4,,,2,1,6,,,,,,,,,,5,1,,,,4,,,,2,3,6,,,,,,5,,,1,,2,,,,,,,,3,6,4
R_8TsD1b3HKUltuwZ,,,,,,,,,,,,,3,4,6,2,1,5,3,2,4,5,,,,,,6,1,,,,,,,,,,,,5,3,4,1,6,,,2,,,,,,
R_8EQ1pBcF1IYmgFj,,,,,3,6,,,,,,,,5,4,2,,1,6,,,4,,,,,,,5,2,1,,,,3,,,4,6,,,,2,5,3,1,,,,,,,,
R_2gRRnW1hGkse4PT,6,,,,5,,,,3,,,,,,4,,1,2,,3,,5,,6,,,,,,,4,2,,1,,,,,3,,,,5,6,,1,4,2,,,,,,
R_8FtFCw0B6Jl90Vi,4,6,,3,,2,,,5,,,,,,,,,1,,,,,1,,,,,,,,3,6,2,5,4,,,,3,,,,5,4,,6,2,1,,,,,,
R_8U5D0OY85eNnxTu,1,,2,4,5,3,,,,,,,,6,,,,,,2,,,,,4,,,6,5,1,,,3,,,,,,,,,,,3,4,,,,1,,,2,5,6
R_2Ja38Rv64aHOZCU,,,,1,,2,3,,,,6,,5,,,4,,,2,1,,,3,,,,,4,,6,,5,,,,,,,4,,,,,6,5,,,,,,2,,3,1
R_2Msj0d89ScmJ8sN,,,,,,2,,,,,,,5,3,4,6,,1,6,2,,,,,,3,,,5,4,,,,,1,,,,5,4,2,,1,,3,6,,,,,,,,
R_2gYHdL0fxap8pm9,,,,,,,,,,,,,6,5,3,4,2,1,2,,6,5,1,4,,3,,,,,,,,,,,,1,,,,,3,,5,2,6,4,,,,,,
R_2PYHzOzqWrhkZTf,2,1,6,,4,,,,,,,,,,,5,,3,,,,1,,,,,,,,3,4,5,6,,2,,,,,,,1,4,6,3,5,2,,,,,,,
R_2CJJ6e2JvybrnpD,,,,,,,,5,,,,,1,6,3,2,4,,,3,5,2,,4,,,,,6,,,,,,,1,2,,,,1,,5,,4,6,,3,,,,,,
R_25uLPhUhlzhp68c,,2,6,,,1,,5,,3,,,,,,,,4,2,,,4,3,,1,,,,6,,,5,,,,,,,,,,,,,1,,,2,4,,3,5,6,
R_8soUlNhKdSRRU6l,4,3,,2,1,5,,,,,,6,,,,,,,,,,,,,5,,,,,,3,1,,6,2,4,,,3,,,,,4,5,2,6,,,,1,,,
R_2MLDfDWt7sMnnVe,4,6,2,1,5,,,,,,,,,,,,,3,,,,,,1,3,,4,,,,,5,6,,2,,,,,,,,,3,,1,4,2,6,,,5,,
R_8nGRAO91rFARWJb,5,,6,,2,3,4,,,,,1,,,,,,,,4,,1,,,,,,3,,,2,,,5,,6,,,,,,,,2,6,,3,,,4,5,,1,
R_8Sp1Bhp2ESkWTOI,,,,5,2,4,,,,,,,,,6,,1,3,,1,5,,,,,4,,,3,,,2,,6,,,2,,,,,,6,,4,5,,3,1,,,,,
R_8fAGnk3x5GVJa2l,6,,2,,,4,,3,,,,1,,,,,,5,,1,,2,,,5,,,4,,,6,,,,3,,,,,,4,,,,6,,5,,,1,3,2,,
R_2DS6vFquRmGlRo3,6,,,4,3,2,,,,,,,,,,,5,1,,6,,,,,,,,,5,2,1,,3,4,,,,,1,,,,3,5,4,6,,,,2,,,,
R_855Dw3foIPp5edH,3,,,,1,2,,,,,,,5,,4,,,6,,6,2,4,,,,,,,5,1,,,,3,,,,,,,,,3,6,5,2,,,,4,,,1,
R_8gEtzF7sD8sAGPL,4,,,,1,5,,,,,,6,,,,,2,3,,5,4,,,,,3,,1,6,,2,,,,,,,,,1,,,6,,2,,,,,4,3,5,,
R_2TE0Ao2B6y8Cnh7,,4,,1,,,2,5,,3,6,,,,,,,,3,,6,,,5,,,1,,,2,,4,,,,,,,,,5,,,,,,,,3,,2,4,1,6
R_2sjONshRZ6pbWcM,,,,2,3,1,,6,4,5,,,,,,,,,5,4,2,,,,3,,,,6,1,,,,,,,,,,,,,,,,,,,5,1,4,3,2,6
R_8Cr1tvRNR4VIMoL,,,,3,1,5,,,,,,4,,6,,,,2,,,,,,,,,,2,5,,4,,6,1,3,,3,2,6,,,,1,4,5,,,,,,,,,
R_8f3qTxJB2ZByNvE,6,3,1,,,,2,,,4,,,,5,,,,,,,,2,6,,,1,3,,5,4,,,,,,,,,,,,5,,,,,,,2,,4,3,1,6
R_2dm0MjHa3nvWwcF,4,,,,2,1,,,5,,,3,6,,,,,,,3,4,,,,2,,,1,,,,,,6,,5,,,,1,,,,2,,,6,,,4,3,,5,
R_2HXvnQqkHIovkyZ,4,,5,,2,3,,,,,,1,,,,,,6,,6,,,,,4,5,3,2,,,,1,,,,,,,,1,,,,,,,6,,4,,5,2,3,
R_8PjKdQDr9K0QGPE,2,6,,,,,1,,,5,,3,,4,,,,,,,6,2,,3,,5,1,,,,,,,,,4,,,,,1,,,,,,2,,5,,6,4,3,
R_225Bqg5U0glvtpA,,,,3,1,,,4,,,,,,,6,,5,2,,,,,,3,2,,5,,4,1,,,,6,,,6,3,5,,,,,,,4,,,2,1,,,,
R_2rqkBwWRxe0gv61,,,,4,,2,,5,,,,3,,6,,,,1,,2,6,,3,,,,4,,,,1,,5,,,,5,,,,,,4,,,2,6,,,,,1,3,
R_8hFKbWSJqAwLlw3,,,,3,2,,,,,,,1,5,,4,,,6,,,2,,,4,5,,6,,,,,1,,3,,,3,6,,,,,,4,,2,5,,,,,,1,
R_8ensGiYwiE1xJrD,,6,,5,,1,,3,,,,4,,,,,,2,,,2,,,,4,,5,6,3,,,1,,,,,2,,,,4,,,,,,,,6,,3,5,1,
R_8I3vfUGNIliC8Ur,5,4,,,6,1,,,,,,2,,,3,,,,,,,1,,,3,4,,6,,,,2,,5,,,,,3,,,,,,2,,5,,1,,,,6,4
R_8K3whmT75K1gAM4,2,5,,4,1,3,,,,,,6,,,,,,,,,,,,,5,,,,,,3,4,2,,6,1,,,2,,,,,5,4,3,6,,,,,1,,
R_8QSS5A9EQo4mUf4,4,3,,1,,2,,,,,,,,,,6,,5,,,6,,,,5,,,,,,4,2,3,,1,,,,,,1,,,4,3,2,6,5,,,,,,
R_2BmqxJ5dZPrZvRF,,,,1,3,,,,,,,,,5,,2,6,4,,3,,,,4,5,6,,,,,1,,2,,,,5,,6,,,,,,2,1,3,4,,,,,,
R_2fhnQYrdhCe3vON,,,,2,,1,6,,,5,,3,,,,,,4,4,3,1,,2,,,6,5,,,,,,,,,,,,,,,,,,,,1,,5,3,6,2,4,
R_8D2b6JiooxDTH9o,,5,,,,2,,,,6,4,3,,,,,,1,4,,6,3,,,1,2,,,,,,,5,,,,,,,,6,,,,1,,,,2,4,,3,5,
R_8G9rpbMROaevAFX,,6,1,,5,,2,,,,,,,4,,,,3,6,,,1,,4,,,5,,,2,,,,,3,,,,,,,,,4,,5,6,,3,,2,1,,
R_2dUDnJ5huLTqBKp,2,4,,5,1,3,,,,,6,,,,,,,,,,,,,,,,,,,2,6,5,3,4,1,,,,5,,,,3,6,4,2,,,,,,,,1
R_8eqcwBu5QYDVRVD,,,,,,,,,,,,,2,5,4,1,3,6,,3,5,4,2,6,,,,,1,,,,,,,,3,,,,,,1,2,6,5,,4,,,,,,
R_8LSYPjbu4YIV9qd,,,,5,,,,,,,6,,2,,,1,3,4,2,,,,4,,3,,1,,,5,,,6,,,,,3,5,,,1,,6,,4,,,,2,,,,
R_8P78tzBGxaTIzVo,,,,,5,1,,,,,6,2,,,,,4,3,,5,6,4,,,,,,,,,1,2,3,,,,6,,,,,,2,4,3,5,,,,,,1,,
R_22QRdl6trsMCC27,,2,,,5,3,,,6,4,,,1,,,,,,,,4,,,,2,,,,,3,,6,,5,1,,2,,,4,,,,6,,,1,,,,3,,,5
R_2P5dObQ7IWFCNGr,6,,,,,,,,,,1,,2,,,3,4,5,,,,,,,3,2,5,6,,,,4,1,,,,,2,5,1,6,3,,,,,,4,,,,,,
R_8g2AGyCoeNl4zg2,,,,,3,,,2,,,4,,,5,,,1,6,6,4,,2,,,3,,5,,,,1,,,,,,,,4,,,1,,,,5,,6,,,2,3,,
R_871kk6Ch2JlVZWd,,,5,1,2,,,4,,6,,3,,,,,,,4,1,,,,2,3,,,,,,,5,,6,,,,,,,,,,,1,,6,,3,,5,,4,2
