ResponseId,Q8_1Fa_1,Q8_2Kn_1,Q9_1Ge,Q9_2Age,Q9_3Em,Q9_5Ch,Q9_6Ed,Q9_7In,Q9_8He,Q9_9Po,region
R_1ZPRg2PMAOOIyKJ,3,3,Female,1996,Working full-time,2,Bachelor’s degree,"$100,000 - $124,999 per year",Good,83427,West
R_3ihf4Oy2iYGaNyh,2,1,Female,1956,Retired,0,Vocational or similar,"$100,000 - $124,999 per year",Moderate ,14526,Northeast
R_5lAowRnjEr2b6aB,4,4,Female,1988,Working full-time,0,Bachelor’s degree,"$45,000 - $74,999 per year",Good,78227,South
R_1FnW7m0SVE43Lsy,3,3,Female,2003,Working part-time,0,Bachelor’s degree,"$45,000 - $74,999 per year",Very good,33156,South
R_7PgRmwk2MYZlPhp,2,2,Male,1982,Working full-time,0,Bachelor’s degree,"$75,000 - $99,999 per year",Very good,60606,Midwest
R_5403Hpcbe4LmTP8,4,5,Female,1996,Working full-time,1,Bachelor’s degree,"$45,000 - $74,999 per year",Moderate ,92374,West
R_3MscXXvzY7dYlJY,3,2,Male,1998,Working part-time,0,Secondary school,"$25,000 - $49,999 per year",Good,11208,Northeast
R_5uDmlmfnyFw5s4V,6,6,Male,1999,Working full-time,1,Bachelor’s degree,"$125,000 - $190,000 per year",Very good,,
R_3k0x1CM0xSNGn5r,5,5,Female,1990,Working full-time,2,Bachelor’s degree,"$125,000 - $190,000 per year",Very good,11206,Northeast
R_5BwiNZSAqLgJNaF,3,3,Male,1992,Working full-time,0,Bachelor’s degree,"$75,000 - $99,999 per year",Very good,10925,Northeast
R_3dJuBS7E3lqLU1H,3,2,Male,1948,Retired,0,Master's degree,"$45,000 - $74,999 per year",Good,32966,South
R_3f2FisYXpSoCf8l,1,1,Male,1998,Working full-time,0,Bachelor’s degree,"$25,000 - $49,999 per year",Moderate ,11229,Northeast
R_1YgKRqE0NgIlsdV,3,2,Female,1976,Working full-time,2,Vocational or similar,"$45,000 - $74,999 per year",Very good,87109,West
R_3uwEbYwlWlM1KUI,1,5,Male,1954,Retired,0,Vocational or similar,"$25,000 - $49,999 per year",Good,60612,Midwest
R_10Pv5vFxnhhta8q,4,4,Male,1996,Working full-time,2,Bachelor’s degree,"$75,000 - $99,999 per year",Good,0186,
R_7ckdqWxZ4wtJsOT,1,1,Female,1978,A homemaker or stay-at-home parent,2,Vocational or similar,"$25,000 - $49,999 per year",Bad,44509,Midwest
R_8105I0CRFoD9lxL,7,5,Female,1999,Working part-time,0,Bachelor’s degree,"Less than $25,000 per year",Very good,46231,Midwest
R_7K1fDTpiahJSpip,1,1,Female,1964,Working full-time,0,Secondary school,"$25,000 - $49,999 per year",Good,40517,South
R_1uBw4qCNTxpu4bo,1,1,Male,1988,Working full-time,0,Master's degree,"$125,000 - $190,000 per year",Good,91745,West
R_5dWl4F6g0LWrSxm,5,5,Female,1991,Working full-time,2,Ph.D.,"$100,000 - $124,999 per year",Very good,02919,Northeast
R_7d9LJMElavXEoKb,1,1,Female,1951,Working part-time,0,Bachelor’s degree,"$45,000 - $74,999 per year",Moderate ,,
R_5JCNTQnM3Kg4P5Z,3,3,Male,1992,Working full-time,2,Bachelor’s degree,"$75,000 - $99,999 per year",Good,02864,Northeast
R_6eK6dYn3e4iFlGt,3,2,Female,1996,Working part-time,2,Master's degree,"Less than $25,000 per year",Bad,60630,Midwest
R_6PAMCi10s3wxg3x,5,4,Male,1995,Working full-time,2,Ph.D.,"$125,000 - $190,000 per year",Good,,
R_6WCzn9UNtn9yc01,4,4,Female,1969,Working full-time,1,Bachelor’s degree,"$45,000 - $74,999 per year",Very good,75040,South
R_7hLOoZMHppgxOG5,5,5,Female,1974,Other,1,Master's degree,"$125,000 - $190,000 per year",Very good,23456,South
R_6XKZRTQbM8WbKkV,1,1,Male,1982,Working full-time,0,Bachelor’s degree,"$45,000 - $74,999 per year",Very good,92883,West
R_7Uk5SuXewZgaJjP,2,2,Female,2002,Student,0,Bachelor’s degree,"$75,000 - $99,999 per year",Good,02145,Northeast
R_5Qll8wPXn36mflA,1,1,Male,1995,Working full-time,0,Secondary school,"$25,000 - $49,999 per year",Very good,01906,Northeast
R_5QLvxE5PsThM1rm,3,2,Male,1979,Working full-time,2,Bachelor’s degree,"$45,000 - $74,999 per year",Very good,08902,Northeast
R_5WCNc08vhk2WHsz,4,4,Female,2000,Student,0,Bachelor’s degree,"Less than $25,000 per year",Very good,,
R_1JO91wNjBxl18at,5,2,Female,1961,Other,0,Vocational or similar,"$25,000 - $49,999 per year",Very good,33442,South
R_51LYGlDVFwmBPew,2,2,Female,1991,Working full-time,2,Bachelor’s degree,"More than $190,000 per year",Very good,46077,Midwest
R_1P6gmAh1yGrVRyJ,4,3,Male,1993,Working full-time,0,Master's degree,"$45,000 - $74,999 per year",Good,32210,South
R_1hmwSmfBJD2uUrn,1,1,Female,1985,Working full-time,2,Secondary school,"$25,000 - $49,999 per year",Very good,74106,South
R_1Pt45gVgllJ0D3e,2,3,Female,1980,Working part-time,1,Secondary school,"$45,000 - $74,999 per year",Moderate ,47164,Midwest
R_6cnDu71dCJSak7v,4,4,Male,1998,Working part-time,0,Bachelor’s degree,"More than $190,000 per year",Very good,92101,West
R_69ebw9FqFLmxJFT,4,5,Male,1990,Working part-time,2,Bachelor’s degree,"$45,000 - $74,999 per year",Moderate ,19709,South
R_7ATbht1WmRFsrvj,5,5,Female,1975,Working full-time,1,Master's degree,"$100,000 - $124,999 per year",Very good,92570,West
R_7GdgPb3y18NKfwh,2,1,Female,1985,Working part-time,2,Vocational or similar,"$45,000 - $74,999 per year",Moderate ,93312,West
R_3GZC4xTbw1EjYR0,2,1,Male,2003,Working full-time,0,Bachelor’s degree,"$75,000 - $99,999 per year",Very good,,
R_7qUicmuVxoNqvVn,2,3,Male,1999,Working full-time,0,Bachelor’s degree,"$45,000 - $74,999 per year",Moderate ,98121,West
R_1wc3M8jyIL1PL3G,1,1,Male,1950,Retired,0,Master's degree,"$45,000 - $74,999 per year",Good,32082,South
R_3GyP56qlsumDlyp,1,1,Male,1998,Working part-time,0,Bachelor’s degree,"Less than $25,000 per year",Good,78701,South
R_5YldLlRaiI9dTSM,2,2,Male,2000,Working part-time,1,Bachelor’s degree,"$125,000 - $190,000 per year",Good,90028,West
R_6R4SCKxcHB0F5Aw,1,2,Female,1993,Working full-time,2,Bachelor’s degree,"$125,000 - $190,000 per year",Good,95303,West
R_3SpqmYTEA4FFAtP,7,6,Female,1979,Unemployed and looking for work,0,Secondary school,"$25,000 - $49,999 per year",Good,36075,South
R_7HqMCsGCntSHp26,2,2,Male,1945,Working part-time,0,Bachelor’s degree,"$125,000 - $190,000 per year",Moderate ,33406,South
R_5MhsycgAkiAAOZz,1,1,Male,1957,Retired,0,Vocational or similar,"$75,000 - $99,999 per year",Good,75060,South
R_3vhTnduq0Nl9LyC,4,2,Male,1956,Retired,0,Secondary school,"$75,000 - $99,999 per year",Good,34609,South
R_3fxyZDGNPRny34Y,5,5,Female,1999,Working full-time,0,Bachelor’s degree,"$45,000 - $74,999 per year",Good,75034,South
R_14IQh7WrnXXlC7T,4,3,Female,1998,Working full-time,0,Master's degree,"$100,000 - $124,999 per year",Very good,95131,West
R_3QJWfNq3mlCgxMu,6,5,Female,2000,Unemployed and looking for work,0,Bachelor’s degree,"$45,000 - $74,999 per year",Very good,75270,South
R_6yqrAaK7UCdhZ5u,3,2,Male,1947,Working part-time,0,Ph.D.,"$75,000 - $99,999 per year",Moderate ,32577,South
R_3aFS6j3n7Sywjk8,5,5,Male,1992,Working full-time,2,Bachelor’s degree,"$45,000 - $74,999 per year",Very good,,
R_3WSBCu4aTQChYvx,1,1,Female,1974,Working full-time,0,Secondary school,"$25,000 - $49,999 per year",Very good,.30310,South
R_8q833o80U6w1ehB,4,3,Female,2002,Student,1,Bachelor’s degree,"$45,000 - $74,999 per year",Good,73072,South
R_7d79kydTzc59Ci8,2,1,Female,1975,Working part-time,0,Vocational or similar,"Less than $25,000 per year",Moderate ,44240,Midwest
R_60JhznVJQyLZ4TX,4,4,Male,1977,Working full-time,0,Bachelor’s degree,"More than $190,000 per year",Very good,46321,Midwest
R_7LxDRRvLzdKp2fL,3,2,Male,1959,Working part-time,0,Master's degree,"$75,000 - $99,999 per year",Very good,53189,Midwest
R_6DSToD0Se8irUlm,4,2,Female,1983,Working full-time,1,Primary school,"$45,000 - $74,999 per year",Very good,,
R_1xSl7tKJWoTGlcR,5,5,Male,1963,Working full-time,0,Vocational or similar,"Less than $25,000 per year",Very good,55405,Midwest
R_6V3JrWCblRnkBrh,3,3,Female,1987,Working full-time,2,Bachelor’s degree,"$100,000 - $124,999 per year",Good,32225,South
R_7eqvkjmFy3B9tNR,5,4,Male,1983,Working full-time,2,Bachelor’s degree,"$25,000 - $49,999 per year",Good,93453,West
R_3AjlkYeLUgzdSmt,2,2,Female,1961,Working full-time,0,Bachelor’s degree,"$45,000 - $74,999 per year",Good,32751,South
R_3pVIc8nt9jUASoF,3,2,Female,1989,Working part-time,1,Bachelor’s degree,"Less than $25,000 per year",Good,21703,South
R_3PUgLnx8yXzM6YH,5,5,Male,1982,Working full-time,0,Bachelor’s degree,"$75,000 - $99,999 per year",Good,94025,West
R_1iEWhdTQcGSDiFh,5,5,Male,1987,Working full-time,0,Secondary school,"$45,000 - $74,999 per year",Good,53704,Midwest
R_7pOegfUXPR49pHH,5,4,Male,1991,Working full-time,2,Bachelor’s degree,"$75,000 - $99,999 per year",Very good,18252,Northeast
R_1bIRujGHunXIsGz,2,3,Female,1991,Working full-time,2,Secondary school,"$25,000 - $49,999 per year",Moderate ,63390,Midwest
R_6RsHyhlRBxrThX9,3,2,Female,1953,Retired,0,Bachelor’s degree,"$45,000 - $74,999 per year",Very good,38117,South
R_7GxMSgO8dnwXYlK,4,5,Female,2003,Working part-time,0,Secondary school,"$25,000 - $49,999 per year",Bad,40210,South
R_23dMHGvc1b2TH6q,5,5,Male,1994,Working part-time,0,Master's degree,"$125,000 - $190,000 per year",Very good,10118,Northeast
R_665tYUkNUAL4mb2,3,3,Male,1992,Working full-time,0,Bachelor’s degree,"$45,000 - $74,999 per year",Good,32901,South
R_6NmHkkVEuceqIAa,1,1,Female,1944,Retired,0,Bachelor’s degree,"$25,000 - $49,999 per year",Good,37938,South
R_6CrHF48mYQgVN65,4,3,Female,1990,Working full-time,3,Bachelor’s degree,"$125,000 - $190,000 per year",Good,20147,South
R_7xPicICq91ZKDzC,1,1,Female,1953,A homemaker or stay-at-home parent,0,Secondary school,"$25,000 - $49,999 per year",Very good,15613,Northeast
R_5eyHrBpsIRhSlga,2,2,Female,1957,Retired,0,Vocational or similar,"$45,000 - $74,999 per year",Good,75946,South
R_7HozcZHcGrS2VFn,2,1,Female,1961,Working full-time,0,Bachelor’s degree,Prefer not to say,Very good,,
R_5f3wzd9ZJ7plgzf,2,1,Male,2000,Working full-time,0,Bachelor’s degree,"$45,000 - $74,999 per year",Good,85281,West
R_1p9cGQFJycc3KW1,1,1,Male,1957,Working full-time,0,Bachelor’s degree,"More than $190,000 per year",Very good,68114,Midwest
R_59jB06sCGEMs7EB,1,4,Male,1990,Unemployed and looking for work,0,Primary school,"Less than $25,000 per year",Good,89110,West
R_5v7wSSqI0zUc264,3,3,Female,1995,Working full-time,1,Bachelor’s degree,"$125,000 - $190,000 per year",Very good,77072,South
R_53YmNdo0adKoIVj,1,1,Male,1992,Working full-time,0,Bachelor’s degree,"$75,000 - $99,999 per year",Very good,30309,South
R_1D7AB4jyJjyAFRn,3,2,Female,1988,A homemaker or stay-at-home parent,1,Bachelor’s degree,"$75,000 - $99,999 per year",Moderate ,30016,South
R_7jePo6gvKFJSvZv,5,5,Male,2000,Working full-time,1,Bachelor’s degree,"$75,000 - $99,999 per year",Very good,10018,Northeast
R_5R2hCvrsksQAfR1,4,4,Male,1992,Working full-time,2,Bachelor’s degree,"$75,000 - $99,999 per year",Very good,30318,South
R_1LO30jSOHi3M7Tl,4,5,Male,2000,Working full-time,0,Bachelor’s degree,"$125,000 - $190,000 per year",Very good,55421,Midwest
R_50Zq0hK1Usem0a7,5,4,Female,2000,Working full-time,0,Bachelor’s degree,"$125,000 - $190,000 per year",Very good,,
R_1q11hWDERTtcdmV,3,2,Female,1952,Retired,0,Master's degree,"$125,000 - $190,000 per year",Very good,19968,South
R_1ROL4m2WMlgKHH8,4,2,Female,1970,Working full-time,1,Ph.D.,"More than $190,000 per year",Very good,,
R_3rHeTYB6QqvJLNj,4,4,Male,1993,Working full-time,2,Bachelor’s degree,"$75,000 - $99,999 per year",Very good,60647,Midwest
R_6lk6seLp5iZj5rX,3,3,Male,1983,Working full-time,0,Bachelor’s degree,"$45,000 - $74,999 per year",Good,77060,South
R_1BbL1kAatenkvuM,4,3,Male,1995,Working full-time,2,Ph.D.,"$125,000 - $190,000 per year",Very good,,
R_1PUDNJmu4ul2oCQ,2,2,Male,1995,Working full-time,0,Master's degree,"$75,000 - $99,999 per year",Very good,90029,West
R_65aSkMPoqCKaEDL,5,5,Male,1977,Working full-time,2,Master's degree,"$125,000 - $190,000 per year",Very good,21234,South
R_7v0vZZhj3dcNWO1,6,4,Female,1969,Working part-time,0,Bachelor’s degree,"$125,000 - $190,000 per year",Good,28277,South
R_3mdRITMVIQnms2N,3,4,Male,2002,Working full-time,0,Bachelor’s degree,"$75,000 - $99,999 per year",Moderate ,,
R_7D77ba6E5ZX2aJj,5,4,Male,1994,Working full-time,3,Bachelor’s degree,"$125,000 - $190,000 per year",Moderate ,11743,Northeast
R_6qpz8kZLW83HCIU,2,2,Male,1984,Working full-time,0,Secondary school,"$25,000 - $49,999 per year",Moderate ,92078,West
R_3D5lJHP000iLLjN,2,2,Female,1995,Working full-time,0,Vocational or similar,"$100,000 - $124,999 per year",Bad,21015,South
R_6wnlDyZVW0P102o,3,5,Female,1999,Working full-time,1,Master's degree,"$125,000 - $190,000 per year",Moderate ,92103,West
R_7M3CX5B0Itu68Nh,1,1,Female,1992,Working part-time,0,Master's degree,"$45,000 - $74,999 per year",Moderate ,19104,Northeast
R_5KBlLU15f6I9gOS,1,1,Male,2001,Unemployed and looking for work,0,Secondary school,"Less than $25,000 per year",Bad,90280,West
R_74MD4oYQswF4CmR,3,3,Female,1991,Working full-time,0,Master's degree,"$75,000 - $99,999 per year",Good,,
R_1khKt4kCszD3uxJ,1,1,Female,1964,Working full-time,0,Vocational or similar,"$75,000 - $99,999 per year",Good,29832,South
R_3I5HtBBVibsA3W1,1,1,Male,1995,Working full-time,0,Vocational or similar,"$25,000 - $49,999 per year",Moderate ,77043,South
R_1g7wbAk2p64yq5b,6,5,Female,1995,A homemaker or stay-at-home parent,1,Vocational or similar,"$75,000 - $99,999 per year",Good,,
R_6HCyBwIMqnv4SKB,4,3,Female,1958,Working part-time,0,Bachelor’s degree,"$45,000 - $74,999 per year",Good,41015 ,South
R_4wF6ahdhtcuGAM6,1,2,Male,1992,Working full-time,0,Bachelor’s degree,"$75,000 - $99,999 per year",Moderate ,07601,Northeast
R_62LwnAKZVIELqNB,2,2,Male,1951,Working full-time,0,Bachelor’s degree,"$45,000 - $74,999 per year",Good,38122,South
R_774zqG4ZzF60NGx,4,4,Male,1999,Working part-time,3,Secondary school,"$75,000 - $99,999 per year",Good,10003,Northeast
R_58Gt3Emi2p36SWS,4,2,Male,1963,Working full-time,0,Vocational or similar,"$25,000 - $49,999 per year",Moderate ,11207,Northeast
R_1F0zsm3gXd7zOOR,1,1,Male,1963,Working full-time,0,Bachelor’s degree,"More than $190,000 per year",Good,85255,West
R_35iaHuF3YfEnVhD,3,2,Female,1963,Retired,0,Bachelor’s degree,"$100,000 - $124,999 per year",Moderate ,92240,West
R_6UYka0A1hi8J0aY,1,1,Male,1981,Other,0,Vocational or similar,"$45,000 - $74,999 per year",Bad,48006,Midwest
R_6CIA33aCleh9QIJ,1,1,Male,1962,Working full-time,0,Bachelor’s degree,"Less than $25,000 per year",Bad,30577,South
R_1eKQ8AkXefiGgiU,3,2,Female,2001,Working full-time,0,Secondary school,"Less than $25,000 per year",Moderate ,,
R_53sepk3wXIZaLcu,2,2,Female,1993,Working full-time,0,Bachelor’s degree,"More than $190,000 per year",Good,28729,South
R_6xxGsVzEAhqayDu,2,2,Male,1999,Unemployed and looking for work,0,Bachelor’s degree,"$45,000 - $74,999 per year",Good,60609,Midwest
R_7VuH6NE2VulbN9D,3,3,Male,1985,Working full-time,1,Master's degree,"$75,000 - $99,999 per year",Good,70122,South
R_7AwrSnnBYkcZgHf,3,3,Female,1984,Working full-time,2,Ph.D.,"More than $190,000 per year",Good,03885,Northeast
R_12JdkdGsGotai5k,1,1,Female,1972,Working full-time,0,Vocational or similar,"$125,000 - $190,000 per year",Good,,
R_7MPXKEHJ9II2JCK,4,4,Female,1983,Working full-time,2,Bachelor’s degree,"$125,000 - $190,000 per year",Good,07044,Northeast
R_6LNwBoDoMREoWHv,3,3,Male,1992,Working full-time,3,Bachelor’s degree,"$125,000 - $190,000 per year",Good,10031,Northeast
R_71hryBjvcTSVq1n,5,4,Male,1974,Working part-time,0,Bachelor’s degree,"Less than $25,000 per year",Very good,76543,South
R_6L0ycT5U50Ju6tr,2,2,Female,1962,Retired,0,Secondary school,"$100,000 - $124,999 per year",Good,45424,Midwest
R_5PiTwGhy6YhkhD1,2,2,Male,1994,Unemployed and looking for work,0,Vocational or similar,"$25,000 - $49,999 per year",Good,11223,Northeast
R_3eVlE9kx54OqhEd,5,3,Male,1962,Working part-time,0,Secondary school,"$45,000 - $74,999 per year",Good,33138,South
R_6ml3ZteR0dXMu1L,1,1,Male,1998,Working full-time,0,Bachelor’s degree,"$75,000 - $99,999 per year",Good,10005,Northeast
R_5R4rdpl6gRSI6LY,1,1,Female,1963,A homemaker or stay-at-home parent,0,Secondary school,"$75,000 - $99,999 per year",Good,29053,South
R_1lMIIFvbp1WjODs,5,4,Male,1990,Working full-time,2,Ph.D.,"$125,000 - $190,000 per year",Very good,,
R_7Ov4z62o0ofvCSE,1,1,Male,1953,Working full-time,0,Secondary school,"Less than $25,000 per year",Good,98115,West
R_1c5ZWLko6MpKGlP,1,1,Female,1972,Working full-time,1,Master's degree,"$75,000 - $99,999 per year",Moderate ,23454,South
R_5eFYRFtOqBlBzcl,1,1,Female,1958,Retired,0,Vocational or similar,"Less than $25,000 per year",Moderate ,01001,Northeast
R_1sDyXAoP59IYwvf,5,4,Female,1961,Working part-time,0,Vocational or similar,"Less than $25,000 per year",Very good,24311,South
R_7rvjBov1XjLrsxZ,2,1,Female,1952,Retired,0,Secondary school,"$25,000 - $49,999 per year",Good,33406,South
R_6NI2wIVuSYEdxz0,3,2,Male,1994,Working full-time,0,Bachelor’s degree,"$75,000 - $99,999 per year",Very good,60642,Midwest
R_5XceXJXk0iqHWaR,5,4,Female,1983,Working full-time,1,Vocational or similar,"$100,000 - $124,999 per year",Very good,89011,West
R_5eaNQjFGauQ1fbE,1,1,Male,1987,Working full-time,2,Bachelor’s degree,"$100,000 - $124,999 per year",Good,63141,Midwest
R_3h9CoGPEIO4qLwo,2,1,Female,1998,Working part-time,1,Vocational or similar,"Less than $25,000 per year",Moderate ,92503,West
R_1Kpi9XpQZw9DtLz,4,4,Male,1994,Working full-time,1,Bachelor’s degree,"$75,000 - $99,999 per year",Good,22192,South
R_7mICS8Eh1T9xCgu,2,2,Female,1989,A homemaker or stay-at-home parent,0,Bachelor’s degree,"More than $190,000 per year",Good,30101,South
R_5hAUdcdDHlETRU8,5,5,Male,1996,Working full-time,2,Bachelor’s degree,"$75,000 - $99,999 per year",Good,,
R_52Dd4CfBkJL1FvE,3,3,Male,1983,Working full-time,3,Master's degree,"$125,000 - $190,000 per year",Very good,,
R_7KPziFrY2FlEvYL,4,3,Female,1976,Working full-time,2,Master's degree,"$125,000 - $190,000 per year",Moderate ,33411,South
R_3dZjkn747coMPRZ,4,4,Male,1965,Working full-time,2,Bachelor’s degree,"$45,000 - $74,999 per year",Good,70820,South
R_5PpVYV2R59TkrV1,1,1,Female,1959,Retired,0,Bachelor’s degree,"$75,000 - $99,999 per year",Very good,02766,Northeast
R_7wNPHRk3N7upxzo,2,1,Female,2004,Student,0,Secondary school,"$125,000 - $190,000 per year",Good,,
R_1nNt0YbdmaZ9fd1,3,3,Female,2004,Student,0,Vocational or similar,"$25,000 - $49,999 per year",Bad,,
R_7Q4qfDK2h9YXhLu,2,1,Male,1955,Retired,1,Vocational or similar,"$75,000 - $99,999 per year",Bad,53403,Midwest
R_7Pjeg1ZfNpTUUaw,5,5,Male,1984,Working full-time,1,Master's degree,"$45,000 - $74,999 per year",Moderate ,34287,South
R_6BaWYD1Es9rSmqd,2,1,Male,1971,Working full-time,0,Vocational or similar,"$125,000 - $190,000 per year",Moderate ,15237,Northeast
R_5ocq6l0X1xWf7Dj,6,5,Male,1962,Retired,0,Bachelor’s degree,"$75,000 - $99,999 per year",Very good,85747,West
R_6nugRRGuRRGMmJ0,3,1,Male,1958,Retired,0,Bachelor’s degree,"Less than $25,000 per year",Good,34221,South
R_776ifkRDnBFgIG5,2,2,Female,1999,A homemaker or stay-at-home parent,2,Vocational or similar,"$25,000 - $49,999 per year",Moderate ,76010,South
R_5OyIx2edfZcTCSZ,4,4,Female,1997,Working full-time,0,Bachelor’s degree,"$75,000 - $99,999 per year",Moderate ,98121,West
R_17llboVR0cS0XqY,1,1,Female,1976,A homemaker or stay-at-home parent,1,Vocational or similar,"More than $190,000 per year",Very good,78732,South
R_3p3ZKyEfGjCpwo9,5,5,Male,1954,Retired,0,Secondary school,"$45,000 - $74,999 per year",Very good,75135,South
R_3DkciEtQ9MvaZfc,2,3,Male,1959,Retired,0,Ph.D.,"$125,000 - $190,000 per year",Very good,30276,South
R_1dqvYbCFVVi0SB3,3,2,Female,1962,Working full-time,0,Bachelor’s degree,"$45,000 - $74,999 per year",Good,52761,Midwest
R_1qnrzBXvv3DaRrP,3,3,Female,1961,Retired,0,Vocational or similar,"$25,000 - $49,999 per year",Moderate ,89403,West
R_7cd42kkydw60AJ9,4,5,Male,1994,Working part-time,0,Bachelor’s degree,"$45,000 - $74,999 per year",Good,27401,South
R_1cvmpqZGdQpgxzM,2,2,Male,1962,Working full-time,0,Bachelor’s degree,"More than $190,000 per year",Good,32257,South
R_1gIRLKa7ChmFhFm,3,2,Male,1962,Working full-time,0,Vocational or similar,"$125,000 - $190,000 per year",Very good,27312,South
R_3Ndch5EtvvGwLQZ,3,2,Female,1988,Working full-time,1,Bachelor’s degree,"$125,000 - $190,000 per year",Moderate ,97123,West
R_7dFR85B7oYuKUpI,2,3,Male,1984,Working part-time,1,Vocational or similar,"Less than $25,000 per year",Good,,
R_1vcCweorxR3dmxY,2,2,Male,2004,Working part-time,0,Secondary school,"Less than $25,000 per year",Good,47905,Midwest
R_5xWUCDBkiLqwRLk,6,5,Female,1988,Working part-time,1,Secondary school,"$125,000 - $190,000 per year",Very good,33761,South
R_30MPt9Sqjlmc3nm,4,4,Female,1996,Working full-time,0,Master's degree,"$100,000 - $124,999 per year",Good,07307,Northeast
R_6IFek84ba8jpDr3,3,3,Female,1994,Working full-time,3,Master's degree,"$75,000 - $99,999 per year",Very good,32034,South
R_6zOtknQT8tmlBYg,2,2,Female,1960,Retired,0,Vocational or similar,"Less than $25,000 per year",Good,72112,South
R_3fUBfE9899aVjuH,1,1,Female,1991,Working part-time,3,Secondary school,"$75,000 - $99,999 per year",Good,78550,South
R_3d3IcG8SSqNDiuE,1,1,Female,1992,Working full-time,0,Master's degree,"$125,000 - $190,000 per year",Good,64108,Midwest
R_7pS6puz4W6Aj8Qw,7,6,Male,1992,Working part-time,0,Vocational or similar,"$45,000 - $74,999 per year",Very good,92805,West
R_5fyNVzfkFNOsuvT,2,3,Male,1981,Unemployed and looking for work,1,Primary school,"$25,000 - $49,999 per year",Moderate ,06410,Northeast
R_3537o4XS7EtqBhv,6,4,Female,1989,Working full-time,0,Master's degree,"$125,000 - $190,000 per year",Very good,92243,West
R_7GoDFhNzX3raHex,5,5,Male,1953,Retired,0,Master's degree,"$75,000 - $99,999 per year",Good,27406,South
R_7HjWlmcx78DwoXn,1,3,Female,2001,Unemployed and looking for work,0,Bachelor’s degree,"$75,000 - $99,999 per year",Good,85756,West
R_3D7wj1Y9zjQ0lro,4,3,Male,1986,Working part-time,0,Secondary school,"$45,000 - $74,999 per year",Good,78233,South
R_6yorjDrbVi0DsMV,2,4,Female,1959,Retired,0,Vocational or similar,"$25,000 - $49,999 per year",Moderate ,89122,West
R_1pbUPaG91aidl8v,3,3,Male,1992,Working full-time,1,Master's degree,"$45,000 - $74,999 per year",Very good,19006,Northeast
R_3cSn10LtuxZr88T,3,1,Male,1956,Retired,0,Secondary school,"Less than $25,000 per year",Moderate ,06514,Northeast
R_5IkSON5ohRaM7Id,4,4,Female,2002,Working full-time,0,Bachelor’s degree,"$45,000 - $74,999 per year",Very good,75024,South
R_4XO1U3Zi4zoNGKJ,2,1,Male,1994,Working part-time,0,Secondary school,"$25,000 - $49,999 per year",Moderate ,32809,South
R_3TKJmyRjo2DdJRQ,2,1,Male,1990,Unemployed and looking for work,0,Bachelor’s degree,"$45,000 - $74,999 per year",Moderate ,90065,West
R_52LnDPJaUFzqutL,4,2,Female,1960,Working full-time,0,Bachelor’s degree,"$125,000 - $190,000 per year",Good,27295,South
R_7jcISW1Ktg2cMoI,1,1,Female,1964,Unemployed and looking for work,0,Secondary school,"$25,000 - $49,999 per year",Good,36522,South
R_6fxEwbAqR84udEt,3,1,Female,2001,Working full-time,0,Secondary school,"$45,000 - $74,999 per year",Moderate ,11434,Northeast
R_5TmGx79yOFqabtj,5,3,Female,1962,Working full-time,0,Bachelor’s degree,"$125,000 - $190,000 per year",Very good,32224,South
R_3BmuTV2OaOQOK9n,2,2,Female,1959,Retired,0,Ph.D.,"$75,000 - $99,999 per year",Good,19446,Northeast
R_3TvNf6229wkxYDY,1,1,Female,1991,Working full-time,2,Vocational or similar,"$25,000 - $49,999 per year",Moderate ,02893,Northeast
R_5pRm5e95NGBccJt,3,3,Female,1990,Working full-time,2,Bachelor’s degree,"$125,000 - $190,000 per year",Very good,,
R_3t0dbsu0FU7aSAm,5,4,Female,1984,Working full-time,0,Secondary school,"$100,000 - $124,999 per year",Very good,44410,Midwest
R_3UNBlQKIVCCAaaZ,6,5,Male,1977,Working full-time,1,Bachelor’s degree,"$100,000 - $124,999 per year",Very good,19018,Northeast
R_3gymwJIBp9FOZwZ,2,2,Male,1990,Unemployed and looking for work,0,Secondary school,"$45,000 - $74,999 per year",Good,,
R_5qy0Xo7ALXVLD3n,3,2,Female,1984,A homemaker or stay-at-home parent,2,Bachelor’s degree,"$75,000 - $99,999 per year",Good,28390,South
R_1f9UsIPjm1q3cFb,5,4,Female,1963,Retired,0,Vocational or similar,"$75,000 - $99,999 per year",Good,50644,Midwest
R_5HoSfmteSN3SMAV,4,2,Female,1975,A homemaker or stay-at-home parent,2,Bachelor’s degree,"$100,000 - $124,999 per year",Very good,92223,West
R_7pPXhJxKRBN9S9Z,1,1,Male,1955,Retired,0,Vocational or similar,"$25,000 - $49,999 per year",Good,75442,South
R_3AdpsqNTGGNdKyR,1,1,Male,1955,Retired,0,Bachelor’s degree,"$75,000 - $99,999 per year",Good,08857,Northeast
R_3jSk2lqpU8HlaN3,4,4,Female,1976,A homemaker or stay-at-home parent,3,Bachelor’s degree,"More than $190,000 per year",Good,55108,Midwest
R_3PdgsxwriEIC4gh,1,5,Male,1998,Working part-time,0,Secondary school,"Less than $25,000 per year",Bad,78721,South
R_7hYY9iDJn72XTW2,2,2,Male,1956,Retired,0,Vocational or similar,"$75,000 - $99,999 per year",Moderate ,14526,Northeast
R_6wT47PysnFw2maZ,4,4,Female,1962,Working full-time,0,Vocational or similar,"$75,000 - $99,999 per year",Moderate ,13324,Northeast
R_3Ic49N38edz3865,5,3,Male,1962,Retired,0,Bachelor’s degree,"$45,000 - $74,999 per year",Moderate ,44024,Midwest
R_3mttCm6ZLx9XdZ2,4,5,Female,1958,Retired,0,Bachelor’s degree,"$75,000 - $99,999 per year",Good,32233,South
R_7PvlVITrjCiIyMF,4,2,Male,1953,Retired,0,Bachelor’s degree,"$45,000 - $74,999 per year",Good,98801,West
R_3nUZTOIKdApUo39,1,2,Female,1995,Working full-time,0,Vocational or similar,"$125,000 - $190,000 per year",Good,78641,South
R_3ydo2sUwHk1uSul,2,4,Male,2004,Student,0,Bachelor’s degree,"Less than $25,000 per year",Good,02138,Northeast
R_74NIevI9ZXt2wQF,2,1,Male,2003,Working part-time,0,Bachelor’s degree,"$45,000 - $74,999 per year",Good,48222,Midwest
R_114QlKHXqdf6aRh,5,4,Female,1994,Working full-time,2,Bachelor’s degree,"$75,000 - $99,999 per year",Moderate ,92701,West
R_1OTsL7x1EtoSVYZ,1,1,Female,1956,Working full-time,0,Secondary school,"$25,000 - $49,999 per year",Very good,33903,South
R_5C1LqYBPGzdPl9T,2,1,Female,1978,Working full-time,0,Secondary school,"Less than $25,000 per year",Moderate ,32211,South
R_7pbXRZrKvDRP2xu,3,2,Female,1954,Retired,0,Vocational or similar,"$45,000 - $74,999 per year",Very good,77407,South
R_3ASCDbtqMds1dXd,1,1,Female,1963,Unemployed and looking for work,0,Secondary school,"Less than $25,000 per year",Very good,42164,South
R_1vCx77e1uSt9aQ9,2,2,Female,1958,Retired,0,Vocational or similar,"$45,000 - $74,999 per year",Bad,95118,West
R_7dSpIESUjmeJhTW,1,3,Female,1959,Working full-time,0,Secondary school,"$25,000 - $49,999 per year",Moderate ,71112,South
R_1eQ2Ykx2H8sEfD7,3,2,Male,1960,Working full-time,0,Secondary school,"$125,000 - $190,000 per year",Good,18707,Northeast
R_11YIH8sCgcKeG4r,5,2,Female,1962,Other,0,Bachelor’s degree,Prefer not to say,Very good,21152,South
R_7VPAmal4OJSikAk,4,3,Female,1956,Retired,0,Bachelor’s degree,"$75,000 - $99,999 per year",Good,91206,West
R_5MsUW1647sL636h,1,1,Male,1974,Working full-time,0,Bachelor’s degree,"More than $190,000 per year",Very good,10005,Northeast
R_6eL7lbqM8fsVMvM,2,3,Male,1946,Retired,0,Vocational or similar,"$45,000 - $74,999 per year",Moderate ,28098,South
R_5DMTXmwFN1qb1GM,5,4,Female,1964,Working part-time,0,Vocational or similar,"$45,000 - $74,999 per year",Very good,25177,South
R_6fk7UVxJmucED1h,3,3,Male,1964,Working part-time,0,Secondary school,"Less than $25,000 per year",Good,,
R_71gwJ6YmAuG9WBr,5,3,Female,1962,Retired,0,Vocational or similar,"$25,000 - $49,999 per year",Moderate ,17584,Northeast
R_3gFub6FJwX66Sw5,2,2,Female,1955,Retired,0,Vocational or similar,"$45,000 - $74,999 per year",Bad,18109,Northeast
R_65Ab5RaXmPIaE2Z,1,1,Female,1996,Working full-time,0,Bachelor’s degree,"$45,000 - $74,999 per year",Good,89139,West
R_7Q48pUP7NDjbrKh,2,2,Female,1946,Retired,0,Vocational or similar,"$25,000 - $49,999 per year",Very good,,
R_7pbS5N3VrPJxuOk,1,1,Female,1964,Retired,0,Secondary school,"$45,000 - $74,999 per year",Good,08075,Northeast
R_5EE7h72b9hbgvBn,3,4,Male,1953,Working part-time,0,Bachelor’s degree,"$25,000 - $49,999 per year",Good,21035,South
R_16bxS7Qq3FaloKb,5,5,Male,1946,Retired,0,Vocational or similar,"$25,000 - $49,999 per year",Moderate ,28364,South
R_3QAtoJMhekOb6EM,5,5,Female,1953,Working full-time,1,Secondary school,"Less than $25,000 per year",Moderate ,77840,South
R_72SieZVnaaDz3ga,3,2,Male,1964,Working part-time,0,Bachelor’s degree,"$25,000 - $49,999 per year",Moderate ,89122,West
R_3H8D6VMeKiZ21XY,5,3,Female,1960,Working part-time,0,Vocational or similar,"Less than $25,000 per year",Good,,
R_31tt7A1q0S0CSe4,1,1,Female,1964,Working full-time,0,Master's degree,"$45,000 - $74,999 per year",Very good,18612,Northeast
R_7CIIQCj0oIndqYX,2,3,Male,1986,Working full-time,1,Master's degree,"$125,000 - $190,000 per year",Good,04102,Northeast
R_6e9im3eqHWycZkI,2,1,Male,1958,Retired,0,Master's degree,"$45,000 - $74,999 per year",Very good,23454,South
R_7xDK60pCKkBIfga,5,5,Male,1951,Retired,0,Bachelor’s degree,"$100,000 - $124,999 per year",Good,01757,Northeast
R_3dGQ7K529oO3d4t,5,5,Male,1992,Working full-time,2,Bachelor’s degree,"$125,000 - $190,000 per year",Good,21215,South
R_7VxQhvWvZR7iVRi,2,1,Female,1963,A homemaker or stay-at-home parent,1,Secondary school,"$125,000 - $190,000 per year",Very good,49456,Midwest
R_30nCsz1CNxCVHWx,2,3,Female,1954,Retired,0,Vocational or similar,"Less than $25,000 per year",Good,76543,South
R_6bTRKTBjiIvbK7F,2,2,Male,1964,Working full-time,0,Vocational or similar,"$75,000 - $99,999 per year",Good,21214,South
R_50CV0NwoJpFVlWx,2,2,Male,1992,Working full-time,0,Bachelor’s degree,"$45,000 - $74,999 per year",Good,07304,Northeast
R_5AhhSc0J9syi9j3,2,2,Male,1993,Working full-time,0,Bachelor’s degree,"$45,000 - $74,999 per year",Good,,
R_6WMWqit77KtDpPf,2,3,Male,1945,Retired,0,Master's degree,"Less than $25,000 per year",Moderate ,05673,Northeast
R_3F2spE1mIl1bhvw,5,4,Female,1961,Retired,0,Vocational or similar,"$100,000 - $124,999 per year",Very good,85658,West
R_17VEV6ECoQCIyDx,1,1,Male,1981,Working full-time,2,Bachelor’s degree,"$75,000 - $99,999 per year",Moderate ,33170,South
R_3MOQHSgIaVbQyzv,1,1,Female,1957,Retired,0,Bachelor’s degree,"$125,000 - $190,000 per year",Good,42164,South
R_7lNKyIQjqj7vpS1,7,7,Female,1956,Retired,0,Vocational or similar,"$25,000 - $49,999 per year",Bad,80002,West
R_72X4u9zTLUx8P8x,4,4,Female,1995,Working full-time,0,Bachelor’s degree,"$75,000 - $99,999 per year",Very good,78704,South
R_6ClajJNTi9GVswu,3,3,Male,1959,Retired,0,Bachelor’s degree,"$25,000 - $49,999 per year",Very good,97402,West
R_3uVwSZ44zRnXad8,2,1,Male,1961,Working full-time,0,Bachelor’s degree,"$100,000 - $124,999 per year",Good,16335,Northeast
R_3f9ckeXd7AN5PDw,5,2,Female,1952,Retired,0,Vocational or similar,"$25,000 - $49,999 per year",Moderate ,12553,Northeast
R_7CH5YPbKMiX86S5,3,3,Female,1964,Retired,0,Secondary school,"$25,000 - $49,999 per year",Good,02649,Northeast
R_7hYzY4dLMnueKM9,3,2,Female,1963,Other,0,Bachelor’s degree,"$45,000 - $74,999 per year",Moderate ,34608,South
R_7Kxxi3XQLPRDWVy,4,3,Male,1962,Retired,0,Ph.D.,"$45,000 - $74,999 per year",Very good,,
R_7KYzV4EUgiWCt7X,5,4,Female,1964,Working full-time,1,Bachelor’s degree,"$75,000 - $99,999 per year",Good,,
R_6mKjeKgAO37KAa3,1,1,Female,1946,Working full-time,0,Secondary school,"$25,000 - $49,999 per year",Good,18706,Northeast
R_6vYB0TrCfH3JBza,2,1,Female,1950,Retired,0,Bachelor’s degree,"$25,000 - $49,999 per year",Good,18018,Northeast
R_5JJCqQob71jgN3b,2,2,Male,1961,Working part-time,0,Master's degree,"$25,000 - $49,999 per year",Good,19083,Northeast
R_3BkOiuLdJpim6qt,2,2,Female,1956,Unemployed and looking for work,0,Vocational or similar,"Less than $25,000 per year",Moderate ,85712,West
R_6D752Q8cSLye60F,5,4,Female,1957,Retired,0,Bachelor’s degree,"$75,000 - $99,999 per year",Very good,45230,Midwest
R_6ff6bQYPJLUesi0,4,3,Male,1943,Retired,0,Vocational or similar,"$25,000 - $49,999 per year",Good,74056,South
R_5I41M0ejXneKbXj,1,1,Female,1958,Retired,0,Vocational or similar,Prefer not to say,Very good,89129,West
R_50wnw0LYcLsASAh,5,4,Female,1955,Working part-time,0,Master's degree,"$125,000 - $190,000 per year",Good,94597,West
R_2rUsARXdQuQchGv,2,2,Male,1950,Retired,0,Bachelor’s degree,"$25,000 - $49,999 per year",Very good,18018,Northeast
R_5VjOm6sIRAzFl95,5,5,Male,1960,Retired,0,Bachelor’s degree,"$125,000 - $190,000 per year",Very good,11374,Northeast
R_6Hqx0aLmzpUBBhX,2,1,Female,1957,Other,0,Vocational or similar,"$25,000 - $49,999 per year",Moderate ,63701,Midwest
R_6IAFz0tKwxHwMST,2,3,Male,1950,Retired,0,Master's degree,"$125,000 - $190,000 per year",Bad,19111,Northeast
R_7EcIadIpgAUAKo5,4,4,Male,1960,Retired,0,Bachelor’s degree,"Less than $25,000 per year",Bad,85705,West
R_68ILotlqeBsIzgo,1,1,Male,1960,Working part-time,0,Vocational or similar,"Less than $25,000 per year",Moderate ,12203,Northeast
R_75tkNPi3eDzT5Hp,5,4,Female,1962,Retired,0,Bachelor’s degree,"$75,000 - $99,999 per year",Good,81507,West
R_1WUq8d3vb8Cy3qm,5,4,Female,2003,Student,0,Secondary school,"$25,000 - $49,999 per year",Bad,67401,Midwest
R_5tSlXrCN8GWjKiR,3,2,Male,1962,Working full-time,0,Master's degree,"$125,000 - $190,000 per year",Very good,55110,Midwest
R_7an7TGZq8d6P7dE,3,4,Female,1962,Working full-time,0,Bachelor’s degree,"$125,000 - $190,000 per year",Good,66224,Midwest
R_5OT1dj1C9x1F1Qd,5,5,Male,1990,Working full-time,1,Master's degree,"$100,000 - $124,999 per year",Very good,30003,South
R_1iHY0u8FDCKgwU5,4,2,Female,1963,Working full-time,0,Vocational or similar,"$45,000 - $74,999 per year",Good,27540,South
R_8ANCyiBT0dd2jUv,1,2,Male,1959,Working part-time,0,Bachelor’s degree,"$45,000 - $74,999 per year",Good,28787,South
R_1NUf3ypwg8j1bpL,4,4,Female,1946,Working full-time,0,Bachelor’s degree,"$25,000 - $49,999 per year",Bad,77568,South
R_5LL8nUZa5tbtHDb,1,1,Male,1956,Working full-time,0,Primary school,"$125,000 - $190,000 per year",Good,07072,Northeast
R_5qqTXXoYPXJfZJW,4,1,Female,1963,Working part-time,0,Bachelor’s degree,"$100,000 - $124,999 per year",Moderate ,20176,South
R_1zBV8GDuBRYgbq1,1,1,Male,1956,Working full-time,0,Bachelor’s degree,"$75,000 - $99,999 per year",Bad,,
R_5LifAZV2TO79XkB,3,2,Female,1961,Working full-time,0,Master's degree,"$45,000 - $74,999 per year",Good,36312,South
R_70U4XLh26xQTE9u,1,1,Male,1962,Working full-time,0,Bachelor’s degree,"$25,000 - $49,999 per year",Very bad,32926,South
R_8e5X7MHe8fOktTH,3,2,Male,1963,Working full-time,0,Master's degree,"$100,000 - $124,999 per year",Very good,10524,Northeast
R_70Uv1rliJCJ9IVc,1,3,Male,1964,Working full-time,0,Ph.D.,"$75,000 - $99,999 per year",Good,29407,South
R_5ghVuCKjdI37V8I,2,1,Female,1959,Retired,0,Vocational or similar,"Less than $25,000 per year",Moderate ,48730,Midwest
R_3FDNDXy9CcBtGRA,3,1,Male,1965,Working full-time,0,Vocational or similar,"$25,000 - $49,999 per year",Good,15301,Northeast
R_716WcVrykFV2S7R,5,4,Male,1988,Working part-time,0,Secondary school,"Less than $25,000 per year",Good,72023,South
R_5DUOz4MIAOXWU2z,2,3,Male,1975,Working full-time,0,Vocational or similar,"$45,000 - $74,999 per year",Moderate ,79106,South
R_1zdUrXJPjINfVKN,4,4,Female,1978,Working full-time,0,Bachelor’s degree,"$75,000 - $99,999 per year",Moderate ,30078,South
R_1obwi7NTw6nf19k,4,4,Female,1972,Working full-time,1,Master's degree,"$75,000 - $99,999 per year",Moderate ,65613,Midwest
R_5elEnH3k39H7gXO,3,2,Male,1964,Working full-time,0,Bachelor’s degree,"$100,000 - $124,999 per year",Good,,
R_1Vbqe8mPAXOJwxX,3,3,Male,1972,Working full-time,1,Master's degree,"More than $190,000 per year",Very good,10461,Northeast
R_3Xo0xx9OQFyNg2J,4,4,Male,2000,Working full-time,0,Bachelor’s degree,"$75,000 - $99,999 per year",Good,75247,South
R_1knzQDCVwBx1z06,2,2,Female,1989,A homemaker or stay-at-home parent,3,Bachelor’s degree,"$75,000 - $99,999 per year",Good,49426,Midwest
R_7dMJp5hMtKhNkUK,1,1,Male,1984,Working full-time,0,Vocational or similar,"$25,000 - $49,999 per year",Good,44052,Midwest
R_6kB9k6BO5jlJ80T,5,5,Male,1993,Working full-time,0,Secondary school,"More than $190,000 per year",Good,37129,South
R_3Y7SiFMRZTeLkJj,2,2,Female,1966,Working part-time,0,Vocational or similar,"$25,000 - $49,999 per year",Very good,13421,Northeast
R_7t2UP7sjw88RwF6,3,2,Male,1970,Working full-time,1,Bachelor’s degree,"More than $190,000 per year",Good,32073,South
R_5uEVLg7klTV0MQF,5,5,Female,1996,A homemaker or stay-at-home parent,2,Vocational or similar,"$45,000 - $74,999 per year",Very good,33037,South
R_5HHSHVBCDcKcrqa,2,2,Male,1991,Working full-time,1,Primary school,"$75,000 - $99,999 per year",Moderate ,48073,Midwest
R_7i3fbF9FkKyRbKQ,2,2,Male,1984,Working full-time,3,Bachelor’s degree,"$100,000 - $124,999 per year",Good,40475,South
R_6Y6dRbPJFEYiQeR,3,2,Male,1983,Working full-time,1,Bachelor’s degree,"$75,000 - $99,999 per year",Moderate ,45011,Midwest
R_1OL6HmGHSGWVpHH,5,4,Female,1982,Working full-time,2,Master's degree,"$100,000 - $124,999 per year",Good,05443,Northeast
R_1s0qYrP9SdiHpx8,1,1,Female,1977,Working full-time,2,Master's degree,"$45,000 - $74,999 per year",Good,75949,South
R_1JeYuQtyIFw0GkN,5,4,Female,1965,Working full-time,0,Vocational or similar,"$25,000 - $49,999 per year",Good,24089,South
R_5grFV3kMpQVN4A1,6,6,Male,1980,Working full-time,0,Ph.D.,"$75,000 - $99,999 per year",Moderate ,74743,South
R_3HptkxDz5ZGhknS,2,2,Male,1970,Working part-time,0,Master's degree,"$25,000 - $49,999 per year",Moderate ,,
R_5zeQz0vpsRkNJGp,2,1,Male,1979,Working part-time,0,Vocational or similar,"Less than $25,000 per year",Very good,33772,South
R_5tfeAtNTiozoTKx,3,2,Male,1984,Other,0,Vocational or similar,"$45,000 - $74,999 per year",Moderate ,30512,South
R_3o54DnwYEG2rHYt,1,1,Male,1979,Working full-time,1,Secondary school,"$25,000 - $49,999 per year",Good,45701,Midwest
R_5QVQ7VAtDiIxyCT,3,4,Male,1978,Working full-time,2,Vocational or similar,"$100,000 - $124,999 per year",Moderate ,50112,Midwest
R_52myWOZjoEBaflQ,5,6,Male,2001,Working full-time,1,Ph.D.,"$125,000 - $190,000 per year",Good,10001,Northeast
R_7NCgqq4rn5BuHpH,7,5,Female,1977,A homemaker or stay-at-home parent,2,Bachelor’s degree,"$125,000 - $190,000 per year",Good,04347,Northeast
R_3KNNPM5oUUsgzCL,1,1,Female,1987,Working full-time,2,Vocational or similar,"$45,000 - $74,999 per year",Good,54313,Midwest
R_3D25ZPBXTPQ3ICX,3,3,Male,1985,Working full-time,1,Bachelor’s degree,"$45,000 - $74,999 per year",Good,40403,South
R_1yOtoy1ognIEnHH,1,1,Female,1979,Working full-time,0,Vocational or similar,"Less than $25,000 per year",Moderate ,75228,South
R_5RfonKHwe6yoQbG,2,1,Female,1985,Working full-time,2,Secondary school,"$45,000 - $74,999 per year",Very good,,
R_1n4qqZJ4XVS6zOp,3,2,Female,1987,Working part-time,0,Vocational or similar,"$45,000 - $74,999 per year",Bad,48811,Midwest
R_3oZN1hZpGXYkbSD,1,1,Female,2002,Working full-time,0,Bachelor’s degree,"$100,000 - $124,999 per year",Good,33132,South
R_7IZ7f5tJti0SKqO,3,3,Male,1992,Working full-time,2,Bachelor’s degree,"$75,000 - $99,999 per year",Moderate ,,
R_7jUv5ORGVlZ1MiD,2,2,Male,1991,Working part-time,0,Secondary school,"$45,000 - $74,999 per year",Good,44314,Midwest
R_3D11ZfKxU7oKqKk,4,2,Male,1999,Unemployed and looking for work,0,Vocational or similar,"More than $190,000 per year",Moderate ,29621,South
R_60xe770zf3BWBsV,6,5,Female,1965,Working part-time,0,Bachelor’s degree,"$45,000 - $74,999 per year",Very good,21793,South
R_7m9u2k4y473FY6u,3,3,Male,1975,Unemployed and looking for work,1,Secondary school,"$45,000 - $74,999 per year",Good,01830,Northeast
R_3OV99KqROkbJIk9,1,1,Female,1976,Working part-time,1,Secondary school,"$75,000 - $99,999 per year",Good,07731,Northeast
R_5CPVguWVnKbpIIJ,4,4,Female,1988,Working part-time,1,Bachelor’s degree,"Less than $25,000 per year",Moderate ,24219,South
R_77HwSWpF9b4GtWt,1,1,Male,1992,Working full-time,1,Vocational or similar,"$45,000 - $74,999 per year",Good,15728,Northeast
R_72sAMPnc0zMxKOm,4,4,Female,1977,Working full-time,0,Vocational or similar,"$100,000 - $124,999 per year",Good,65781,Midwest
R_5WqGPnhkMRIcFtD,1,1,Female,1968,Retired,0,Vocational or similar,"Less than $25,000 per year",Very good,47802,Midwest
R_3lxKQlHp2Y3p03O,3,3,Male,1994,Working full-time,0,Bachelor’s degree,"$125,000 - $190,000 per year",Very good,60302,Midwest
R_7RwdjuUamcPOnLP,1,1,Male,1986,Working full-time,0,Ph.D.,"$100,000 - $124,999 per year",Very good,83402,West
R_3CwP9GOpCJ12AKj,5,3,Male,1996,Unemployed and looking for work,0,Secondary school,"Less than $25,000 per year",Moderate ,20855,South
R_7DHlc4tT09ElMU9,5,3,Female,1974,A homemaker or stay-at-home parent,0,Vocational or similar,"$75,000 - $99,999 per year",Good,29829,South
R_1M2x26c9cxFIkMh,3,1,Female,1979,Working full-time,0,Secondary school,"$25,000 - $49,999 per year",Good,49202,Midwest
R_7Sbu5BNWR9xW6l3,3,2,Female,1973,Working full-time,0,Bachelor’s degree,"$25,000 - $49,999 per year",Good,28803,South
R_79NNR0lIAzWjD9v,4,3,Male,1988,Working full-time,0,Bachelor’s degree,"$45,000 - $74,999 per year",Moderate ,22655,South
R_1NCdwcX7RoKvDKi,4,4,Female,1978,Working full-time,2,Secondary school,"$25,000 - $49,999 per year",Bad,16601,Northeast
R_3EvE4pjHwVE2ONr,3,2,Male,2000,Working full-time,0,Secondary school,"$45,000 - $74,999 per year",Moderate ,,
R_6jdr4BCOwvoyHQp,5,3,Female,1983,Working full-time,0,Secondary school,"$75,000 - $99,999 per year",Good,02837,Northeast
R_3KxAHa0GZqtLr7r,3,3,Male,1995,Working full-time,1,Bachelor’s degree,"$75,000 - $99,999 per year",Very good,85301,West
R_1MCxF6y75s3s8g1,1,1,Female,1983,Working part-time,1,Bachelor’s degree,"$100,000 - $124,999 per year",Moderate ,33463,South
R_5qrzaH4UeEZ9yXj,4,4,Male,1995,Working full-time,2,Bachelor’s degree,"$75,000 - $99,999 per year",Very good,10977,Northeast
R_6qJ0DILrwhlVise,5,5,Female,1984,A homemaker or stay-at-home parent,More than 3,Bachelor’s degree,"$125,000 - $190,000 per year",Very good,22015,South
R_3V9JwGkWrqGVc6i,5,5,Male,1987,Working full-time,3,Ph.D.,"$125,000 - $190,000 per year",Good,53207,Midwest
R_6YAkGsZchAGwZtT,7,6,Male,1990,Working full-time,0,Vocational or similar,"$25,000 - $49,999 per year",Very good,45342,Midwest
R_5HnwxtePf4JoyPi,4,3,Female,1981,A homemaker or stay-at-home parent,More than 3,Master's degree,"$75,000 - $99,999 per year",Good,17078,Northeast
R_1aqPxf9586PvtWa,1,1,Female,1970,Working part-time,0,Secondary school,"$100,000 - $124,999 per year",Moderate ,43130,Midwest
R_60GwT2f5OGtCdie,4,5,Female,1997,Working part-time,0,Secondary school,"$75,000 - $99,999 per year",Good,02019,Northeast
R_1pPS4sQQdgr2tYp,5,3,Female,1991,Working full-time,0,Bachelor’s degree,"$25,000 - $49,999 per year",Very good,01801,Northeast
R_3uUsiM7ecN1mAgR,3,3,Female,1973,Working full-time,0,Vocational or similar,"Less than $25,000 per year",Moderate ,,
R_1zBxsiD4hDoI14m,2,2,Female,2000,Working full-time,0,Bachelor’s degree,"$75,000 - $99,999 per year",Good,,
R_7q4kGHLdPFQ9LD2,3,3,Male,1990,Working full-time,1,Master's degree,"$100,000 - $124,999 per year",Good,22960,South
R_71Go6cgbEbIZEDc,1,1,Male,1980,Working full-time,2,Bachelor’s degree,"$25,000 - $49,999 per year",Good,48827,Midwest
R_5EEJFDdETAgM2Ei,2,2,Female,1976,Working full-time,0,Vocational or similar,"$45,000 - $74,999 per year",Very good,14551,Northeast
R_5hziOknY8rivq9Z,2,2,Female,1982,Student,2,Bachelor’s degree,"$100,000 - $124,999 per year",Good,30907,South
R_7gnXcy2bBi382HI,2,5,Female,1982,Working full-time,0,Vocational or similar,"$25,000 - $49,999 per year",Moderate ,17815,Northeast
R_7CDcn7TYro1lstl,1,1,Male,1983,Working full-time,2,Bachelor’s degree,"$100,000 - $124,999 per year",Good,33458,South
R_3aP6vZu9p4xxxZp,2,3,Male,2000,Working full-time,0,Bachelor’s degree,"$125,000 - $190,000 per year",Very good,55421,Midwest
R_7MRj244v4pu0nnq,1,1,Male,1986,Unemployed and looking for work,0,Master's degree,"$125,000 - $190,000 per year",Very good,06111,Northeast
R_7kiVKHW29yh0nO2,5,4,Female,2003,Working full-time,0,Vocational or similar,"$45,000 - $74,999 per year",Moderate ,16101,Northeast
R_1AF0ejA1ykUO9B7,3,2,Male,1998,Working full-time,0,Bachelor’s degree,"$75,000 - $99,999 per year",Good,23222,South
R_1x0ruauNsLcFYmR,6,5,Male,1987,Working full-time,1,Vocational or similar,"$75,000 - $99,999 per year",Good,44023,Midwest
R_3AMdlvo6PH3DF4P,4,3,Female,1977,Working full-time,1,Primary school,"$45,000 - $74,999 per year",Moderate ,60440,Midwest
R_5jepg7xE1xPrLwX,2,1,Female,1987,Working full-time,0,Secondary school,"$45,000 - $74,999 per year",Good,28320,South
R_7whKk8asCJPKfYC,5,2,Female,1983,Working full-time,2,Ph.D.,"More than $190,000 per year",Good,02865,Northeast
R_72SvWaa57wF0thL,1,1,Male,1993,Unemployed and looking for work,0,Bachelor’s degree,"Less than $25,000 per year",Good,91104,West
R_1svXo3HXV9vbftn,3,3,Male,1968,Working full-time,0,Master's degree,"$125,000 - $190,000 per year",Good,33771,South
R_76VHmTkp1fCyq89,3,3,Male,2000,Working full-time,0,Secondary school,"$45,000 - $74,999 per year",Good,19406,Northeast
R_7JJziUsHzk6JoaU,5,5,Female,1985,Working full-time,2,Bachelor’s degree,"More than $190,000 per year",Good,07751,Northeast
R_1bZyqdOub8S7UU1,3,3,Female,1979,Other,0,Vocational or similar,"$25,000 - $49,999 per year",Moderate ,,
R_7wcYPKaGk4xZfwV,2,1,Female,1984,Unemployed and looking for work,0,Bachelor’s degree,"Less than $25,000 per year",Moderate ,,
R_3hB4BLPHvUWN2Ol,3,3,Female,1992,Working full-time,0,Master's degree,"$25,000 - $49,999 per year",Moderate ,32312,South
R_7b4dysgQQhAyckw,4,3,Female,1980,Working full-time,0,Bachelor’s degree,"$125,000 - $190,000 per year",Good,10118,Northeast
R_1HGKt0baOonQ8DQ,2,2,Male,1980,Working full-time,0,Bachelor’s degree,"$75,000 - $99,999 per year",Moderate ,27006,South
R_533XYHCJ78DuVwm,1,1,Male,1990,Working full-time,0,Primary school,"$25,000 - $49,999 per year",Very good,85308,West
R_6OUamuAxXg1U6Zz,3,3,Female,1982,Working full-time,0,Bachelor’s degree,"$125,000 - $190,000 per year",Very good,48047,Midwest
R_6JLEsw4vfWwpwVb,7,6,Female,1987,A homemaker or stay-at-home parent,1,Bachelor’s degree,"$75,000 - $99,999 per year",Very good,,
R_1mgRDF54EiILUFE,2,1,Male,1980,Working full-time,0,Secondary school,"$25,000 - $49,999 per year",Moderate ,97206,West
R_5KpRcSPsIdKqsAj,1,1,Female,1992,A homemaker or stay-at-home parent,2,Bachelor’s degree,"$45,000 - $74,999 per year",Good,32778,South
R_7cqlRd6orpelK1M,2,1,Female,1989,A homemaker or stay-at-home parent,2,Bachelor’s degree,"$75,000 - $99,999 per year",Good,,
R_1LBe6Pz5VsPUluh,1,1,Female,1988,Working full-time,0,Bachelor’s degree,"$25,000 - $49,999 per year",Moderate ,,
R_3JeZHUMDkrxLXav,5,5,Male,1990,Working full-time,3,Bachelor’s degree,"$75,000 - $99,999 per year",Good,28311,South
R_6b1TdYhNv7abcYN,1,1,Female,1995,Working full-time,1,Bachelor’s degree,"$45,000 - $74,999 per year",Very good,,
R_1XhCKKGFK56A6Vb,3,1,Female,1992,A homemaker or stay-at-home parent,0,Vocational or similar,"Less than $25,000 per year",Moderate ,37310,South
R_1b3NdcEFSj37483,4,3,Female,1991,A homemaker or stay-at-home parent,2,Bachelor’s degree,"$45,000 - $74,999 per year",Good,32234,South
R_6XdMMU2SGrhnFfD,4,4,Male,1993,Working part-time,More than 3,Secondary school,"Less than $25,000 per year",Good,70586,South
R_5DPHfvmLRpO4tXP,5,3,Female,1977,Working part-time,1,Secondary school,"$25,000 - $49,999 per year",Good,65803,Midwest
R_3mFxAPtjwqrqVSE,1,1,Male,2000,Working full-time,0,Secondary school,"$25,000 - $49,999 per year",Very good,19533,Northeast
R_6eyM7BJLUrxHe6D,1,1,Male,1994,Working full-time,0,Secondary school,"Less than $25,000 per year",Bad,40218,South
R_3ZijQjoUpxfKqv7,5,2,Female,1986,Unemployed and looking for work,0,Vocational or similar,"Less than $25,000 per year",Good,35650,South
R_5PJzksMcJv4YJ0t,3,2,Male,1975,A homemaker or stay-at-home parent,2,Bachelor’s degree,"$45,000 - $74,999 per year",Moderate ,21144,South
R_15eQdspGXZ10Ew1,5,2,Male,1971,Working part-time,0,Secondary school,"Less than $25,000 per year",Moderate ,42141,South
R_6GOlJPOxpMsEq7U,3,3,Male,1999,Working full-time,0,Primary school,"$45,000 - $74,999 per year",Very good,36854,South
R_5irolFtWsPhZQpC,6,5,Female,1986,Working part-time,0,Secondary school,"Less than $25,000 per year",Good,32331,South
R_3VZz8GBJVTu2c6Z,2,1,Female,1966,Working full-time,0,Bachelor’s degree,"Less than $25,000 per year",Good,70460,South
R_1IfJ4XfEOTDLdMB,3,3,Female,1987,Working full-time,1,Bachelor’s degree,"$45,000 - $74,999 per year",Good,,
R_7vYwNRid5yNgV3e,2,2,Male,1983,Working full-time,2,Ph.D.,"More than $190,000 per year",Good,01833,Northeast
R_5aH20m1BEceDaUN,3,3,Male,1983,Working full-time,0,Secondary school,"$25,000 - $49,999 per year",Good,41311,South
R_13B9kDfRdY9Bx0A,3,2,Male,1996,Working part-time,0,Bachelor’s degree,"Less than $25,000 per year",Very good,11374,Northeast
R_3ZPmruHEM3TeJOx,4,3,Female,1973,A homemaker or stay-at-home parent,0,Vocational or similar,"$45,000 - $74,999 per year",Good,29681,South
R_6kRKj9xcZhjFzMJ,4,2,Female,1978,Working part-time,0,Bachelor’s degree,"$75,000 - $99,999 per year",Very good,17543,Northeast
R_727zmUHDe9WEbpn,4,3,Female,1965,Working part-time,0,Bachelor’s degree,"$25,000 - $49,999 per year",Good,16801,Northeast
R_3rTcUS322abqMPm,3,3,Female,1980,Working part-time,0,Vocational or similar,"$25,000 - $49,999 per year",Good,01590,Northeast
R_3DvidTMRJsvCSuQ,6,5,Male,1983,Working full-time,0,Vocational or similar,"$25,000 - $49,999 per year",Bad,49221,Midwest
R_7AQdCgaC1E0MibH,4,4,Female,1979,Working part-time,2,Master's degree,"More than $190,000 per year",Very good,19341,Northeast
R_6VeV9VqioBdVxTa,6,4,Female,1987,Working full-time,1,Secondary school,"$75,000 - $99,999 per year",Moderate ,43551,Midwest
R_6WOyktZVTc2UW5r,2,1,Female,1991,Other,0,Secondary school,"Less than $25,000 per year",Bad,,
R_1NdeSNLaQvU1G5r,2,1,Male,1986,A homemaker or stay-at-home parent,0,Secondary school,"$45,000 - $74,999 per year",Moderate ,24018,South
R_54Pi4z2dZzP4wrF,5,4,Male,1984,Working full-time,1,Master's degree,"More than $190,000 per year",Very good,80134,West
R_5mjkuAO16rb8X6x,1,1,Male,1973,Working full-time,1,Vocational or similar,"$75,000 - $99,999 per year",Moderate ,37779,South
R_6It1oVLuhFPE1w9,3,2,Male,1976,Working full-time,0,Vocational or similar,"Less than $25,000 per year",Moderate ,62626,Midwest
R_7S9OVPoZx0CCDsZ,2,1,Male,1981,Working full-time,0,Bachelor’s degree,"$45,000 - $74,999 per year",Moderate ,68128,Midwest
R_5Jmkir3Wwx2675d,3,3,Female,1975,Working full-time,0,Vocational or similar,"$25,000 - $49,999 per year",Good,37821,South
R_7isaveXEuq8LZyP,5,4,Female,1978,Working full-time,2,Bachelor’s degree,"More than $190,000 per year",Very good,85142,West
R_6uHWdjO9rBcDiCo,5,5,Male,2000,Working full-time,2,Bachelor’s degree,"$125,000 - $190,000 per year",Good,30002,South
R_7NI2DwvWsS0WAx8,5,5,Male,2000,Working full-time,2,Bachelor’s degree,"$125,000 - $190,000 per year",Good,30002,South
R_5j80omRQRaSHyG8,4,4,Male,1965,Working full-time,0,Primary school,"$45,000 - $74,999 per year",Good,46516,Midwest
R_6R9sybPVZibInsy,2,2,Female,1983,Working full-time,0,Secondary school,"$45,000 - $74,999 per year",Good,67460,Midwest
R_7VctJ5GzOSNaUE1,3,2,Male,1982,Working full-time,1,Vocational or similar,"More than $190,000 per year",Good,21703,South
R_3ydspEiLjWZImtv,3,2,Female,2001,Unemployed and looking for work,2,Vocational or similar,"$100,000 - $124,999 per year",Moderate ,47670,Midwest
R_6PvgOqk4wz9aryj,3,3,Female,1988,Working full-time,2,Secondary school,"$25,000 - $49,999 per year",Very good,77571,South
R_6agWI5KJT7nb7EB,3,2,Male,1978,Working part-time,0,Secondary school,"$25,000 - $49,999 per year",Moderate ,60304,Midwest
R_3oHevFzKQpEWEXx,2,2,Female,1973,Working full-time,0,Bachelor’s degree,"$100,000 - $124,999 per year",Good,77379,South
R_3rj7giHoGEDajMf,3,3,Female,1971,Retired,0,Vocational or similar,"$100,000 - $124,999 per year",Very good,70123,South
R_7rHleKs4cFjJ5X8,1,1,Female,1984,Working full-time,1,Bachelor’s degree,"$45,000 - $74,999 per year",Moderate ,11967,Northeast
R_56CfOwkkNvUVTYl,5,6,Male,1973,Working full-time,0,Bachelor’s degree,"$75,000 - $99,999 per year",Good,44440,Midwest
R_5f1ASiocrYmo5Hb,3,1,Male,1986,Other,2,Bachelor’s degree,"$45,000 - $74,999 per year",Very bad,27295,South
R_7qvEbQy1BlmsON2,2,2,Male,1971,Working full-time,0,Master's degree,"$125,000 - $190,000 per year",Good,30101,South
R_5wagDRtXrPoiYSO,4,4,Female,1986,Working full-time,0,Bachelor’s degree,"$45,000 - $74,999 per year",Good,78664,South
R_6Y9wRZQIUAxswi5,2,2,Female,1982,A homemaker or stay-at-home parent,More than 3,Bachelor’s degree,"$100,000 - $124,999 per year",Good,,
R_55sfbuE9J7X792D,5,4,Male,1981,Working full-time,2,Bachelor’s degree,"More than $190,000 per year",Good,35221,South
R_3nVoB0SLUqhMye8,4,5,Female,2000,Working full-time,0,Bachelor’s degree,"$45,000 - $74,999 per year",Moderate ,21128,South
R_7QWYAF0sIHfa39g,1,1,Male,1987,Working full-time,2,Bachelor’s degree,"More than $190,000 per year",Very good,,
R_7KvYBbJf0JFF58Z,3,2,Male,1988,Unemployed and looking for work,0,Master's degree,"$25,000 - $49,999 per year",Very bad,34476,South
R_7SCQZluGTnh6q6n,3,5,Male,1977,Working full-time,3,Bachelor’s degree,"$125,000 - $190,000 per year",Very good,32208,South
R_7KjcHxhFnmQMAEr,6,4,Male,1977,Working full-time,1,Bachelor’s degree,"$45,000 - $74,999 per year",Good,20001,South
R_6nTQ3g0jY3fizCx,3,3,Female,1971,Working full-time,0,Ph.D.,"$45,000 - $74,999 per year",Good,37912,South
R_7kStL2OthSFqWIh,1,3,Female,1974,Working full-time,0,Bachelor’s degree,"$25,000 - $49,999 per year",Moderate ,01027,Northeast
R_6q25KN7BGTQUX7H,5,3,Female,1976,Working part-time,0,Bachelor’s degree,"$25,000 - $49,999 per year",Good,43162,Midwest
R_7pAmfc19No1a8kX,4,3,Female,1976,Working full-time,0,Bachelor’s degree,"$75,000 - $99,999 per year",Very good,18612,Northeast
R_7p8papMALDu6yad,4,4,Female,1977,Working part-time,1,Master's degree,"$125,000 - $190,000 per year",Good,76082,South
R_7NUP7GEgjdGKfkK,1,1,Male,1967,Working full-time,2,Bachelor’s degree,"$25,000 - $49,999 per year",Moderate ,38501,South
R_1fbQ6ZlbTaoUKtj,6,6,Female,1997,Working full-time,0,Primary school,"$25,000 - $49,999 per year",Moderate ,,
R_5Opn9CXoZHCdWQ1,1,2,Female,1976,Working full-time,2,Master's degree,"$125,000 - $190,000 per year",Very good,70390,South
R_6E6ShqxHIro2K3t,2,2,Male,1982,Working part-time,2,Bachelor’s degree,"$45,000 - $74,999 per year",Moderate ,47933,Midwest
R_6po0O2AQ5SKa1Ft,5,3,Male,1976,Working full-time,1,Master's degree,"More than $190,000 per year",Good,60606,Midwest
R_6gT95ibmnQwTvk9,3,3,Male,1994,Working part-time,0,Master's degree,"$25,000 - $49,999 per year",Moderate ,,
R_75ZA3qXNxxzQUfX,2,3,Male,1992,Working full-time,0,Bachelor’s degree,"$125,000 - $190,000 per year",Very good,10001,Northeast
R_1HPXSRKxtNuaUal,5,5,Female,1970,Working full-time,0,Master's degree,"$45,000 - $74,999 per year",Good,59047,West
R_3U9FoyyhZWasGM9,4,3,Female,2001,Unemployed and looking for work,1,Secondary school,"Less than $25,000 per year",Moderate ,02861,Northeast
R_1fHU08HjYG5J8Bz,6,5,Female,1981,Working full-time,1,Bachelor’s degree,"$100,000 - $124,999 per year",Very good,65809,Midwest
R_6ZbQa749fNt2Xbr,2,1,Female,1975,Working full-time,0,Vocational or similar,"Less than $25,000 per year",Very good,25054,South
R_6TYoVH89k8cnIPp,1,2,Female,2003,Student,0,Bachelor’s degree,"More than $190,000 per year",Good,11598,Northeast
R_5hEHBpJrTVmTkUZ,3,2,Female,1978,A homemaker or stay-at-home parent,1,Master's degree,"$45,000 - $74,999 per year",Good,80911,West
R_7aiaQLsSDWwVbnr,2,1,Male,1997,Working part-time,1,Secondary school,"$45,000 - $74,999 per year",Bad,35178,South
R_1UbmBH5iy015PQx,4,4,Female,1975,Working full-time,0,Bachelor’s degree,"$100,000 - $124,999 per year",Good,33635,South
R_3E9YeD7HxhKgfZc,5,5,Female,1976,Working full-time,3,Vocational or similar,"$100,000 - $124,999 per year",Moderate ,27889,South
R_5OlDCjLYcPdZBRJ,4,2,Male,1987,Working full-time,1,Master's degree,"$45,000 - $74,999 per year",Good,45719,Midwest
R_6hzBshkNYe47vIy,2,4,Male,1986,Other,0,Bachelor’s degree,"$25,000 - $49,999 per year",Bad,,
R_10uvtOlUSbRTwOt,5,5,Female,1983,Working full-time,0,Bachelor’s degree,"$25,000 - $49,999 per year",Good,40014,South
R_3F3sZHg1Unlnivc,1,2,Female,1978,Working full-time,1,Master's degree,"More than $190,000 per year",Very good,33073,South
R_5OVDzdp7F24L9h8,3,3,Female,1996,Student,0,Master's degree,"$100,000 - $124,999 per year",Very good,23228,South
R_5bQJ8O3Vpdrk9hv,3,3,Male,1975,Working full-time,0,Bachelor’s degree,"$75,000 - $99,999 per year",Very good,37601,South
R_67li3bqFNfp3BV2,3,4,Female,1998,Unemployed and looking for work,0,Bachelor’s degree,"$25,000 - $49,999 per year",Moderate ,38866,South
R_75ZyS4PQlpps2Qi,5,5,Male,1974,Working part-time,0,Bachelor’s degree,"$25,000 - $49,999 per year",Moderate ,30506,South
R_3F4VDxyIbVtF3XR,3,3,Male,1989,Working full-time,0,Secondary school,"$25,000 - $49,999 per year",Good,29061,South
R_3uKYztvQrhyhzY4,4,3,Male,1985,Other,0,Secondary school,"$25,000 - $49,999 per year",Moderate ,91950,West
R_6f9HxZy08HsyGU2,4,4,Male,1985,Working full-time,1,Bachelor’s degree,"More than $190,000 per year",Good,53821,Midwest
R_1rMK9lh75QL0S4m,2,1,Female,1999,Working part-time,0,Bachelor’s degree,"$45,000 - $74,999 per year",Moderate ,02066,Northeast
R_6CAcDkkU9rdRH3z,1,1,Male,1973,Working full-time,1,Secondary school,"$45,000 - $74,999 per year",Good,32309,South
R_3nPCjTWuYalNAQR,5,3,Male,1999,Working full-time,0,Bachelor’s degree,"$45,000 - $74,999 per year",Very good,80252,West
R_1Xjp3rrrxU44C69,4,3,Male,1975,Working full-time,0,Bachelor’s degree,"$25,000 - $49,999 per year",Good,43701,Midwest
R_1glWswFIOoLEhpf,1,3,Female,1974,Retired,0,Vocational or similar,"$25,000 - $49,999 per year",Moderate ,31525,South
R_7wNPtpNq46b35P2,5,4,Female,1976,Working full-time,0,Secondary school,"$25,000 - $49,999 per year",Good,,
R_69QA0ZAvMqkX6V3,4,5,Male,1995,Working full-time,2,Bachelor’s degree,"$100,000 - $124,999 per year",Good,11729,Northeast
R_7TZ7sLW41Wfdfsn,6,3,Male,1993,Working full-time,1,Bachelor’s degree,"$75,000 - $99,999 per year",Very good,46714,Midwest
R_5awMQtZCS46GK1O,2,2,Male,1979,Working full-time,2,Vocational or similar,"$100,000 - $124,999 per year",Moderate ,10704,Northeast
R_7lMkVZj8gpmu8If,5,3,Male,1976,Working part-time,0,Bachelor’s degree,"Less than $25,000 per year",Good,16148,Northeast
R_6J3nQaZf9A2CHep,4,4,Female,2001,Working part-time,2,Secondary school,"$45,000 - $74,999 per year",Moderate ,,
R_3HIAFBZc6fKLXp4,5,3,Male,1973,Working full-time,1,Bachelor’s degree,"More than $190,000 per year",Good,80528,West
R_3uyMiK0xjJVTIwT,4,2,Male,1970,Working full-time,0,Bachelor’s degree,"$125,000 - $190,000 per year",Very good,48160,Midwest
R_3G0v8fMHAMsiTXM,2,3,Male,1974,Working full-time,0,Master's degree,"$125,000 - $190,000 per year",Bad,01106,Northeast
R_13vGnqatn392Sw6,2,2,Male,1986,Working full-time,0,Secondary school,"$75,000 - $99,999 per year",Moderate ,76063,South
R_3NyYCJzhJsgp5KJ,3,3,Male,1995,Working full-time,0,Secondary school,"$25,000 - $49,999 per year",Good,21213,South
R_7Vsvu8zqXGUlpAD,4,4,Male,2003,Working part-time,0,Secondary school,"$100,000 - $124,999 per year",Very good,,
R_77qxIA261lhflzp,3,5,Female,1997,Working part-time,0,Vocational or similar,"$25,000 - $49,999 per year",Good,40741,South
R_5MXsG9UfhZBra5w,5,5,Male,1975,Working full-time,1,Vocational or similar,"More than $190,000 per year",Good,19610,Northeast
R_1LSUYzKcMEpqy8o,2,1,Male,1975,Unemployed and looking for work,0,Vocational or similar,"$45,000 - $74,999 per year",Bad,45885,Midwest
R_7ttiBU0mmK27rnK,5,3,Female,1975,Working full-time,0,Master's degree,"$125,000 - $190,000 per year",Very good,98026,West
R_7GZg4hByjwtYujY,3,3,Male,1979,Working full-time,3,Master's degree,"$75,000 - $99,999 per year",Good,30019,South
R_5R95FPXE6REF5O0,2,2,Male,1996,Working full-time,0,Secondary school,"$25,000 - $49,999 per year",Good,52403,Midwest
R_6Pd5lEqXWKzDoS7,3,2,Female,1992,Working full-time,0,Vocational or similar,"$75,000 - $99,999 per year",Good,28677,South
R_1952x4hOAtGDH4T,5,5,Male,1979,Working full-time,0,Secondary school,"$25,000 - $49,999 per year",Good,48618,Midwest
R_55tO9fGRO5hbpTv,3,3,Male,1976,Working part-time,1,Master's degree,"$45,000 - $74,999 per year",Moderate ,06787,Northeast
R_68NZHMrLwg91g7J,2,2,Male,1972,Working full-time,0,Bachelor’s degree,"$125,000 - $190,000 per year",Very good,27587,South
R_1wahmYAfk67hcgR,2,1,Male,1976,Other,0,Bachelor’s degree,"$75,000 - $99,999 per year",Bad,,
R_62ONTTGzwlqFt9Y,1,2,Female,1971,Working part-time,0,Vocational or similar,"Less than $25,000 per year",Good,34488,South
R_5rpGe7HIO5bwIvz,2,1,Female,1978,Working full-time,0,Secondary school,"$100,000 - $124,999 per year",Good,37144,South
R_1njVCeF4p0GlGI9,2,1,Female,1998,Working part-time,0,Bachelor’s degree,"$25,000 - $49,999 per year",Very good,80252,West
R_1eX5Z76sOHWe7iB,5,5,Female,1972,Working part-time,1,Ph.D.,"$125,000 - $190,000 per year",Good,78620,South
R_5Spoo4QRhGJCvOB,4,3,Female,1979,Unemployed and looking for work,0,Bachelor’s degree,"$25,000 - $49,999 per year",Good,94533,West
R_55KGTITKNV8mjTd,2,3,Male,1977,Working full-time,2,Master's degree,"$75,000 - $99,999 per year",Good,29334,South
R_5ir43cPYsk7pRYv,3,2,Female,1974,Working full-time,0,Bachelor’s degree,"$75,000 - $99,999 per year",Moderate ,43609,Midwest
R_7ec5o3wZpdKVC37,5,5,Male,1995,Working full-time,0,Master's degree,"$75,000 - $99,999 per year",Good,70452,South
R_62NgDlRJH3csV3P,2,2,Male,1970,Working full-time,0,Secondary school,"$75,000 - $99,999 per year",Good,17545,Northeast
R_3lxChReWPjFNdcd,2,2,Female,1999,Student,0,Master's degree,"$25,000 - $49,999 per year",Good,32606,South
R_1g8skMFesPcBxCe,1,1,Female,1965,Retired,0,Bachelor’s degree,"$25,000 - $49,999 per year",Moderate ,33573,South
R_3k0AyT7GwPQU4i5,1,1,Female,1996,Working full-time,2,Vocational or similar,"$100,000 - $124,999 per year",Good,66007,Midwest
R_6wajDDS0n8LfsRt,3,3,Female,1968,A homemaker or stay-at-home parent,0,Vocational or similar,"$100,000 - $124,999 per year",Moderate ,34436,South
R_1O8qkWjyx8WZ626,3,5,Male,1997,Working full-time,1,Master's degree,"$125,000 - $190,000 per year",Good,33126,South
R_3wnaQzV28x7p0Gw,4,4,Male,1978,Working full-time,2,Bachelor’s degree,"More than $190,000 per year",Very good,43040,Midwest
R_5hL6XsDXzkqR0sr,2,1,Male,1991,Unemployed and looking for work,1,Secondary school,"$125,000 - $190,000 per year",Good,98396,West
R_5EMR5Yc0R7YI94G,2,3,Male,1981,Working full-time,0,Bachelor’s degree,"$125,000 - $190,000 per year",Very good,27502,South
R_1rCLT30VCMXSkMC,4,1,Male,1969,Working full-time,0,Ph.D.,"$75,000 - $99,999 per year",Moderate ,48186,Midwest
R_1Po1raO98eKy7oT,3,3,Female,1984,Working full-time,2,Vocational or similar,"$75,000 - $99,999 per year",Moderate ,79934,South
R_79ofk6ZxOfJaZ0n,5,3,Male,1997,Working full-time,0,Primary school,"$45,000 - $74,999 per year",Good,16105,Northeast
R_5KZLKMHJ0DYhoKu,4,4,Male,1993,Working full-time,0,Secondary school,"$100,000 - $124,999 per year",Moderate ,08312,Northeast
R_5KSDjCJqe4chiS7,3,5,Male,1999,Working part-time,0,Bachelor’s degree,"$75,000 - $99,999 per year",Good,30301,South
R_6WUMJ4Iv84NbfQ5,2,1,Female,1976,Unemployed and looking for work,1,Bachelor’s degree,"$75,000 - $99,999 per year",Good,80550,West
R_638XMxeAn9imYem,4,4,Male,1975,Working full-time,0,Secondary school,"$45,000 - $74,999 per year",Good,02645,Northeast
R_17dsmweh6bDnPr5,5,4,Male,1996,Working full-time,2,Bachelor’s degree,"$25,000 - $49,999 per year",Very good,72653,South
R_6LRkNJ5m97eBDE5,4,1,Male,1968,Working full-time,0,Secondary school,"$45,000 - $74,999 per year",Moderate ,76028,South
R_3SpG9cTi9HXAqVm,5,4,Male,1965,Working full-time,0,Master's degree,"$125,000 - $190,000 per year",Very good,13502,Northeast
R_6PYn17xvyjvLY4U,2,1,Female,1970,Other,0,Secondary school,"$25,000 - $49,999 per year",Good,93021,West
R_3jIamMLsgUUn2w1,3,2,Male,1999,Student,0,Primary school,"$25,000 - $49,999 per year",Moderate ,77340,South
R_3NgAbEGkVdHN4uj,2,2,Male,1965,Working full-time,0,Bachelor’s degree,"$100,000 - $124,999 per year",Good,72703,South
R_3rlGVYZkQSH4wjI,4,4,Female,1995,A homemaker or stay-at-home parent,2,Bachelor’s degree,"$45,000 - $74,999 per year",Good,20112,South
R_6SNT7Jr4IqgDtzr,5,5,Female,1979,Working full-time,2,Master's degree,"More than $190,000 per year",Good,10583,Northeast
R_3MwI7Sdd9ZuTNDj,2,5,Male,1998,Working part-time,0,Bachelor’s degree,"$100,000 - $124,999 per year",Good,75270,South
R_6nu6vNmvwYYF1kd,5,5,Male,1979,Working full-time,1,Vocational or similar,"$45,000 - $74,999 per year",Bad,43311,Midwest
R_6SACdyYN5LQWTbM,5,5,Female,1970,Working full-time,0,Bachelor’s degree,"$25,000 - $49,999 per year",Moderate ,42519,South
R_5ErOxzPfDhPrSa0,4,3,Male,1977,Working full-time,1,Vocational or similar,"$100,000 - $124,999 per year",Good,11704,Northeast
R_7AsrtQZMXwq641j,5,5,Male,1994,Working full-time,0,Master's degree,"$45,000 - $74,999 per year",Very good,,
R_1PY8D4z44OIfBHO,5,5,Female,1969,Working part-time,1,Secondary school,"$25,000 - $49,999 per year",Good,02861,Northeast
R_3JFUGttgjJ08MyG,5,5,Male,1999,Working full-time,0,Bachelor’s degree,"$75,000 - $99,999 per year",Very good,,
R_5LgOlQznHlzrukh,7,7,Male,1971,Working full-time,0,Bachelor’s degree,"More than $190,000 per year",Good,48236,Midwest
R_5Ey1jXhmoWYQ9e1,3,2,Female,1967,Working full-time,More than 3,Vocational or similar,"$100,000 - $124,999 per year",Bad,32113,South
R_55DcffHoOKoJCpj,1,4,Female,1996,Other,0,Bachelor’s degree,"$25,000 - $49,999 per year",Moderate ,43462,Midwest
R_7nAxhIAmCLatdEk,5,5,Female,1969,Working full-time,1,Bachelor’s degree,"$75,000 - $99,999 per year",Good,76901,South
R_5f30GaWSe50WgyU,7,6,Female,1966,Working part-time,0,Bachelor’s degree,"$125,000 - $190,000 per year",Very good,30009,South
R_7q4CwP6txrjU6WH,5,5,Male,1974,Working part-time,0,Vocational or similar,"$45,000 - $74,999 per year",Bad,44055,Midwest
R_6QH5yWiTL4pt0oN,3,3,Male,1967,Working full-time,0,Bachelor’s degree,"$125,000 - $190,000 per year",Moderate ,82443,West
R_1OUrpCPYKJUO71C,2,2,Female,1976,Working part-time,0,Secondary school,"$100,000 - $124,999 per year",Good,70068,South
R_1DRT5x1hUiViqEO,4,3,Male,1965,Retired,0,Bachelor’s degree,"$125,000 - $190,000 per year",Very good,03057,Northeast
R_6axZvUvUhW3T2vS,2,1,Male,1965,Other,0,Vocational or similar,"$45,000 - $74,999 per year",Bad,60004,Midwest
R_16hJCJYfMiwu1SF,2,2,Male,1966,Working part-time,0,Bachelor’s degree,"Less than $25,000 per year",Good,46902,Midwest
R_52NAdQDgBYvgXuN,1,1,Male,1973,Working part-time,0,Secondary school,"$25,000 - $49,999 per year",Good,34652,South
R_6HTgg93oqDQDBuP,5,5,Female,1973,Working part-time,More than 3,Bachelor’s degree,"$125,000 - $190,000 per year",Very good,64119,Midwest
R_7bq3dA4v8xQ2001,2,2,Male,1974,Working full-time,0,Secondary school,"$45,000 - $74,999 per year",Good,49802,Midwest
R_62UZE9518pK5k3d,6,5,Female,1965,Working full-time,1,Secondary school,"$75,000 - $99,999 per year",Good,37066,South
R_3QMbqMvwQmIE9nk,1,1,Male,1966,Working full-time,0,Bachelor’s degree,"$45,000 - $74,999 per year",Bad,03060,Northeast
R_500Ex5P1gSc6Wao,3,2,Male,1999,Working part-time,0,Secondary school,"Less than $25,000 per year",Good,34203,South
R_5lhugODb0QMzaXE,3,2,Female,1975,Working full-time,0,Bachelor’s degree,"$45,000 - $74,999 per year",Very good,59801,West
R_5DSdMgaOaJh1ypB,4,4,Male,1977,Working full-time,0,Bachelor’s degree,"$45,000 - $74,999 per year",Moderate ,35016,South
R_3Ge8lCtbYtsgZr5,3,2,Female,1966,Retired,0,Master's degree,"$100,000 - $124,999 per year",Very good,30642,South
R_1dYQBxqsJj6JQqX,1,1,Male,1964,Retired,0,Secondary school,"$75,000 - $99,999 per year",Moderate ,78254,South
R_3Yy4ePSt4W0Znew,2,2,Female,1974,Working full-time,1,Bachelor’s degree,"$75,000 - $99,999 per year",Good,62220,Midwest
R_86c1lcCUcVUxfa6,6,5,Female,1994,Working full-time,2,Bachelor’s degree,"$25,000 - $49,999 per year",Very good,23601,South
R_1RqhqKqSy1iGnTf,3,3,Male,1978,Working full-time,0,Vocational or similar,"$25,000 - $49,999 per year",Good,85225,West
R_1maNKK4wgjyZNsJ,4,5,Male,1975,Working full-time,2,Bachelor’s degree,"$75,000 - $99,999 per year",Good,04330,Northeast
R_6MG1wv2rbLHLOOm,3,3,Female,1977,Working full-time,2,Bachelor’s degree,"$75,000 - $99,999 per year",Very good,02360,Northeast
R_1IoXytDfk3CWelN,4,3,Female,1966,Working full-time,0,Vocational or similar,"$25,000 - $49,999 per year",Moderate ,32218,South
R_6dfhML9tvbvayqZ,3,1,Female,1972,Other,0,Secondary school,"Less than $25,000 per year",Good,29045,South
R_7x8GClfvXpyekXD,2,2,Male,1989,Working part-time,0,Secondary school,"$25,000 - $49,999 per year",Moderate ,47403,Midwest
R_5fwJO6yqfsmwwKS,4,4,Female,2000,Working full-time,0,Bachelor’s degree,"$45,000 - $74,999 per year",Good,60601,Midwest
R_1dQt6x8sliLGyGZ,5,7,Male,1964,Working full-time,0,Bachelor’s degree,"$75,000 - $99,999 per year",Very good,27817,South
R_7TYrVQNHgFJuo6Y,4,3,Female,1973,Working full-time,0,Secondary school,"$25,000 - $49,999 per year",Moderate ,49331,Midwest
R_7xtlqfqYgFIheKt,1,1,Female,1966,Working part-time,0,Bachelor’s degree,"$75,000 - $99,999 per year",Moderate ,49405,Midwest
R_1ieYsLF8eFd3rbX,4,4,Male,1976,Working full-time,2,Bachelor’s degree,"$100,000 - $124,999 per year",Good,08085,Northeast
R_7TFC4d3wc9zgDhU,2,2,Female,1972,Working full-time,0,Bachelor’s degree,"More than $190,000 per year",Good,55379,Midwest
R_1zScRfmdCAZhysE,3,2,Female,1968,Working full-time,0,Ph.D.,"$100,000 - $124,999 per year",Good,23235,South
R_6hzZUZjIlZDVIYh,1,1,Female,1979,Working full-time,1,Bachelor’s degree,"$100,000 - $124,999 per year",Good,18708,Northeast
R_7HddIm4djr9uYxc,3,2,Female,1971,Unemployed and looking for work,2,Bachelor’s degree,"$25,000 - $49,999 per year",Moderate ,44314,Midwest
R_1wGoKrzoOKPzJqt,7,5,Female,1978,Working full-time,0,Master's degree,"$45,000 - $74,999 per year",Very good,85032,West
R_6nd5Da8IROZDOgF,5,5,Male,1992,Working full-time,2,Bachelor’s degree,"$45,000 - $74,999 per year",Very good,75204,South
R_6szhCXFiJiWUmaV,2,2,Female,1973,Working full-time,0,Ph.D.,"More than $190,000 per year",Good,33437,South
R_5Jsi93NTEI0DAfR,4,4,Female,1978,Working full-time,0,Vocational or similar,"$45,000 - $74,999 per year",Very good,60013,Midwest
R_1IZwnBUNKYLQwy5,3,2,Female,1975,Unemployed and looking for work,0,Secondary school,"Less than $25,000 per year",Moderate ,33540,South
R_6pnx4GKmVHCqv3m,5,5,Female,1976,Retired,0,Bachelor’s degree,"$45,000 - $74,999 per year",Very good,28540,South
R_5fqExJSjfqujTdU,2,2,Female,1969,Working full-time,0,Vocational or similar,"$25,000 - $49,999 per year",Good,14223,Northeast
R_7hGeMvleIqomTqJ,2,2,Female,1974,Working full-time,0,Bachelor’s degree,"$125,000 - $190,000 per year",Good,75228,South
R_1MMvrNwIxOBaLu6,4,3,Female,1973,Working full-time,0,Bachelor’s degree,"$45,000 - $74,999 per year",Moderate ,27278,South
R_707hR3T40PSQY13,2,2,Female,1979,Working part-time,1,Secondary school,"$100,000 - $124,999 per year",Moderate ,97236,West
R_7qw3xv4FzfPP8yZ,1,2,Female,1970,Working full-time,0,Bachelor’s degree,"More than $190,000 per year",Moderate ,,
R_3GexEZFyiYU4WbZ,2,1,Male,1972,Working full-time,2,Ph.D.,"$100,000 - $124,999 per year",Good,77099,South
R_7Ok0yJxWVZlDrJl,3,2,Female,1978,Working full-time,1,Master's degree,"$125,000 - $190,000 per year",Moderate ,07204,Northeast
R_3MgSozxRy0QDhcJ,3,3,Female,1979,Working part-time,1,Secondary school,"$45,000 - $74,999 per year",Good,63090,Midwest
R_5hQqh7S6dlE70Ne,3,3,Female,1976,Working part-time,0,Bachelor’s degree,"$125,000 - $190,000 per year",Very good,15139,Northeast
R_11vxMqkZjO8BMsu,2,3,Female,1978,Working part-time,0,Secondary school,"$25,000 - $49,999 per year",Moderate ,29732,South
R_1dv3SWLlVFlSUPV,3,2,Female,1978,Working full-time,0,Secondary school,"$45,000 - $74,999 per year",Good,21207,South
R_5uCfuwFesmGiLaH,2,2,Male,1974,Working full-time,1,Master's degree,"$125,000 - $190,000 per year",Very good,44883,Midwest
R_1C3EaVm2lb14u9r,6,6,Male,1973,Working full-time,0,Vocational or similar,"$45,000 - $74,999 per year",Good,,
R_62wf09TX2mX3lXr,1,1,Female,1971,A homemaker or stay-at-home parent,0,Secondary school,"Less than $25,000 per year",Bad,75563,South
R_6YyyYLG0TwL2Yfm,4,3,Female,1968,Unemployed and looking for work,0,Secondary school,"$45,000 - $74,999 per year",Good,48042,Midwest
R_7uJ6Q2xGSl0oDQt,2,2,Male,1975,Working full-time,2,Bachelor’s degree,"More than $190,000 per year",Good,30062,South
R_6jD1QGZkmcVm5xR,6,5,Female,1992,Working full-time,2,Bachelor’s degree,"$25,000 - $49,999 per year",Very good,33871,South
R_5Ci6QCRMBOWyFup,1,1,Male,1970,Unemployed and looking for work,0,Secondary school,"Less than $25,000 per year",Moderate ,30680,South
R_7I5dbJnyrAM5Vvj,2,1,,,Working full-time,2,Master's degree,Prefer not to say,Very good,,
R_6VvpR3zkKm1lhWp,2,3,Male,1992,Working full-time,3,Master's degree,"$100,000 - $124,999 per year",Moderate ,33327,South
R_3LXtzRcSRuNNl8S,1,1,Female,1978,Working full-time,1,Vocational or similar,"$75,000 - $99,999 per year",Very good,44807,Midwest
R_3DiGl2Yye7VIcYr,5,5,Female,1975,A homemaker or stay-at-home parent,0,Vocational or similar,"$75,000 - $99,999 per year",Good,47394,Midwest
R_7kRLLRlljE8lARR,3,3,Female,1974,Working full-time,1,Bachelor’s degree,"$125,000 - $190,000 per year",Very good,44133,Midwest
R_7Ceiyxu3RwxZCW5,4,3,Female,1971,A homemaker or stay-at-home parent,0,Secondary school,"More than $190,000 per year",Good,51503,Midwest
R_5qPQuJ4pKXtNk00,7,7,Female,1991,Working full-time,1,Bachelor’s degree,"$75,000 - $99,999 per year",Very good,38834,South
R_1T4kTBVJ7TWkF6p,5,5,Male,1993,Working full-time,2,Master's degree,"$75,000 - $99,999 per year",Very good,73023,South
R_3ClddPSDPxSUy40,2,2,Male,1989,Working full-time,1,Bachelor’s degree,"$75,000 - $99,999 per year",Good,33101,South
R_3K3WLkTEZgFB31J,1,1,Female,1984,Working full-time,1,Bachelor’s degree,"$125,000 - $190,000 per year",Good,27406,South
R_7LCnYZmCMlZ1rv9,5,5,Male,1996,Working full-time,1,Master's degree,"$100,000 - $124,999 per year",Very good,27604,South
R_7TReYBPQrFB5daF,3,3,Male,1985,A homemaker or stay-at-home parent,2,Bachelor’s degree,"$100,000 - $124,999 per year",Very good,27104,South
R_7dsxTDJShpBCBwn,2,2,Male,1987,Working full-time,1,Bachelor’s degree,"$25,000 - $49,999 per year",Good,33712,South
R_11j4RWE0xOYTMzv,3,2,Female,1950,Retired,0,Bachelor’s degree,"$75,000 - $99,999 per year",Very good,34219,South
R_3BeC85pn442wHUC,1,2,Female,1973,Working part-time,0,Vocational or similar,"$45,000 - $74,999 per year",Good,37321,South
R_7lMshUtSme3BT0V,3,3,Male,1981,Working full-time,0,Bachelor’s degree,"$45,000 - $74,999 per year",Moderate ,19422,Northeast
R_6irGdhY2lmrWZN6,1,1,Female,1963,Retired,0,Vocational or similar,"$25,000 - $49,999 per year",Very bad,49544,Midwest
R_1TpdXgT5V0GrM3B,2,1,Female,1969,A homemaker or stay-at-home parent,1,Bachelor’s degree,"$45,000 - $74,999 per year",Moderate ,38017,South
R_3wJCKPZlvPG98Ot,5,3,Female,1961,Working full-time,0,Vocational or similar,"$75,000 - $99,999 per year",Moderate ,77011,South
R_1OBzYV3WumIUqL7,2,1,Male,1981,Working full-time,1,Bachelor’s degree,"$25,000 - $49,999 per year",Good,78109,South
R_77WI3sl7fvwk84S,1,1,Male,1959,Working full-time,0,Vocational or similar,"$75,000 - $99,999 per year",Good,91911,West
R_3vt5W1AuaQfaP0B,4,3,Female,1973,Working part-time,0,Vocational or similar,"Less than $25,000 per year",Good,84067,West
R_5SJlkvHskmEwzjf,1,1,Male,1942,Retired,0,Master's degree,"$25,000 - $49,999 per year",Very good,46728,Midwest
R_3FbmcduSWF0xz4G,2,2,Male,1963,Retired,0,Secondary school,"Less than $25,000 per year",Moderate ,32348,South
R_7WTFpD2CdxT7OjP,2,2,,,Unemployed and looking for work,0,Bachelor’s degree,Prefer not to say,Good,,
R_5RhentY8fX76cbn,2,1,Male,1999,Working part-time,0,Secondary school,"$25,000 - $49,999 per year",Moderate ,30088,South
R_5ivakyndjS2YP4d,2,1,Female,1991,A homemaker or stay-at-home parent,0,Bachelor’s degree,"$25,000 - $49,999 per year",Moderate ,29615,South
R_62Mux3l5VxEN46Q,2,2,Female,1965,Working full-time,0,Vocational or similar,"$25,000 - $49,999 per year",Moderate ,33019,South
R_7iqSg9r3YMuOvJT,4,3,Female,1994,Working full-time,1,Bachelor’s degree,"$25,000 - $49,999 per year",Good,10012,Northeast
R_7ivuy0JC2yLBQvT,3,3,Male,1994,Working full-time,0,Bachelor’s degree,"Less than $25,000 per year",Good,77469,South
R_3CgAQOiNoKGZklE,2,1,Male,1971,Working full-time,0,Master's degree,"$75,000 - $99,999 per year",Good,45701,Midwest
R_6lG71B54AO71Ifn,5,5,Male,2000,Working full-time,0,Bachelor’s degree,"$25,000 - $49,999 per year",Very good,90012,West
R_6KCsoYncohiNr0O,4,4,Male,1995,Working full-time,1,Bachelor’s degree,"$45,000 - $74,999 per year",Good,92019,West
R_1aXZZG0AXCl5ITT,1,1,Female,1959,Working full-time,0,Vocational or similar,"$25,000 - $49,999 per year",Good,52336,Midwest
R_1Jypw8o7iQR0ni9,2,2,Female,1962,Retired,0,Vocational or similar,"$100,000 - $124,999 per year",Moderate ,33755,South
R_18wS1MeolzjB3Q5,3,3,Male,1997,Working full-time,0,Bachelor’s degree,Prefer not to say,Prefer not to say,,
R_5O1hCCXvB7YFMbP,5,4,Female,1977,A homemaker or stay-at-home parent,2,Vocational or similar,"$25,000 - $49,999 per year",Very good,45385,Midwest
R_5z8DMi9Ld4UOtkm,5,6,Female,1999,Working full-time,0,Bachelor’s degree,"$45,000 - $74,999 per year",Good,10012,Northeast
R_5zhwkkbDRbnEJ5V,5,5,Female,1976,Working full-time,0,Vocational or similar,"$25,000 - $49,999 per year",Moderate ,14904,Northeast
R_1Ybkh2c2gIy9Dgp,3,2,Male,1984,Working full-time,0,Bachelor’s degree,"$125,000 - $190,000 per year",Very good,32579,South
R_60jW33wydaPII8x,3,2,Female,1963,Unemployed and looking for work,0,Secondary school,"$25,000 - $49,999 per year",Moderate ,05401,Northeast
R_3rVDRxmOb2nZMVK,5,3,Female,1960,Working full-time,0,Vocational or similar,"$125,000 - $190,000 per year",Good,20906,South
R_7PuivOvQz9qB0ry,7,7,Male,1988,Working part-time,1,Master's degree,"$45,000 - $74,999 per year",Good,63130,Midwest
R_71T4a23Dhsa4A3S,3,3,Female,1983,A homemaker or stay-at-home parent,More than 3,Bachelor’s degree,"More than $190,000 per year",Moderate ,19342,Northeast
R_7hS7z9dYWQSbph8,3,2,Female,1977,Working full-time,0,Secondary school,"$100,000 - $124,999 per year",Very good,31305,South
R_6ilKte1jeNTcfWg,4,4,Female,1969,Other,0,Bachelor’s degree,"$25,000 - $49,999 per year",Good,60044,Midwest
R_7ri5BrhArpfMxiu,2,2,Male,1981,Working full-time,0,Bachelor’s degree,"Less than $25,000 per year",Good,42071,South
R_7ltwXNyNw9Vud3o,2,2,Male,1959,Working part-time,0,Secondary school,"$100,000 - $124,999 per year",Moderate ,70005,South
R_3GEjuZ2RkdCBUn7,1,1,Male,,Working full-time,0,Primary school,"$25,000 - $49,999 per year",Bad,,
R_3SUER5i3AKtRr57,1,1,Female,1988,A homemaker or stay-at-home parent,2,Bachelor’s degree,"$75,000 - $99,999 per year",Good,,
R_3IiJSCit2InmlAd,4,4,Female,1988,A homemaker or stay-at-home parent,3,Bachelor’s degree,"$75,000 - $99,999 per year",Good,29569,South
R_6WvthHYAxQB8LC4,2,1,Female,1972,Working full-time,0,Bachelor’s degree,"$75,000 - $99,999 per year",Moderate ,72143,South
